sample,patient,vessel,seed,group,n_edges,pred_gt_length_ratio,broken_edge_fraction_5x,signed_excess_mm,positive_excess_mm
101_LCA,101,LCA,104729,always_consecutive,1050,1.483207277152729,0.015238095238095238,217.36001048449288,303.6399047537757
101_LCA,101,LCA,104729,rescued,84,42.131804419455925,0.7738095238095238,1279.3221412476669,1279.3221412476669
101_LCA,101,LCA,104729,sacrificed,31,0.8921279157475394,0.0,-1.475791485087772,1.3066767808296886
101_LCA,101,LCA,104729,always_nonconsecutive,14,42.95106440452674,0.7142857142857143,209.10544966581688,209.10544966581688
101_LCA,101,LCA,130363,always_consecutive,1050,1.497898827554204,0.017142857142857144,223.96867657933052,312.0192091936257
101_LCA,101,LCA,130363,rescued,84,42.072945008686595,0.7857142857142857,1277.4914375262817,1277.4914375262817
101_LCA,101,LCA,130363,sacrificed,31,0.8270490721511735,0.0,-2.3661312231621676,0.7797898939131933
101_LCA,101,LCA,130363,always_nonconsecutive,14,53.025623411157255,0.7857142857142857,259.3221776837826,259.3221776837826
101_LCA,101,LCA,155921,always_consecutive,1050,1.4952203634989687,0.017142857142857144,222.76382929607183,302.2168076118301
101_LCA,101,LCA,155921,rescued,84,36.97455796167819,0.7619047619047619,1118.9163512652244,1118.9163512652244
101_LCA,101,LCA,155921,sacrificed,31,1.009426701490811,0.03225806451612903,0.12896613511280802,2.755861362550518
101_LCA,101,LCA,155921,always_nonconsecutive,14,38.223678897400376,0.7142857142857143,185.54175500769864,185.54175500769864
101_LCA,101,LCA,181081,always_consecutive,1050,1.6247422031582448,0.01619047619047619,281.026338487159,338.4176443759401
101_LCA,101,LCA,181081,rescued,84,40.94859917319446,0.7857142857142857,1242.520919163019,1242.520919163019
101_LCA,101,LCA,181081,sacrificed,31,1.3519777236520931,0.03225806451612903,4.815386029722378,6.501911123253869
101_LCA,101,LCA,181081,always_nonconsecutive,14,49.14295764174604,0.7857142857142857,239.96899599127704,239.96899599127704
101_LCA,101,LCA,205019,always_consecutive,1050,1.4275326986586003,0.014285714285714285,192.31604377002105,262.3827871708555
101_LCA,101,LCA,205019,rescued,84,65.75201365668971,0.75,2013.9812957534775,2014.4373747787863
101_LCA,101,LCA,205019,sacrificed,31,2.9638852875310193,0.03225806451612903,26.86779628957907,28.806021828855474
101_LCA,101,LCA,205019,always_nonconsecutive,14,77.77551499297225,0.7142857142857143,382.6882300559173,382.6882300559173
101_RCA,101,RCA,104729,always_consecutive,570,1.3672618680912747,0.005263157894736842,89.62412855210184,119.03735926488827
101_RCA,101,RCA,104729,rescued,21,45.60474063308525,0.8571428571428571,377.81767362130626,377.81767362130626
101_RCA,101,RCA,104729,sacrificed,14,4.99455700750987,0.07142857142857142,26.023360021314815,26.49407910949943
101_RCA,101,RCA,104729,always_nonconsecutive,4,43.526283571978034,1.0,75.28132536741727,75.28132536741727
101_RCA,101,RCA,130363,always_consecutive,570,1.4700922325592825,0.005263157894736842,114.71816255034356,140.78086762931815
101_RCA,101,RCA,130363,rescued,21,53.03209261017708,0.8571428571428571,440.7299292542868,440.7299292542868
101_RCA,101,RCA,130363,sacrificed,14,1.1938134787538683,0.0,1.2626376154134547,1.9985131214579628
101_RCA,101,RCA,130363,always_nonconsecutive,4,58.366181066782765,1.0,101.55136492623856,101.55136492623856
101_RCA,101,RCA,155921,always_consecutive,570,1.3377346884170367,0.007017543859649123,82.41851322193304,113.09875014233691
101_RCA,101,RCA,155921,rescued,21,55.32079784633375,0.8571428571428571,460.11605897181306,460.11605897181306
101_RCA,101,RCA,155921,sacrificed,14,0.9673834872261386,0.0,-0.21248695486339436,1.273013525368019
101_RCA,101,RCA,155921,always_nonconsecutive,4,51.346862775279156,1.0,89.12555340979695,89.12555340979695
101_RCA,101,RCA,181081,always_consecutive,570,1.9459966508340285,0.014035087719298246,230.85469200721798,250.06270387559027
101_RCA,101,RCA,181081,rescued,21,49.02585817696066,0.9047619047619048,406.79572961415516,406.79572961415516
101_RCA,101,RCA,181081,sacrificed,14,1.238776976233475,0.0,1.5555615317649965,2.3037031750303836
101_RCA,101,RCA,181081,always_nonconsecutive,4,56.115653376262664,1.0,97.56741210723267,97.56741210723267
101_RCA,101,RCA,205019,always_consecutive,570,1.6573472693621911,0.014035087719298246,160.4146286105812,183.36737198546766
101_RCA,101,RCA,205019,rescued,21,58.466392465351745,0.9523809523809523,486.76033992143806,486.76033992143806
101_RCA,101,RCA,205019,sacrificed,14,1.1639571481387319,0.0,1.0681324327230102,1.4680723898678503
101_RCA,101,RCA,205019,always_nonconsecutive,4,59.315033286461166,1.0,103.23105209086714,103.23105209086714
107_LCA,107,LCA,104729,always_consecutive,841,1.4638306308731106,0.011890606420927468,185.81187322098117,273.0726416863872
107_LCA,107,LCA,104729,rescued,104,94.86386973880649,0.9038461538461539,3965.0680169907373,3965.0680169907373
107_LCA,107,LCA,104729,sacrificed,25,0.9987727224849525,0.0,-0.01454115784494281,2.312133577399
107_LCA,107,LCA,104729,always_nonconsecutive,17,105.11502138896607,0.9411764705882353,766.9127034460863,766.9127034460863
107_LCA,107,LCA,130363,always_consecutive,841,1.421952929926816,0.011890606420927468,169.03554681845046,281.2328518285147
107_LCA,107,LCA,130363,rescued,104,95.7837765018866,0.8557692307692307,4003.9274087359554,4003.9274087359554
107_LCA,107,LCA,130363,sacrificed,25,0.6892625705746797,0.0,-3.681711718991422,0.0013414571877331527
107_LCA,107,LCA,130363,always_nonconsecutive,17,113.47462863780791,0.9411764705882353,828.4896873378289,828.4896873378289
107_LCA,107,LCA,155921,always_consecutive,841,1.3540188999596678,0.0178359096313912,141.82098071727523,241.5966527112563
107_LCA,107,LCA,155921,rescued,104,86.60535691416709,0.8846153846153846,3616.205721413045,3616.205721413045
107_LCA,107,LCA,155921,sacrificed,25,0.7357209995361177,0.0,-3.1312581007401827,0.30447220054392876
107_LCA,107,LCA,155921,always_nonconsecutive,17,93.79702111496053,0.9411764705882353,683.5441551622263,683.5441551622263
107_LCA,107,LCA,181081,always_consecutive,841,1.3460562232298108,0.014268727705112961,138.63110971577893,239.36862583741572
107_LCA,107,LCA,181081,rescued,104,52.5653638617308,0.8653846153846154,2178.26279271872,2178.5344765446916
107_LCA,107,LCA,181081,sacrificed,25,0.8201687230060385,0.0,-2.1306957490583875,0.39754871332550823
107_LCA,107,LCA,181081,always_nonconsecutive,17,62.113409998018696,0.9411764705882353,450.16223262627744,450.16223262627744
107_LCA,107,LCA,205019,always_consecutive,841,1.4258294693848288,0.014268727705112961,170.5884995782812,261.5953276194667
107_LCA,107,LCA,205019,rescued,104,110.49401688999856,0.9230769230769231,4625.328421153768,4625.328421153768
107_LCA,107,LCA,205019,sacrificed,25,0.8615635926314862,0.0,-1.6402367242541023,0.8365474949072003
107_LCA,107,LCA,205019,always_nonconsecutive,17,128.01356921573858,0.9411764705882353,935.5837269404992,935.5837269404992
107_RCA,107,RCA,104729,always_consecutive,930,1.1698784882530517,0.013978494623655914,72.47561443932106,172.7065457715838
107_RCA,107,RCA,104729,rescued,23,70.81918014031693,0.782608695652174,740.2321359027775,740.2321359027775
107_RCA,107,RCA,104729,sacrificed,15,0.8436081000091773,0.0,-1.2829327089760123,1.0658335173580376
107_RCA,107,RCA,104729,always_nonconsecutive,4,77.69203448206767,1.0,149.25565841901533,149.25565841901533
107_RCA,107,RCA,130363,always_consecutive,930,1.3552897753734534,0.024731182795698924,151.57801931838662,257.1016283199339
107_RCA,107,RCA,130363,rescued,23,41.53872912681072,0.782608695652174,429.79694101270536,429.79694101270536
107_RCA,107,RCA,130363,sacrificed,15,0.727514699522832,0.0,-2.2352839547177963,0.6422582506795059
107_RCA,107,RCA,130363,always_nonconsecutive,4,31.47572034258586,1.0,59.31090153293579,59.31090153293579
107_RCA,107,RCA,155921,always_consecutive,930,1.240532739939817,0.015053763440860216,102.6189854829866,198.50017187738896
107_RCA,107,RCA,155921,rescued,23,51.28789515948916,0.7391304347826086,533.158882260611,533.158882260611
107_RCA,107,RCA,155921,sacrificed,15,1.4221583810544522,0.06666666666666667,3.4631000419772384,6.175646741608882
107_RCA,107,RCA,155921,always_nonconsecutive,4,53.70317862634384,1.0,102.5692913191556,102.5692913191556
107_RCA,107,RCA,181081,always_consecutive,930,1.2843002187809667,0.016129032258064516,121.29159644210455,215.24799946528282
107_RCA,107,RCA,181081,rescued,23,53.17311291631161,0.7391304347826086,553.1462090090768,553.1462090090768
107_RCA,107,RCA,181081,sacrificed,15,0.7897897210241882,0.0,-1.7244220619921329,0.14953813236403268
107_RCA,107,RCA,181081,always_nonconsecutive,4,70.7865255176032,1.0,135.81637109054373,135.81637109054373
107_RCA,107,RCA,205019,always_consecutive,930,1.3881856333686,0.01827956989247312,165.612447957494,242.7806384895091
107_RCA,107,RCA,205019,rescued,23,36.28851622586674,0.7391304347826086,374.1334929200815,374.47460720068295
107_RCA,107,RCA,205019,sacrificed,15,0.7083689721623038,0.0,-2.392342471619248,0.10536625892298468
107_RCA,107,RCA,205019,always_nonconsecutive,4,63.381422601132215,1.0,121.40478951075295,121.40478951075295
118_LCA,118,LCA,104729,always_consecutive,1059,1.4427914090919731,0.015108593012275733,220.31957291596544,296.97385711797017
118_LCA,118,LCA,104729,rescued,24,84.72353366314864,0.75,901.1475260439,901.1475260439
118_LCA,118,LCA,104729,sacrificed,18,0.8621172999544411,0.0,-1.326540174718989,0.8519914164658775
118_LCA,118,LCA,104729,always_nonconsecutive,2,10.213218200192149,1.0,6.449242196443021,6.449242196443021
118_LCA,118,LCA,130363,always_consecutive,1059,1.6444323812155976,0.01794145420207743,320.65000378800914,405.548845354151
118_LCA,118,LCA,130363,rescued,24,65.19570678384869,0.875,690.9622637722916,690.9622637722916
118_LCA,118,LCA,130363,sacrificed,18,0.743085651657824,0.0,-2.471718383996231,0.2387144118507311
118_LCA,118,LCA,130363,always_nonconsecutive,2,7.525968881845728,0.5,4.568170748913315,4.568170748913315
118_LCA,118,LCA,155921,always_consecutive,1059,1.5048280262516045,0.014164305949008499,251.18711170988618,326.07666242048924
118_LCA,118,LCA,155921,rescued,24,80.85045619614174,0.875,859.460153033438,859.460153033438
118_LCA,118,LCA,155921,sacrificed,18,0.8240853161730306,0.0,-1.692437813752982,0.5084423222415353
118_LCA,118,LCA,155921,always_nonconsecutive,2,7.554714773619454,0.5,4.588292840257861,4.588292840257861
118_LCA,118,LCA,181081,always_consecutive,1059,1.818149304034623,0.014164305949008499,407.0862748128918,470.68723761226136
118_LCA,118,LCA,181081,rescued,24,57.18681014007798,0.8333333333333334,604.759531026768,604.759531026768
118_LCA,118,LCA,181081,sacrificed,18,0.9449053315755558,0.0,-0.530054104348831,0.8088076791712419
118_LCA,118,LCA,181081,always_nonconsecutive,2,6.747766613678523,1.0,4.0234300517780905,4.0234300517780905
118_LCA,118,LCA,205019,always_consecutive,1059,1.607109919530277,0.018885741265344664,302.0794790446659,392.42534193264623
118_LCA,118,LCA,205019,rescued,24,83.07937444912014,0.875,883.4508290303073,883.4508290303073
118_LCA,118,LCA,205019,sacrificed,18,0.7564005168195228,0.0,-2.343618893979545,0.09352316124238419
118_LCA,118,LCA,205019,always_nonconsecutive,2,8.941895345352874,1.0,5.559317652969074,5.559317652969074
118_RCA,118,RCA,104729,always_consecutive,761,1.3034109192841685,0.013140604467805518,106.74661980614694,174.1241579430806
118_RCA,118,RCA,104729,rescued,18,58.81917757326515,0.6666666666666666,484.14405087285377,484.14405087285377
118_RCA,118,RCA,104729,sacrificed,15,0.7437173213451804,0.0,-1.8768649124332277,0.018104635417427073
118_RCA,118,RCA,130363,always_consecutive,761,1.4270845938803285,0.011826544021024968,150.25773256798178,224.7220869240151
118_RCA,118,RCA,130363,rescued,18,61.90061147211659,0.6666666666666666,509.946180078107,509.946180078107
118_RCA,118,RCA,130363,sacrificed,15,0.8671256184009446,0.0,-0.9730944982061136,0.9870425102903928
118_RCA,118,RCA,155921,always_consecutive,761,1.3766846305271208,0.01576872536136662,132.5259194249295,203.85577561813167
118_RCA,118,RCA,155921,rescued,18,48.507479553649254,0.6666666666666666,397.7999093591076,397.7999093591076
118_RCA,118,RCA,155921,sacrificed,15,0.7756676292231598,0.0,-1.6428794862141358,0.08283046697545327
118_RCA,118,RCA,181081,always_consecutive,761,1.4159669650238578,0.011826544021024968,146.34630675810163,219.51409151886406
118_RCA,118,RCA,181081,rescued,18,57.88036314932524,0.6111111111111112,476.28296676026514,476.28296676026514
118_RCA,118,RCA,181081,sacrificed,15,0.6855379834623017,0.0,-2.3029364615293892,0.060664226020621104
118_RCA,118,RCA,205019,always_consecutive,761,1.4978793243607513,0.01445466491458607,175.1648723528702,239.88998320535012
118_RCA,118,RCA,205019,rescued,18,50.62529095307293,0.6666666666666666,415.5332261051379,415.5332261051379
118_RCA,118,RCA,205019,sacrificed,15,0.8147887165656466,0.0,-1.3563794521316797,0.27106782097548965
127_LCA,127,LCA,104729,always_consecutive,735,1.3713840289684143,0.00816326530612245,128.36308345142535,193.8101203903991
127_LCA,127,LCA,104729,rescued,15,39.17946017213512,0.4666666666666667,277.02854967487593,277.02854967487593
127_LCA,127,LCA,104729,sacrificed,13,0.7645583849344544,0.0,-1.611811185549434,0.13755242204709528
127_LCA,127,LCA,104729,always_nonconsecutive,4,70.37579842135241,0.75,124.95919793120586,124.95919793120586
127_LCA,127,LCA,130363,always_consecutive,735,1.8109976601256512,0.00816326530612245,280.30866220817853,325.061446241939
127_LCA,127,LCA,130363,rescued,15,35.31906753839812,0.4666666666666667,249.01770385154367,249.01770385154367
127_LCA,127,LCA,130363,sacrificed,13,1.0472460232225387,0.0,0.32344183793343567,1.2046165419118613
127_LCA,127,LCA,130363,always_nonconsecutive,4,61.96251767785565,0.75,109.80525610134376,109.80525610134376
127_LCA,127,LCA,155921,always_consecutive,735,1.249174730946413,0.005442176870748299,86.12335019172599,166.27489065752573
127_LCA,127,LCA,155921,rescued,15,30.415921793716407,0.4666666666666667,213.44068551839635,213.44068551839635
127_LCA,127,LCA,155921,sacrificed,13,0.8012967114619037,0.0,-1.360304052374081,0.15407023031792222
127_LCA,127,LCA,155921,always_nonconsecutive,4,59.91591273596999,0.75,106.1189257406201,106.1189257406201
127_LCA,127,LCA,181081,always_consecutive,735,1.2544977125475292,0.005442176870748299,87.96315556346586,165.1057503374684
127_LCA,127,LCA,181081,rescued,15,47.753502423576215,0.5333333333333333,339.24143794146784,339.24143794146784
127_LCA,127,LCA,181081,sacrificed,13,0.7750026791639693,0.0,-1.540310528116317,0.0881187104008076
127_LCA,127,LCA,181081,always_nonconsecutive,4,69.90083705771707,0.75,124.10370087893821,124.10370087893821
127_LCA,127,LCA,205019,always_consecutive,735,1.640817921717619,0.006802721088435374,221.48869619162738,269.61644083245494
127_LCA,127,LCA,205019,rescued,15,47.831321551186235,0.4666666666666667,339.8060902430344,340.04023199480685
127_LCA,127,LCA,205019,sacrificed,13,1.070305886110525,0.0,0.4813074936279263,1.208445310542698
127_LCA,127,LCA,205019,always_nonconsecutive,4,64.57417411505958,1.0,114.50935322297673,114.50935322297673
127_RCA,127,RCA,104729,always_consecutive,582,1.5728014888233,0.020618556701030927,152.0834141320893,192.18915094492795
127_RCA,127,RCA,104729,rescued,5,28.417275822392817,0.8,51.95496037061522,51.95496037061522
127_RCA,127,RCA,104729,sacrificed,4,1.0255688587823772,0.0,0.050623804164726116,0.265730572389772
127_RCA,127,RCA,104729,always_nonconsecutive,2,18.16031087021726,0.5,16.987816177161918,16.987816177161918
127_RCA,127,RCA,130363,always_consecutive,582,1.1961151902109657,0.015463917525773196,52.070164397998944,121.74563250311942
127_RCA,127,RCA,130363,rescued,5,56.57197995795256,0.8,105.30732648770018,105.30732648770018
127_RCA,127,RCA,130363,sacrificed,4,0.7210458089146314,0.0,-0.5523016283451972,0.0
127_RCA,127,RCA,130363,always_nonconsecutive,2,34.53615560876551,0.5,33.19905164184204,33.19905164184204
127_RCA,127,RCA,155921,always_consecutive,582,1.7203614997922907,0.01718213058419244,191.26178691117167,230.0038661810014
127_RCA,127,RCA,155921,rescued,5,56.404390554003314,0.8,104.98974931857798,104.98974931857798
127_RCA,127,RCA,155921,sacrificed,4,1.1281135282039665,0.0,0.25365207801608214,0.344986008883243
127_RCA,127,RCA,155921,always_nonconsecutive,2,13.161316219910606,0.5,12.0390712020687,12.0390712020687
127_RCA,127,RCA,181081,always_consecutive,582,1.3009161123236452,0.013745704467353952,79.89565429298801,142.45027811503067
127_RCA,127,RCA,181081,rescued,5,39.70370981680947,0.6,73.34243280602605,73.34243280602605
127_RCA,127,RCA,181081,sacrificed,4,0.7389247944723323,0.0,-0.5169030103919845,0.018337743266023943
127_RCA,127,RCA,181081,always_nonconsecutive,2,26.814089675464814,0.5,25.554607576990687,25.554607576990687
127_RCA,127,RCA,205019,always_consecutive,582,1.676724197679518,0.022336769759450172,179.67573132591613,219.67361891933396
127_RCA,127,RCA,205019,rescued,5,57.57671104656678,0.6,107.2112634152866,107.2112634152866
127_RCA,127,RCA,205019,sacrificed,4,0.9170619494410313,0.0,-0.16420911332167953,0.07921137052953336
127_RCA,127,RCA,205019,always_nonconsecutive,2,34.64127666732405,0.5,33.303116028125416,33.303116028125416
13_LCA,13,LCA,104729,always_consecutive,699,1.57360035588938,0.01430615164520744,187.02196480608558,233.57711667325822
13_LCA,13,LCA,104729,rescued,26,41.40697844088049,0.6538461538461539,499.475948405894,499.475948405894
13_LCA,13,LCA,104729,sacrificed,21,0.8878060210665617,0.0,-1.1670261151757306,0.372002002034327
13_LCA,13,LCA,104729,always_nonconsecutive,7,19.129052148949473,0.7142857142857143,56.56459320853989,56.56459320853989
13_LCA,13,LCA,130363,always_consecutive,699,1.47799991582585,0.011444921316165951,155.85151319559913,200.58447316076595
13_LCA,13,LCA,130363,rescued,26,48.60774372222847,0.6923076923076923,588.4855503837235,588.4855503837235
13_LCA,13,LCA,130363,sacrificed,21,0.8101854499668546,0.0,-1.974424465865783,0.18045404796346676
13_LCA,13,LCA,130363,always_nonconsecutive,7,35.31436706297527,0.7142857142857143,107.06451711752568,107.06451711752568
13_LCA,13,LCA,155921,always_consecutive,699,1.4242086002454115,0.01430615164520744,138.31289519080485,195.87454962183904
13_LCA,13,LCA,155921,rescued,26,46.41298834281922,0.6538461538461539,561.3558919200682,561.3558919200682
13_LCA,13,LCA,155921,sacrificed,21,0.8795426692764631,0.0,-1.252980347565066,0.7391703159879758
13_LCA,13,LCA,155921,always_nonconsecutive,7,31.37272751524494,0.5714285714285714,94.76617764780447,94.84041096175471
13_LCA,13,LCA,181081,always_consecutive,699,1.4408751369978328,0.012875536480686695,143.7470069690614,197.61386764517647
13_LCA,13,LCA,181081,rescued,26,40.97213725047424,0.6538461538461539,494.10081954537077,494.1440130814771
13_LCA,13,LCA,181081,sacrificed,21,0.8100926385851358,0.0,-1.9753898769090585,0.2596102301565273
13_LCA,13,LCA,181081,always_nonconsecutive,7,43.772044556089085,0.7142857142857143,133.4533808571409,133.4533808571409
13_LCA,13,LCA,205019,always_consecutive,699,1.403498538357762,0.010014306151645207,131.56039508212154,202.43194998561222
13_LCA,13,LCA,205019,rescued,26,29.254223899038845,0.6538461538461539,349.25415913225567,349.25415913225567
13_LCA,13,LCA,205019,sacrificed,21,0.6911353822478296,0.0,-3.21276666000409,0.0
13_LCA,13,LCA,205019,always_nonconsecutive,7,21.74570967096906,0.7142857142857143,64.72884620329344,64.72884620329344
13_RCA,13,RCA,104729,always_consecutive,1034,1.2624844356329255,0.013539651837524178,121.86854061121201,197.1232485403959
13_RCA,13,RCA,104729,rescued,86,48.936056740547265,0.8837209302325582,1603.053651067304,1603.053651067304
13_RCA,13,RCA,104729,sacrificed,29,1.7703906069499449,0.034482758620689655,10.752027930095268,13.361468741410045
13_RCA,13,RCA,104729,always_nonconsecutive,16,28.876369432290875,0.875,174.1997243979763,174.1997243979763
13_RCA,13,RCA,130363,always_consecutive,1034,1.4225970570374296,0.01644100580270793,196.20701122167577,281.0982229728686
13_RCA,13,RCA,130363,rescued,86,49.27663917790298,0.872093023255814,1614.443238714188,1614.443238714188
13_RCA,13,RCA,130363,sacrificed,29,0.8319314386905501,0.0,-2.3456644578320356,0.8647210007871418
13_RCA,13,RCA,130363,always_nonconsecutive,16,42.526402351299915,0.875,259.4989230002267,259.4989230002267
13_RCA,13,RCA,155921,always_consecutive,1034,1.2794752233052102,0.017408123791102514,129.75717024543542,219.62064751458053
13_RCA,13,RCA,155921,rescued,86,55.4974439247171,0.8488372093023255,1822.4762818977765,1822.6057848907353
13_RCA,13,RCA,155921,sacrificed,29,0.792417328093606,0.0,-2.8971468057973992,0.6656921785544978
13_RCA,13,RCA,155921,always_nonconsecutive,16,45.42804283815538,1.0,277.6313047775581,277.6313047775581
13_RCA,13,RCA,181081,always_consecutive,1034,1.3668086064890623,0.019342359767891684,170.3050676077762,257.0195488027043
13_RCA,13,RCA,181081,rescued,86,49.51225805232441,0.8255813953488372,1622.3226873502326,1622.3226873502326
13_RCA,13,RCA,181081,sacrificed,29,0.859777184945097,0.0,-1.9570327186048604,1.7566789738459732
13_RCA,13,RCA,181081,always_nonconsecutive,16,31.94177587129318,0.8125,193.35548132460923,193.35548132460923
13_RCA,13,RCA,205019,always_consecutive,1034,1.205966344366106,0.012572533849129593,95.62783310331653,198.51125620914877
13_RCA,13,RCA,205019,rescued,86,49.57771687887906,0.872093023255814,1624.5117287115393,1624.5117287115393
13_RCA,13,RCA,205019,sacrificed,29,3.4500899982129427,0.034482758620689655,34.19490821199,38.94939347675676
13_RCA,13,RCA,205019,always_nonconsecutive,16,36.30672950959757,0.9375,220.63212230360918,220.63212230360918
145_LCA,145,LCA,104729,always_consecutive,608,1.5504122079501794,0.009868421052631578,161.97694313082337,211.5217168595946
145_LCA,145,LCA,104729,rescued,10,104.05455639326097,0.9,518.0815767902922,518.0815767902922
145_LCA,145,LCA,104729,sacrificed,9,0.8428699782246646,0.0,-0.7174576243822943,0.19720536070089073
145_LCA,145,LCA,104729,always_nonconsecutive,1,200.87087393940982,1.0,69.954691511762,69.954691511762
145_LCA,145,LCA,130363,always_consecutive,608,1.6548099542534405,0.019736842105263157,192.69942270467783,236.2352693844975
145_LCA,145,LCA,130363,rescued,10,60.9837537291467,0.9,301.5536508178019,301.5536508178019
145_LCA,145,LCA,130363,sacrificed,9,0.8917081834584634,0.0,-0.494461774765246,0.27917783646974603
145_LCA,145,LCA,130363,always_nonconsecutive,1,187.32743216847354,1.0,65.21449464155384,65.21449464155384
145_LCA,145,LCA,155921,always_consecutive,608,1.1243379119883272,0.011513157894736841,36.59053089346014,93.81821186495254
145_LCA,145,LCA,155921,rescued,10,50.514017040237036,0.8,248.91961034247763,248.91961034247763
145_LCA,145,LCA,155921,sacrificed,9,0.8465478921334093,0.0,-0.7006642239497309,0.1303736582945872
145_LCA,145,LCA,155921,always_nonconsecutive,1,184.06109274915974,1.0,64.07127771380841,64.07127771380841
145_LCA,145,LCA,181081,always_consecutive,608,1.4199490243662285,0.008223684210526315,123.5838490772908,185.6063503113864
145_LCA,145,LCA,181081,rescued,10,62.68921689836123,0.9,310.12744977233524,310.12744977233524
145_LCA,145,LCA,181081,sacrificed,9,0.8287012764818427,0.0,-0.7821520919202725,0.3655230740071801
145_LCA,145,LCA,181081,always_nonconsecutive,1,196.02813616912158,1.0,68.25973606319789,68.25973606319789
145_LCA,145,LCA,205019,always_consecutive,608,1.5239478375557942,0.011513157894736841,154.18892942682436,213.30184192722788
145_LCA,145,LCA,205019,rescued,10,74.72487310501317,0.8,370.63376762453527,370.63376762453527
145_LCA,145,LCA,205019,sacrificed,9,0.7361522786553624,0.0,-1.2047319615678906,0.004719410976865901
145_LCA,145,LCA,205019,always_nonconsecutive,1,196.21303384303909,1.0,68.32445014326971,68.32445014326971
145_RCA,145,RCA,104729,always_consecutive,749,1.5329115233220072,0.018691588785046728,179.61378517390702,251.05544182149282
145_RCA,145,RCA,104729,rescued,16,55.69795773561675,0.625,403.8605674022651,403.8605674022651
145_RCA,145,RCA,104729,sacrificed,16,0.7506825476639404,0.0,-2.0408770785193644,0.25317999208404113
145_RCA,145,RCA,130363,always_consecutive,749,1.5335003085560048,0.01335113484646195,179.8122307692912,213.70796435253425
145_RCA,145,RCA,130363,rescued,16,54.015357994741855,0.625,391.4371476953506,391.4371476953506
145_RCA,145,RCA,130363,sacrificed,16,1.0909188495413897,0.0,0.7442487250521901,1.4920826574724866
145_RCA,145,RCA,155921,always_consecutive,749,1.4256168915404988,0.01602136181575434,143.4509436894818,192.49976740918845
145_RCA,145,RCA,155921,rescued,16,56.61790808136525,0.625,410.65299044686395,410.65299044686395
145_RCA,145,RCA,155921,sacrificed,16,0.7866570702429587,0.0,-1.7463947715076904,0.21749899976621628
145_RCA,145,RCA,181081,always_consecutive,749,1.2749531239945424,0.014686248331108143,92.67086408302275,170.59732631899706
145_RCA,145,RCA,181081,rescued,16,44.15666533232214,0.6875,318.6458154899658,318.6458154899658
145_RCA,145,RCA,181081,sacrificed,16,0.6738832097379305,0.0,-2.6695454968352497,0.04178585058950729
145_RCA,145,RCA,205019,always_consecutive,749,1.4978149224008583,0.01335113484646195,167.78474214836046,222.37265071193332
145_RCA,145,RCA,205019,rescued,16,35.627213194731574,0.75,255.66888687102477,255.66888687102477
145_RCA,145,RCA,205019,sacrificed,16,8.474198508563411,0.0625,61.18272216206365,63.092600101431
159_LCA,159,LCA,104729,always_consecutive,808,1.456197282202251,0.008663366336633664,177.23406025338812,262.73044683775913
159_LCA,159,LCA,104729,rescued,9,52.03985938056597,1.0,223.92753543513257,223.92753543513257
159_LCA,159,LCA,104729,sacrificed,6,0.7867293848403197,0.0,-0.6664434449738694,0.1458157342582807
159_LCA,159,LCA,104729,always_nonconsecutive,1,40.39123609103787,1.0,23.879672136967947,23.879672136967947
159_LCA,159,LCA,130363,always_consecutive,808,1.236497302248647,0.009900990099009901,91.87993605344998,184.117932304553
159_LCA,159,LCA,130363,rescued,9,94.04220046489692,1.0,408.2047030384056,408.2047030384056
159_LCA,159,LCA,130363,sacrificed,6,0.6005879335190984,0.0,-1.2481117164235938,0.0
159_LCA,159,LCA,130363,always_nonconsecutive,1,103.61289270058275,1.0,62.20577158464148,62.20577158464148
159_LCA,159,LCA,155921,always_consecutive,808,1.4976222150033012,0.011138613861386138,193.32777523698374,274.92169384705085
159_LCA,159,LCA,155921,rescued,9,63.9789906478485,1.0,276.3081703421534,276.3081703421534
159_LCA,159,LCA,155921,sacrificed,6,0.7667712156034275,0.0,-0.728810175860106,0.06832956049441996
159_LCA,159,LCA,155921,always_nonconsecutive,1,35.11828522436888,1.0,20.68311497386221,20.68311497386221
159_LCA,159,LCA,181081,always_consecutive,808,1.5281147527642884,0.009900990099009901,205.1742208114086,273.74482700669694
159_LCA,159,LCA,181081,rescued,9,62.630079259738075,1.0,270.39008188490016,270.39008188490016
159_LCA,159,LCA,181081,sacrificed,6,0.8339797187624987,0.0,-0.5187921837268119,0.1932453981518697
159_LCA,159,LCA,181081,always_nonconsecutive,1,17.457830179276293,1.0,9.977031130953257,9.977031130953257
159_LCA,159,LCA,205019,always_consecutive,808,1.5125560138931056,0.012376237623762377,199.1296024628507,278.0921773384266
159_LCA,159,LCA,205019,rescued,9,51.35660279889351,1.0,220.92987901012282,220.92987901012282
159_LCA,159,LCA,205019,sacrificed,6,0.881292422063727,0.0,-0.3709460261326728,0.1925502309140118
159_LCA,159,LCA,205019,always_nonconsecutive,1,35.983984575240335,1.0,21.20791741012543,21.20791741012543
159_RCA,159,RCA,104729,always_consecutive,644,1.341951231383598,0.012422360248447204,106.01247071954671,174.84134758234444
159_RCA,159,RCA,104729,rescued,7,57.54384054265262,0.7142857142857143,200.29727495098027,200.29727495098027
159_RCA,159,RCA,104729,sacrificed,7,0.71832620648361,0.0,-0.9256133378933045,0.06642446634559551
159_RCA,159,RCA,130363,always_consecutive,644,1.5083373291797597,0.017080745341614908,157.59585367560317,216.9839614396987
159_RCA,159,RCA,130363,rescued,7,42.06502786721399,0.7142857142857143,145.4661214847003,145.4661214847003
159_RCA,159,RCA,130363,sacrificed,7,0.7642029193047296,0.0,-0.7748570436856992,0.09510236412194911
159_RCA,159,RCA,155921,always_consecutive,644,1.3152197680641002,0.013975155279503106,97.72512383390307,170.4793398898086
159_RCA,159,RCA,155921,rescued,7,57.49541830844114,0.7142857142857143,200.12574713351125,200.12574713351125
159_RCA,159,RCA,155921,sacrificed,7,2.993691712399952,0.14285714285714285,6.55150632796572,7.139937019599069
159_RCA,159,RCA,181081,always_consecutive,644,1.408972278840401,0.018633540372670808,126.79048284238446,174.50155404330405
159_RCA,159,RCA,181081,rescued,7,62.58352132287784,0.8571428571428571,218.14951698502637,218.14951698502637
159_RCA,159,RCA,181081,sacrificed,7,1.483711046238812,0.0,1.5895316014157959,1.8446353673706573
159_RCA,159,RCA,205019,always_consecutive,644,1.4288007826778342,0.021739130434782608,132.93775908985666,195.5068752413997
159_RCA,159,RCA,205019,rescued,7,45.07237985972443,0.7142857142857143,156.11917234112133,156.11917234112133
159_RCA,159,RCA,205019,sacrificed,7,0.8782273609354461,0.0,-0.4001592675750991,0.07447133059295835
163_LCA,163,LCA,104729,always_consecutive,950,1.4625158119637816,0.01263157894736842,205.5169844506363,290.44825036988533
163_LCA,163,LCA,104729,rescued,21,65.37890080718265,0.6666666666666666,639.6596820370896,639.6596820370896
163_LCA,163,LCA,104729,sacrificed,18,3.916446309022569,0.05555555555555555,27.734066649031078,30.53374894393673
163_LCA,163,LCA,104729,always_nonconsecutive,3,35.805325455550054,0.6666666666666666,36.54560666515279,36.54560666515279
163_LCA,163,LCA,130363,always_consecutive,950,1.8481693141328706,0.011578947368421053,376.8805200497708,419.69377238101436
163_LCA,163,LCA,130363,rescued,21,54.872458503835176,0.7619047619047619,535.269152549353,535.269152549353
163_LCA,163,LCA,130363,sacrificed,18,2.3613089734402055,0.05555555555555555,12.945423916261978,13.531284369708738
163_LCA,163,LCA,130363,always_nonconsecutive,3,31.32947719278065,0.6666666666666666,31.84596406841923,31.84596406841923
163_LCA,163,LCA,155921,always_consecutive,950,2.268582260864572,0.023157894736842106,563.6892708024288,586.6561768663626
163_LCA,163,LCA,155921,rescued,21,54.21627538229081,0.7142857142857143,528.7494095648883,528.7494095648883
163_LCA,163,LCA,155921,sacrificed,18,1.53490606765554,0.0,5.086711346420016,6.04826983387771
163_LCA,163,LCA,155921,always_nonconsecutive,3,38.925746461330604,0.6666666666666666,39.82205006036178,39.82205006036178
163_LCA,163,LCA,181081,always_consecutive,950,1.939872672644137,0.022105263157894735,417.6285273994241,461.0209603182209
163_LCA,163,LCA,181081,rescued,21,49.86126659504323,0.6666666666666666,485.4786562405519,485.4786562405519
163_LCA,163,LCA,181081,sacrificed,18,2.0094991205276,0.05555555555555555,9.599873587329617,10.452137858275123
163_LCA,163,LCA,181081,always_nonconsecutive,3,36.258390033398,0.6666666666666666,37.02132466632736,37.02132466632736
163_LCA,163,LCA,205019,always_consecutive,950,1.8314217868312699,0.01368421052631579,369.43882569252105,416.04838522136197
163_LCA,163,LCA,205019,rescued,21,60.70908367451978,0.7142857142857143,593.2610373755886,593.2610373755886
163_LCA,163,LCA,205019,sacrificed,18,1.0828064747939858,0.0,0.7874515926464611,2.378569623202899
163_LCA,163,LCA,205019,always_nonconsecutive,3,44.99440187524127,0.6666666666666666,46.194140849352344,46.194140849352344
163_RCA,163,RCA,104729,always_consecutive,933,1.501275989038155,0.012861736334405145,218.61003198335487,274.4863805647678
163_RCA,163,RCA,104729,rescued,37,69.07262320388148,0.8378378378378378,1169.1036340614899,1169.1036340614899
163_RCA,163,RCA,104729,sacrificed,23,1.202780993101269,0.043478260869565216,2.579239132645787,4.625386280929996
163_RCA,163,RCA,104729,always_nonconsecutive,7,71.81042134515147,0.8571428571428571,214.54857045587676,214.54857045587676
163_RCA,163,RCA,130363,always_consecutive,933,1.312058555837602,0.007502679528403001,136.09096059684822,198.63111362814902
163_RCA,163,RCA,130363,rescued,37,29.82498838089988,0.7837837837837838,495.0506838403833,495.0506838403833
163_RCA,163,RCA,130363,sacrificed,23,0.8132711534228074,0.0,-2.375066523346122,0.8729085876948373
163_RCA,163,RCA,130363,always_nonconsecutive,7,52.527354128104406,1.0,156.12278471939197,156.12278471939197
163_RCA,163,RCA,155921,always_consecutive,933,1.682101512726966,0.007502679528403001,297.4693318131119,336.64847608559035
163_RCA,163,RCA,155921,rescued,37,36.16105237233559,0.8108108108108109,603.8685182265752,604.2151910963516
163_RCA,163,RCA,155921,sacrificed,23,4.491940999771274,0.043478260869565216,44.415163067094916,45.65321246952575
163_RCA,163,RCA,155921,always_nonconsecutive,7,41.041618137925546,1.0,121.32214110628598,121.32214110628598
163_RCA,163,RCA,181081,always_consecutive,933,1.394214130992098,0.00857449088960343,171.91959253790102,237.71699947711997
163_RCA,163,RCA,181081,rescued,37,33.435053403816006,0.7837837837837838,557.0512347057254,557.1885236186704
163_RCA,163,RCA,181081,sacrificed,23,0.8037338097116491,0.0,-2.4963751812489265,0.29429627888745524
163_RCA,163,RCA,181081,always_nonconsecutive,7,50.89374856632866,0.8571428571428571,151.17312150160978,151.17312150160978
163_RCA,163,RCA,205019,always_consecutive,933,1.3911828396433141,0.011789924973204717,170.59762477323721,236.3419725610786
163_RCA,163,RCA,205019,rescued,37,34.49912635548831,0.7837837837837838,575.3260050341839,575.3260050341839
163_RCA,163,RCA,205019,sacrificed,23,0.7557222252268003,0.0,-3.1070505489438083,0.011441637195270471
163_RCA,163,RCA,205019,always_nonconsecutive,7,30.1689897052003,0.8571428571428571,88.37915272935203,88.37915272935203
165_LCA,165,LCA,104729,always_consecutive,1064,1.4436728389300733,0.010338345864661654,223.56131257687872,330.4986884681744
165_LCA,165,LCA,104729,rescued,22,111.09198015075933,0.9545454545454546,1128.6782359239703,1128.6782359239703
165_LCA,165,LCA,104729,sacrificed,19,0.7075204865579302,0.0,-2.958651447457219,0.02893077081862533
165_LCA,165,LCA,104729,always_nonconsecutive,1,82.54631626425012,1.0,28.54139733719335,28.54139733719335
165_LCA,165,LCA,130363,always_consecutive,1064,1.4254166288770544,0.015977443609022556,214.36223180381523,317.27590773645045
165_LCA,165,LCA,130363,rescued,22,84.23718910331093,0.9090909090909091,853.3591968437938,853.3591968437938
165_LCA,165,LCA,130363,sacrificed,19,0.7802582623270758,0.0,-2.2228538422453714,0.33953500073595333
165_LCA,165,LCA,130363,always_nonconsecutive,1,79.81911596138957,1.0,27.586870989126034,27.586870989126034
165_LCA,165,LCA,155921,always_consecutive,1064,1.6051012161013065,0.017857142857142856,304.9030958029739,390.74466648998714
165_LCA,165,LCA,155921,rescued,22,87.82104246242157,0.9090909090909091,890.1013580950677,890.1013580950677
165_LCA,165,LCA,155921,sacrificed,19,1.3470404209085938,0.05263157894736842,3.510576284689908,6.069411823095044
165_LCA,165,LCA,155921,always_nonconsecutive,1,82.27339191755242,1.0,28.445873191174897,28.445873191174897
165_LCA,165,LCA,181081,always_consecutive,1064,1.4891792368415964,0.015037593984962405,246.49142944470273,359.2044611488106
165_LCA,165,LCA,181081,rescued,22,60.269882979802674,0.8636363636363636,607.643053321922,607.643053321922
165_LCA,165,LCA,181081,sacrificed,19,0.6639687737608585,0.0,-3.3992099556066084,0.004227685001845838
165_LCA,165,LCA,181081,always_nonconsecutive,1,73.76868139007085,1.0,25.469205040818753,25.469205040818753
165_LCA,165,LCA,205019,always_consecutive,1064,1.532640622129882,0.014097744360902255,268.3910894844959,362.37075312244025
165_LCA,165,LCA,205019,rescued,22,76.2092034835047,0.9545454545454546,771.055175833564,771.055175833564
165_LCA,165,LCA,205019,sacrificed,19,0.7359289471129611,0.0,-2.671278386855417,0.08505600889843623
165_LCA,165,LCA,205019,always_nonconsecutive,1,88.06169805939022,1.0,30.471793589199496,30.471793589199496
165_RCA,165,RCA,104729,always_consecutive,240,1.0402764182394393,0.008333333333333333,4.454311731255734,24.25121171754622
165_RCA,165,RCA,104729,rescued,8,17.600997096637595,0.5,59.803135971579266,59.803135971579266
165_RCA,165,RCA,104729,sacrificed,7,0.9286835067957183,0.0,-0.28676628449550734,0.18358416217520113
165_RCA,165,RCA,104729,always_nonconsecutive,1,21.01098324980184,1.0,7.003851771014952,7.003851771014952
165_RCA,165,RCA,130363,always_consecutive,240,1.165580120976568,0.008333333333333333,18.312091977594335,33.769721508288185
165_RCA,165,RCA,130363,rescued,8,16.280269420012292,0.5,55.04537013577604,55.04537013577604
165_RCA,165,RCA,130363,sacrificed,7,0.9459947673274427,0.0,-0.21715705892132742,0.15449820090900002
165_RCA,165,RCA,130363,always_nonconsecutive,1,20.11793568635148,1.0,6.691284783136717,6.691284783136717
165_RCA,165,RCA,155921,always_consecutive,240,1.0117782959555641,0.0125,1.3026034623331437,20.835979927489007
165_RCA,165,RCA,155921,rescued,8,18.098984847239745,0.375,61.5970781660197,61.5970781660197
165_RCA,165,RCA,155921,sacrificed,7,0.9546435221708843,0.0,-0.18238009246474612,0.2701589504660995
165_RCA,165,RCA,155921,always_nonconsecutive,1,15.843257697280276,1.0,5.195145856301552,5.195145856301552
165_RCA,165,RCA,181081,always_consecutive,240,1.2965811160112146,0.008333333333333333,32.799955955965935,43.9973204058202
165_RCA,165,RCA,181081,rescued,8,14.543711567651918,0.25,48.78962508849479,48.78962508849479
165_RCA,165,RCA,181081,sacrificed,7,1.0551068400304555,0.0,0.22158666327795856,0.5277399988657069
165_RCA,165,RCA,181081,always_nonconsecutive,1,26.577982907275274,1.0,8.952303774772492,8.952303774772492
165_RCA,165,RCA,205019,always_consecutive,240,1.6506780560183836,0.0125,71.96079057882264,84.9737615837312
165_RCA,165,RCA,205019,rescued,8,16.889249447330453,0.5,57.23914892904264,57.23914892904264
165_RCA,165,RCA,205019,sacrificed,7,1.0168726752799353,0.0,0.06784565788542862,0.6861753298624182
165_RCA,165,RCA,205019,always_nonconsecutive,1,32.366530825271965,1.0,10.978297754227125,10.978297754227125
190_LCA,190,LCA,104729,always_consecutive,1471,1.916722017057953,0.01563562202583277,571.2720449693761,645.7557671280106
190_LCA,190,LCA,104729,rescued,59,70.54218295456326,0.8813559322033898,1667.2771839447512,1667.2771839447512
190_LCA,190,LCA,104729,sacrificed,40,1.0500325103133568,0.0,0.9019561953307971,3.0800791823055844
190_LCA,190,LCA,104729,always_nonconsecutive,7,40.78578849122849,0.8571428571428571,122.94722583978216,122.94722583978216
190_LCA,190,LCA,130363,always_consecutive,1471,1.7176665937439746,0.01563562202583277,447.2270273709471,545.5117718636113
190_LCA,190,LCA,130363,rescued,59,58.87491895867461,0.8305084745762712,1387.5539680066652,1387.5539680066652
190_LCA,190,LCA,130363,sacrificed,40,0.8707687677943335,0.0,-2.3297034225967352,1.3286696974132894
190_LCA,190,LCA,130363,always_nonconsecutive,7,25.82872213241384,0.7142857142857143,76.72645492498127,76.72645492498127
190_LCA,190,LCA,155921,always_consecutive,1471,1.8127057753478977,0.01291638341264446,506.45242680155417,589.8581176026993
190_LCA,190,LCA,155921,rescued,59,56.31341867720799,0.864406779661017,1326.1418754534627,1326.1436264098224
190_LCA,190,LCA,155921,sacrificed,40,0.8960301091927083,0.0,-1.8743070566353044,1.3580410583308342
190_LCA,190,LCA,155921,always_nonconsecutive,7,28.859557461777865,0.8571428571428571,86.0924323217762,86.0924323217762
190_LCA,190,LCA,181081,always_consecutive,1471,1.8438150538580946,0.01563562202583277,525.8387411055103,600.2267888456386
190_LCA,190,LCA,181081,rescued,59,58.92867146074624,0.864406779661017,1388.8426868313604,1388.8426868313604
190_LCA,190,LCA,181081,sacrificed,40,0.9333219692722988,0.0,-1.2020316896082708,1.1644323343647816
190_LCA,190,LCA,181081,always_nonconsecutive,7,16.44874796462542,0.7142857142857143,47.74018002351342,47.74018002351342
190_LCA,190,LCA,205019,always_consecutive,1471,1.8756879372166126,0.02107409925220938,545.700909698042,627.2316465772672
190_LCA,190,LCA,205019,rescued,59,50.56433342143398,0.8813559322033898,1188.3072796978486,1188.3072796978486
190_LCA,190,LCA,205019,sacrificed,40,0.9999263809147819,0.0,-0.0013271608718232741,2.4064646780595096
190_LCA,190,LCA,205019,always_nonconsecutive,7,17.462180930757423,0.8571428571428571,50.87192068985667,50.87192068985667
190_RCA,190,RCA,104729,always_consecutive,715,1.6145599421233008,0.01818181818181818,187.78259381894756,235.24018373880716
190_RCA,190,RCA,104729,rescued,27,59.48538167853794,0.8888888888888888,602.9841052260124,602.9841052260124
190_RCA,190,RCA,104729,sacrificed,14,1.0127781121836354,0.0,0.08493064261144717,1.6880622985602238
190_RCA,190,RCA,104729,always_nonconsecutive,6,73.79405206711596,1.0,167.84613522757718,167.84613522757718
190_RCA,190,RCA,130363,always_consecutive,715,1.5483196540118331,0.016783216783216783,167.54246382624103,216.36525190958875
190_RCA,190,RCA,130363,rescued,27,37.06412937395723,0.8518518518518519,371.82106292538384,371.82106292538384
190_RCA,190,RCA,130363,sacrificed,14,0.8436676631826189,0.0,-1.0390741320814032,0.5360210385867445
190_RCA,190,RCA,130363,always_nonconsecutive,6,26.51771547688469,1.0,58.837910529874954,58.837910529874954
190_RCA,190,RCA,155921,always_consecutive,715,1.4818322812959837,0.015384615384615385,147.2268356034624,192.0943209671745
190_RCA,190,RCA,155921,rescued,27,62.77627030539983,0.8518518518518519,636.9131568473848,636.9131568473848
190_RCA,190,RCA,155921,sacrificed,14,0.8853072685914576,0.0,-0.7623134968140952,0.23344677377996437
190_RCA,190,RCA,155921,always_nonconsecutive,6,52.855539777714014,1.0,119.56680105957494,119.56680105957494
190_RCA,190,RCA,181081,always_consecutive,715,1.4111301370681695,0.009790209790209791,125.62335786003908,181.49367696644984
190_RCA,190,RCA,181081,rescued,27,38.21343738003473,0.8518518518518519,383.6704249331906,383.6704249331906
190_RCA,190,RCA,181081,sacrificed,14,1.1349867444827306,0.0,0.8971991158152532,1.8936154999753307
190_RCA,190,RCA,181081,always_nonconsecutive,6,24.94577416785962,1.0,55.21337987067804,55.21337987067804
190_RCA,190,RCA,205019,always_consecutive,715,1.3439075023027536,0.013986013986013986,105.08306576748846,154.14875843856578
190_RCA,190,RCA,205019,rescued,27,43.54131860281322,0.8518518518518519,438.6008639534163,438.6008639534163
190_RCA,190,RCA,205019,sacrificed,14,0.8152466859897135,0.0,-1.2279762032128572,0.1923400207108023
190_RCA,190,RCA,205019,always_nonconsecutive,6,33.251491939634064,1.0,74.36443120929572,74.36443120929572
202_LCA,202,LCA,104729,always_consecutive,979,1.4936854987677548,0.010214504596527068,215.82424611913927,300.18138104819144
202_LCA,202,LCA,104729,rescued,15,44.16409053736381,0.7333333333333333,283.4521992662145,283.51507992935603
202_LCA,202,LCA,104729,sacrificed,10,0.7677410484460954,0.0,-1.05122712683314,0.02471257315142744
202_LCA,202,LCA,104729,always_nonconsecutive,5,33.82465602994137,0.8,68.03736456336962,68.03736456336962
202_LCA,202,LCA,130363,always_consecutive,979,1.5777092267820867,0.01634320735444331,252.5568578731332,333.2405502862214
202_LCA,202,LCA,130363,rescued,15,35.27734079713293,0.7333333333333333,225.09422793315866,225.09422793315866
202_LCA,202,LCA,130363,sacrificed,10,0.7643340157988884,0.0,-1.0666476956283921,0.14089653083459996
202_LCA,202,LCA,130363,always_nonconsecutive,5,29.703634334240256,0.8,59.49550946431794,59.49550946431794
202_LCA,202,LCA,155921,always_consecutive,979,1.714804308248791,0.011235955056179775,312.4906470527761,369.13355623661863
202_LCA,202,LCA,155921,rescued,15,38.87204914451548,0.7333333333333333,248.7001460493807,248.7001460493807
202_LCA,202,LCA,155921,sacrificed,10,0.9947186235387414,0.0,-0.023904035413699287,0.469704559636414
202_LCA,202,LCA,155921,always_nonconsecutive,5,31.366639008321116,0.8,62.94250538037018,62.94250538037018
202_LCA,202,LCA,181081,always_consecutive,979,1.4861973610234025,0.010214504596527068,212.55066063294413,298.1825943629486
202_LCA,202,LCA,181081,rescued,15,60.37724771790931,0.7333333333333333,389.9216047989534,389.9216047989534
202_LCA,202,LCA,181081,sacrificed,10,0.8294212295747835,0.0,-0.7720564892467138,0.07943798629081533
202_LCA,202,LCA,181081,always_nonconsecutive,5,23.712263490748622,0.6,47.07688482005198,47.07688482005198
202_LCA,202,LCA,205019,always_consecutive,979,1.4912514421064431,0.012257405515832482,214.7601507684553,289.5065754397428
202_LCA,202,LCA,205019,rescued,15,66.46899190656315,0.7333333333333333,429.92518801232893,429.92518801232893
202_LCA,202,LCA,205019,sacrificed,10,0.9361057483848966,0.0,-0.2891917409302099,0.24001685928791316
202_LCA,202,LCA,205019,always_nonconsecutive,5,18.325012586979305,0.6,35.910450862609814,35.910450862609814
202_RCA,202,RCA,104729,always_consecutive,537,1.1990085466832185,0.0148975791433892,47.74731297291757,100.72750838143352
202_RCA,202,RCA,104729,rescued,10,30.32849667107871,0.8,145.12403199468017,145.12403199468017
202_RCA,202,RCA,104729,sacrificed,10,2.000935456628128,0.1,4.667990010893844,5.247057800150711
202_RCA,202,RCA,130363,always_consecutive,537,1.3869630195791012,0.0186219739292365,92.84246688258744,139.75072812578708
202_RCA,202,RCA,130363,rescued,10,35.81685720338503,0.8,172.2816806945604,172.2816806945604
202_RCA,202,RCA,130363,sacrificed,10,0.8729043665182921,0.0,-0.5927266774217754,0.09048076230867635
202_RCA,202,RCA,155921,always_consecutive,537,1.0635185342984963,0.01303538175046555,15.239744158118826,65.61034478909235
202_RCA,202,RCA,155921,rescued,10,29.806869132117967,0.8,142.5429010044888,142.5429010044888
202_RCA,202,RCA,155921,sacrificed,10,0.7922276411209064,0.0,-0.968972863699636,0.0
202_RCA,202,RCA,181081,always_consecutive,537,1.1779825750055273,0.0111731843575419,42.702636917609816,101.50465900462851
202_RCA,202,RCA,181081,rescued,10,34.77707333914362,0.8,167.13659506422442,167.13659506422442
202_RCA,202,RCA,181081,sacrificed,10,1.420338494444642,0.0,1.9603021156545244,2.9837704504831444
202_RCA,202,RCA,205019,always_consecutive,537,1.138620818631858,0.01303538175046555,33.25873045197959,89.21512789982862
202_RCA,202,RCA,205019,rescued,10,32.295960911313024,0.9,154.8594898516018,154.8594898516018
202_RCA,202,RCA,205019,sacrificed,10,2.405402623496088,0.1,6.554274168550207,7.096755434031542
207_LCA,207,LCA,104729,always_consecutive,1172,1.4929837743919616,0.010238907849829351,268.340872409432,351.1552500855397
207_LCA,207,LCA,104729,rescued,46,65.58725213735984,0.8695652173913043,1203.7101554184808,1203.7101554184808
207_LCA,207,LCA,104729,sacrificed,23,4.046321405468136,0.08695652173913043,34.32327581512466,36.7732174924571
207_LCA,207,LCA,104729,always_nonconsecutive,2,44.76371437824174,0.5,36.31886051015041,36.31886051015041
207_LCA,207,LCA,130363,always_consecutive,1172,1.6431885411860019,0.011945392491467578,350.10031410968054,432.57107718646415
207_LCA,207,LCA,130363,rescued,46,123.29277569731909,0.8478260869565217,2279.1657977353098,2279.1657977353098
207_LCA,207,LCA,130363,sacrificed,23,0.829830247229023,0.0,-1.9173234148129021,0.49832850591425853
207_LCA,207,LCA,130363,always_nonconsecutive,2,100.48277907594336,0.5,82.55928976215154,82.55928976215154
207_LCA,207,LCA,155921,always_consecutive,1172,1.5586741409373703,0.016211604095563138,304.0974453096897,379.66066006044866
207_LCA,207,LCA,155921,rescued,46,57.7195609116035,0.8913043478260869,1057.0802940334706,1057.0802940334706
207_LCA,207,LCA,155921,sacrificed,23,7.14394721210075,0.08695652173913043,69.2246045922701,71.04029347618203
207_LCA,207,LCA,155921,always_nonconsecutive,2,37.58008901816089,0.5,30.357275870532412,30.357275870532412
207_LCA,207,LCA,181081,always_consecutive,1172,1.7244606354764158,0.017064846416382253,394.33833129661485,460.6773131014434
207_LCA,207,LCA,181081,rescued,46,75.05825038804507,0.9130434782608695,1380.2207886941464,1380.2207886941464
207_LCA,207,LCA,181081,sacrificed,23,1.0790769271402016,0.0,0.8909694085376925,2.3784980428019544
207_LCA,207,LCA,181081,always_nonconsecutive,2,61.23579771740566,0.5,49.988799307760814,49.988799307760814
207_LCA,207,LCA,205019,always_consecutive,1172,1.6910949479698427,0.016211604095563138,376.17672404068173,447.6272478804843
207_LCA,207,LCA,205019,rescued,46,62.21855776846523,0.8695652173913043,1140.9279269112867,1140.9279269112867
207_LCA,207,LCA,205019,sacrificed,23,1.7424766172682173,0.043478260869565216,8.365574845462357,9.852473377415995
207_LCA,207,LCA,205019,always_nonconsecutive,2,42.950594913296534,0.5,34.81417943197569,34.81417943197569
207_RCA,207,RCA,104729,always_consecutive,611,1.2834635655794342,0.01309328968903437,80.84253547809539,151.81078774022313
207_RCA,207,RCA,104729,rescued,18,25.86483554294536,0.6111111111111112,203.66217108115728,203.66217108115728
207_RCA,207,RCA,104729,sacrificed,8,0.7487361428483786,0.0,-0.8698577745154203,0.04294163436517834
207_RCA,207,RCA,104729,always_nonconsecutive,3,48.783809735674815,0.6666666666666666,62.88453645229543,62.88453645229543
207_RCA,207,RCA,130363,always_consecutive,611,1.3393325485186272,0.008183306055646482,96.77611842782771,163.76003532220074
207_RCA,207,RCA,130363,rescued,18,28.875782822556413,0.6666666666666666,228.32415040200874,228.32415040200874
207_RCA,207,RCA,130363,sacrificed,8,0.9508881653289976,0.0,-0.17002171220952184,0.5122148602580726
207_RCA,207,RCA,130363,always_nonconsecutive,3,52.08038627111396,0.6666666666666666,67.22290311785316,67.22290311785316
207_RCA,207,RCA,155921,always_consecutive,611,1.356509949819849,0.01800327332242226,101.67503611157628,150.20901806212612
207_RCA,207,RCA,155921,rescued,18,31.729967041484212,0.7222222222222222,251.70211940922124,251.70211940922124
207_RCA,207,RCA,155921,sacrificed,8,1.1858835250776176,0.0,0.6435156702443161,0.8546880058882526
207_RCA,207,RCA,155921,always_nonconsecutive,3,42.83526112701993,1.0,55.05611666139852,55.05611666139852
207_RCA,207,RCA,181081,always_consecutive,611,1.0558266468436863,0.016366612111292964,15.921508885483561,83.60371544600326
207_RCA,207,RCA,181081,rescued,18,30.06516830309805,0.6111111111111112,238.06613436973464,238.06613436973464
207_RCA,207,RCA,181081,sacrificed,8,0.8179105356784349,0.0,-0.6303808991592548,0.05692242501100414
207_RCA,207,RCA,181081,always_nonconsecutive,3,50.508018032235086,0.6666666666666666,65.15363219991735,65.15363219991735
207_RCA,207,RCA,205019,always_consecutive,611,1.0854978940731475,0.011456628477905073,24.383615300901774,91.05778024250525
207_RCA,207,RCA,205019,rescued,18,28.401945315042305,0.6666666666666666,224.44305594018002,224.44305594018002
207_RCA,207,RCA,205019,sacrificed,8,0.8072781138867845,0.0,-0.6671895944576531,0.0
207_RCA,207,RCA,205019,always_nonconsecutive,3,45.65494899325366,0.6666666666666666,58.766887430600896,58.766887430600896
209_LCA,209,LCA,104729,always_consecutive,695,1.6231200757697097,0.008633093525179856,184.51959545152658,232.16431395691998
209_LCA,209,LCA,104729,rescued,31,43.632847797892154,0.8709677419354839,499.8466075567349,499.8466075567349
209_LCA,209,LCA,104729,sacrificed,15,0.8366835031889363,0.0,-1.1640358128456496,0.2359239998424132
209_LCA,209,LCA,104729,always_nonconsecutive,6,41.404475751072006,0.8333333333333334,87.83509348438895,87.83509348438895
209_LCA,209,LCA,130363,always_consecutive,695,1.5897131600091234,0.0057553956834532375,174.62707100700067,215.33626254302752
209_LCA,209,LCA,130363,rescued,31,43.291409095558926,0.8709677419354839,495.84342724237,495.84342724237
209_LCA,209,LCA,130363,sacrificed,15,0.979869237082612,0.0,-0.14348170229767948,0.671603597017141
209_LCA,209,LCA,130363,always_nonconsecutive,6,41.814199302096654,1.0,88.72578952085594,88.72578952085594
209_LCA,209,LCA,155921,always_consecutive,695,1.2553233952963079,0.0014388489208633094,75.60688772736066,120.52627042132806
209_LCA,209,LCA,155921,rescued,31,51.95370454290054,0.8387096774193549,597.4040598685095,597.4040598685095
209_LCA,209,LCA,155921,sacrificed,15,0.8870748104519227,0.0,-0.8048725473117075,0.403146242712237
209_LCA,209,LCA,155921,always_nonconsecutive,6,41.5226228615286,1.0,88.09193291365912,88.09193291365912
209_LCA,209,LCA,181081,always_consecutive,695,1.4926298712211352,0.0057553956834532375,145.8785683205237,192.97468238990183
209_LCA,209,LCA,181081,rescued,31,35.64769116534481,0.8064516129032258,406.2250537607133,406.2250537607133
209_LCA,209,LCA,181081,sacrificed,15,0.8677339613781416,0.0,-0.9427241508687507,0.21823500688902442
209_LCA,209,LCA,181081,always_nonconsecutive,6,43.461321350991106,0.8333333333333334,92.30646013854124,92.30646013854124
209_LCA,209,LCA,205019,always_consecutive,695,1.7790453880344184,0.0057553956834532375,230.69251887113737,265.6427660841743
209_LCA,209,LCA,205019,rescued,31,49.998097652476666,0.8709677419354839,574.4756485522643,574.4756485522643
209_LCA,209,LCA,205019,sacrificed,15,1.000876624140391,0.0,0.006248125043976649,0.7595288462545315
209_LCA,209,LCA,205019,always_nonconsecutive,6,50.62703435958348,1.0,107.88396882519494,107.88396882519494
209_RCA,209,RCA,104729,always_consecutive,718,1.0520722199229755,0.011142061281337047,15.756793246839047,76.6395311444148
209_RCA,209,RCA,104729,rescued,62,47.015212455547505,0.9032258064516129,1037.5212273090292,1037.5212273090292
209_RCA,209,RCA,104729,sacrificed,18,0.8995970361755542,0.0,-0.8410739810856326,0.48082222123049095
209_RCA,209,RCA,104729,always_nonconsecutive,8,51.5108649860187,0.875,148.62727629961435,148.62727629961435
209_RCA,209,RCA,130363,always_consecutive,718,1.3961495583122254,0.012534818941504178,119.87287452667626,176.73990593563462
209_RCA,209,RCA,130363,rescued,62,41.85975908014506,0.8870967741935484,921.2794014443923,921.2794014443923
209_RCA,209,RCA,130363,sacrificed,18,1.321790494808796,0.05555555555555555,2.6956336968057926,4.5457950381274665
209_RCA,209,RCA,130363,always_nonconsecutive,8,33.02872613605721,0.875,94.24392811855643,94.3269275172737
209_RCA,209,RCA,155921,always_consecutive,718,1.3765502022899248,0.019498607242339833,113.9422074440862,168.84951290066985
209_RCA,209,RCA,155921,rescued,62,39.2888534434074,0.9032258064516129,863.3122851543059,863.3122851543059
209_RCA,209,RCA,155921,sacrificed,18,0.82581625441438,0.0,-1.4591343797007958,0.30472075331677084
209_RCA,209,RCA,155921,always_nonconsecutive,8,40.85480839435325,0.875,117.27202891368711,117.27202891368711
209_RCA,209,RCA,181081,always_consecutive,718,2.7848259091025405,0.06267409470752089,540.0793911404115,548.6820813825834
209_RCA,209,RCA,181081,rescued,62,67.70610872659621,0.9516129032258065,1504.0461643393746,1504.0461643393746
209_RCA,209,RCA,181081,sacrificed,18,2.568929150669751,0.05555555555555555,13.14289376061046,13.14289376061046
209_RCA,209,RCA,181081,always_nonconsecutive,8,77.12119033832322,0.875,223.9851800558376,223.9851800558376
209_RCA,209,RCA,205019,always_consecutive,718,4.763631761084702,0.38857938718662954,1138.8561425721448,1140.0386657690437
209_RCA,209,RCA,205019,rescued,62,85.5611455282127,0.9838709677419355,1906.6299775502093,1906.6299775502093
209_RCA,209,RCA,205019,sacrificed,18,4.284625335821641,0.2777777777777778,27.51525256171376,27.51525256171376
209_RCA,209,RCA,205019,always_nonconsecutive,8,106.57520070518025,1.0,310.65305513852115,310.65305513852115
210_LCA,210,LCA,104729,always_consecutive,1004,1.4257075112318311,0.014940239043824702,200.13065707496295,302.4594100712079
210_LCA,210,LCA,104729,rescued,29,54.74391615841829,0.8275862068965517,701.0812789622623,701.0812789622623
210_LCA,210,LCA,104729,sacrificed,18,0.6984345825268834,0.0,-2.707704013998831,0.024424483523552698
210_LCA,210,LCA,104729,always_nonconsecutive,4,55.949273300654184,0.75,99.02725797719117,99.02725797719117
210_LCA,210,LCA,130363,always_consecutive,1004,1.3180538188639914,0.012948207171314742,149.5212512700725,262.93380070733576
210_LCA,210,LCA,130363,rescued,29,60.559983715731796,0.8275862068965517,776.9510028877226,776.9510028877226
210_LCA,210,LCA,130363,sacrificed,18,2.2158793430441737,0.1111111111111111,10.917171488977056,12.477899555741642
210_LCA,210,LCA,130363,always_nonconsecutive,4,24.56684193278851,1.0,42.47116650691265,42.47116650691265
210_LCA,210,LCA,155921,always_consecutive,1004,1.506465282721235,0.02091633466135458,238.09593944763526,322.6231921221779
210_LCA,210,LCA,155921,rescued,29,47.309089668715764,0.8275862068965517,604.0950889552156,604.0950889552156
210_LCA,210,LCA,155921,sacrificed,18,0.8039239904649572,0.0,-1.7605327643851527,0.15682023185263
210_LCA,210,LCA,155921,always_nonconsecutive,4,75.99340276160552,0.75,135.14994095058393,135.14994095058393
210_LCA,210,LCA,181081,always_consecutive,1004,1.4703067458330996,0.012948207171314742,221.09733933989364,310.64534887058574
210_LCA,210,LCA,181081,rescued,29,46.51237579725956,0.8275862068965517,593.7020766871655,593.7020766871655
210_LCA,210,LCA,181081,sacrificed,18,0.8071465304535969,0.0,-1.7315981321066043,0.2669090593388148
210_LCA,210,LCA,181081,always_nonconsecutive,4,58.04980884119072,0.75,102.81275435172637,102.81275435172637
210_LCA,210,LCA,205019,always_consecutive,1004,1.3832880811223234,0.012948207171314742,180.1887293509343,276.7872846591327
210_LCA,210,LCA,205019,rescued,29,52.25306820801814,0.8275862068965517,668.5885431962339,668.5885431962339
210_LCA,210,LCA,205019,sacrificed,18,1.9157252368950501,0.05555555555555555,8.222139396609686,10.057805212378343
210_LCA,210,LCA,205019,always_nonconsecutive,4,55.23218812014091,0.75,97.73495737161677,97.73495737161677
210_RCA,210,RCA,104729,always_consecutive,828,1.336211971241075,0.016908212560386472,125.1959509006975,195.29033858655987
210_RCA,210,RCA,104729,rescued,23,47.44231216310501,0.6956521739130435,526.806954186597,527.0124961321727
210_RCA,210,RCA,104729,sacrificed,16,0.8441771487539195,0.0,-1.1521569889539556,0.3458667751853507
210_RCA,210,RCA,104729,always_nonconsecutive,4,71.69240638188576,1.0,117.33326429270801,117.33326429270801
210_RCA,210,RCA,130363,always_consecutive,828,1.4691846586835164,0.007246376811594203,174.7112670470126,221.46035074030044
210_RCA,210,RCA,130363,rescued,23,58.16478172499001,0.782608695652174,648.4346524677902,648.4346524677902
210_RCA,210,RCA,130363,sacrificed,16,1.090280068643554,0.0,0.6675324653548211,1.7834272573249854
210_RCA,210,RCA,130363,always_nonconsecutive,4,82.84638473122448,1.0,135.84632328391322,135.84632328391322
210_RCA,210,RCA,155921,always_consecutive,828,1.4855125443747388,0.026570048309178744,180.7913157965105,248.65530832798967
210_RCA,210,RCA,155921,rescued,23,58.367051930520525,0.6956521739130435,650.7290548335471,650.7290548335471
210_RCA,210,RCA,155921,sacrificed,16,0.8337077232514822,0.0,-1.229568111048728,0.4080344465513158
210_RCA,210,RCA,155921,always_nonconsecutive,4,73.67915696482422,1.0,120.63081693184611,120.63081693184611
210_RCA,210,RCA,181081,always_consecutive,828,1.29380098903688,0.01570048309178744,109.40328526155653,169.92805676043798
210_RCA,210,RCA,181081,rescued,23,45.054317521655,0.6956521739130435,499.71932385376476,499.71932385376476
210_RCA,210,RCA,181081,sacrificed,16,1.2768597106939918,0.0625,2.0471057234866032,4.007266842718319
210_RCA,210,RCA,181081,always_nonconsecutive,4,72.06746635654248,1.0,117.95577827100271,117.95577827100271
210_RCA,210,RCA,205019,always_consecutive,828,1.5277258280956938,0.024154589371980676,196.51036404032325,258.3566944236211
210_RCA,210,RCA,205019,rescued,23,55.2128682840456,0.7391304347826086,614.9503478236776,615.3207785108989
210_RCA,210,RCA,205019,sacrificed,16,0.9191612001953849,0.0,-0.5977235522821285,0.4807826320399405
210_RCA,210,RCA,205019,always_nonconsecutive,4,58.77656687977927,1.0,95.89591780210701,95.89591780210701
213_LCA,213,LCA,104729,always_consecutive,720,1.3185474336818708,0.005555555555555556,108.4265048105876,166.4530360698087
213_LCA,213,LCA,104729,rescued,51,73.78481440982674,0.7647058823529411,1484.2332657692211,1484.2332657692211
213_LCA,213,LCA,104729,sacrificed,12,0.8567999375107128,0.0,-0.8153150054584664,0.6013527572255972
213_LCA,213,LCA,104729,always_nonconsecutive,12,88.29400430136648,1.0,429.9117043918203,429.9117043918203
213_LCA,213,LCA,130363,always_consecutive,720,1.5828530725461012,0.006944444444444444,198.39030170118824,251.37481782684864
213_LCA,213,LCA,130363,rescued,51,104.88805426413418,0.7450980392156863,2118.492810693325,2118.492810693325
213_LCA,213,LCA,130363,sacrificed,12,0.8968612760101697,0.0,-0.5872242501223677,0.39531438477719855
213_LCA,213,LCA,130363,always_nonconsecutive,12,118.44714616467944,0.9166666666666666,578.4120362871495,578.4120362871495
213_LCA,213,LCA,155921,always_consecutive,720,1.6751076998725667,0.018055555555555554,229.79173751875535,281.46281769379436
213_LCA,213,LCA,155921,rescued,51,86.6652849274404,0.7647058823529411,1746.8927638529417,1746.8927638529417
213_LCA,213,LCA,155921,sacrificed,12,0.8940928694932351,0.0,-0.6029862779820594,0.9405671525930914
213_LCA,213,LCA,155921,always_nonconsecutive,12,96.74333298214351,0.9166666666666666,471.52355761348167,471.52355761348167
213_LCA,213,LCA,181081,always_consecutive,720,1.4650979498338867,0.0125,158.30906095266522,220.35948189680497
213_LCA,213,LCA,181081,rescued,51,22.034637100030828,0.7450980392156863,428.9398601947124,429.08567876387275
213_LCA,213,LCA,181081,sacrificed,12,0.8090357413591465,0.0,-1.0872622739797138,0.5158742566278021
213_LCA,213,LCA,181081,always_nonconsecutive,12,24.887279986538772,1.0,117.64177086944268,117.64177086944268
213_LCA,213,LCA,205019,always_consecutive,720,1.3686615585473763,0.008333333333333333,125.484245122615,173.87686522210845
213_LCA,213,LCA,205019,rescued,51,70.9292670755992,0.7647058823529411,1426.002735406463,1426.002735406463
213_LCA,213,LCA,205019,sacrificed,12,17.21596314628434,0.08333333333333333,92.32620329419316,93.2092783653132
213_LCA,213,LCA,205019,always_nonconsecutive,12,88.2122745133936,1.0,429.50919573468826,429.50919573468826
213_RCA,213,RCA,104729,always_consecutive,988,1.465429017339035,0.018218623481781375,209.8416588528236,298.5078460197486
213_RCA,213,RCA,104729,rescued,24,58.60093610182684,0.625,565.4119298104215,565.4119298104215
213_RCA,213,RCA,104729,sacrificed,10,0.7161785280541073,0.0,-1.499563262555299,0.012392711372295917
213_RCA,213,RCA,104729,always_nonconsecutive,7,56.4213592891163,0.5714285714285714,182.12081649067576,182.12081649067576
213_RCA,213,RCA,130363,always_consecutive,988,1.3140226146816882,0.012145748987854251,141.57911072851363,239.1623254828662
213_RCA,213,RCA,130363,rescued,24,77.09346945802565,0.6666666666666666,746.9350035592236,746.9350035592236
213_RCA,213,RCA,130363,sacrificed,10,0.6345400589559749,0.0,-1.9308979612004864,0.0
213_RCA,213,RCA,130363,always_nonconsecutive,7,29.88630219112258,0.5714285714285714,94.92363608405326,94.92363608405326
213_RCA,213,RCA,155921,always_consecutive,988,1.4112019341093947,0.015182186234817813,185.3930304352944,281.19191119142073
213_RCA,213,RCA,155921,rescued,24,84.28392298806911,0.6666666666666666,817.5166378480644,817.5166378480644
213_RCA,213,RCA,155921,sacrificed,10,0.7568088906430631,0.0,-1.2848938132533279,0.04267053928471137
213_RCA,213,RCA,155921,always_nonconsecutive,7,31.40536598086652,0.5714285714285714,99.91545045378697,99.91545045378697
213_RCA,213,RCA,181081,always_consecutive,988,1.4961526186185212,0.012145748987854251,223.69359162504242,305.57799710693763
213_RCA,213,RCA,181081,rescued,24,87.81375153575715,0.625,852.1655047956438,852.1655047956438
213_RCA,213,RCA,181081,sacrificed,10,0.7183536797542984,0.0,-1.4880709059068455,0.32056452780455935
213_RCA,213,RCA,181081,always_nonconsecutive,7,64.4776062151061,0.5714285714285714,208.59454948516571,208.59454948516571
213_RCA,213,RCA,205019,always_consecutive,988,1.4105921731386368,0.016194331983805668,185.11811578914902,280.2400058954009
213_RCA,213,RCA,205019,rescued,24,58.70704725529016,0.625,566.4535189948062,566.4535189948062
213_RCA,213,RCA,205019,sacrificed,10,0.6827963979752152,0.0,-1.6759368665287573,0.0
213_RCA,213,RCA,205019,always_nonconsecutive,7,51.50837937196836,0.5714285714285714,165.97621221914196,165.97621221914196
221_LCA,221,LCA,104729,always_consecutive,998,1.6937240293524058,0.018036072144288578,291.99219895623685,346.5624606286963
221_LCA,221,LCA,104729,rescued,90,138.39791794010114,0.8888888888888888,4613.883998928029,4614.040708219226
221_LCA,221,LCA,104729,sacrificed,30,0.9020619856333776,0.0,-1.4228285936951313,1.1446304627516468
221_LCA,221,LCA,104729,always_nonconsecutive,16,164.8893776879634,0.9375,942.8709715400585,942.8709715400585
221_LCA,221,LCA,130363,always_consecutive,998,1.427793746515782,0.013026052104208416,180.06070347812013,231.54797964473116
221_LCA,221,LCA,130363,rescued,90,131.99181729322623,0.8777777777777778,4398.764252477256,4398.80581616173
221_LCA,221,LCA,130363,sacrificed,30,0.7857249227871984,0.0,-3.112955768465212,0.5664492034645701
221_LCA,221,LCA,130363,always_nonconsecutive,16,181.48129388479333,0.9375,1038.325822640913,1038.325822640913
221_LCA,221,LCA,155921,always_consecutive,998,1.5264378138058057,0.017034068136272545,221.58052534285932,280.234208179885
221_LCA,221,LCA,155921,rescued,90,141.89696223325873,0.8666666666666667,4731.383483037959,4731.383483037959
221_LCA,221,LCA,155921,sacrificed,30,1.2344152530837773,0.03333333333333333,3.405549183765648,6.543119993380815
221_LCA,221,LCA,155921,always_nonconsecutive,16,189.34180266344546,0.875,1083.548067386011,1083.548067386011
221_LCA,221,LCA,181081,always_consecutive,998,1.5234635913647958,0.011022044088176353,220.3286590185138,272.2687770802785
221_LCA,221,LCA,181081,rescued,90,76.86015897216107,0.8555555555555555,2547.4183225278407,2547.5028345110773
221_LCA,221,LCA,181081,sacrificed,30,0.8499336958828475,0.0,-2.180140467712011,0.829147496499306
221_LCA,221,LCA,181081,always_nonconsecutive,16,81.21106000194553,0.9375,461.46175633350236,461.46175633350236
221_LCA,221,LCA,205019,always_consecutive,998,1.5312278792641971,0.012024048096192385,223.59668982204806,300.61926012114134
221_LCA,221,LCA,205019,rescued,90,66.36296027867034,0.8888888888888888,2194.9176601336744,2194.9176601336744
221_LCA,221,LCA,205019,sacrificed,30,0.830504198802302,0.0,-2.462409249513432,1.1607315570203864
221_LCA,221,LCA,205019,always_nonconsecutive,16,68.69736642793563,0.9375,389.469302739923,389.469302739923
221_RCA,221,RCA,104729,always_consecutive,464,1.2395026465206562,0.00646551724137931,46.17132303353145,85.87618435654667
221_RCA,221,RCA,104729,rescued,10,64.20169848980989,1.0,278.7343644889276,278.7343644889276
221_RCA,221,RCA,104729,sacrificed,7,0.8151637667113367,0.0,-0.6199347055010983,0.0605572748178832
221_RCA,221,RCA,104729,always_nonconsecutive,1,8.977530600324686,1.0,2.5397216559627416,2.5397216559627416
221_RCA,221,RCA,130363,always_consecutive,464,1.372824192519988,0.008620689655172414,71.87305225068258,106.56863314928994
221_RCA,221,RCA,130363,rescued,10,75.56175286288483,0.9,328.834877796323,328.834877796323
221_RCA,221,RCA,130363,sacrificed,7,0.6836552998667864,0.0,-1.0610098194743152,0.04601218595152384
221_RCA,221,RCA,130363,always_nonconsecutive,1,7.1840772765794085,1.0,1.9687589767235227,1.9687589767235227
221_RCA,221,RCA,155921,always_consecutive,464,1.4773249506537836,0.015086206896551725,92.0187096416888,121.92331905079361
221_RCA,221,RCA,155921,rescued,10,62.39636508153652,0.9,270.77241928381835,270.77241928381835
221_RCA,221,RCA,155921,sacrificed,7,0.9719150117612783,0.0,-0.09419613569804136,0.14559591871035604
221_RCA,221,RCA,155921,always_nonconsecutive,1,7.361977019251947,1.0,2.025395027613413,2.025395027613413
221_RCA,221,RCA,181081,always_consecutive,464,1.6279901407783433,0.015086206896551725,121.06394677876364,154.311085927812
221_RCA,221,RCA,181081,rescued,10,70.05692615860582,1.0,304.55729650179046,304.55729650179046
221_RCA,221,RCA,181081,sacrificed,7,0.8787855093210782,0.0,-0.4065494532348916,0.1326324218154321
221_RCA,221,RCA,181081,always_nonconsecutive,1,8.516641213332239,1.0,2.3929931987756934,2.3929931987756934
221_RCA,221,RCA,205019,always_consecutive,464,1.3961699790410491,0.015086206896551725,76.37365325277973,113.82379368574365
221_RCA,221,RCA,205019,rescued,10,63.34631035926704,1.0,274.96190152265666,274.96190152265666
221_RCA,221,RCA,205019,sacrificed,7,0.7873920597022175,0.0,-0.7130801061600339,0.0
221_RCA,221,RCA,205019,always_nonconsecutive,1,6.13745240854615,1.0,1.6355561378769972,1.6355561378769972
223_LCA,223,LCA,104729,always_consecutive,1019,1.4925814030257765,0.012757605495583905,235.89243264178106,336.92603325884346
223_LCA,223,LCA,104729,rescued,30,80.20671260690779,0.9333333333333333,1190.0302794009342,1190.0302794009342
223_LCA,223,LCA,104729,sacrificed,23,0.8544654980371577,0.0,-1.6808493854174729,1.0090882186951824
223_LCA,223,LCA,104729,always_nonconsecutive,5,69.90601861673584,1.0,150.55435269649053,150.55435269649053
223_LCA,223,LCA,130363,always_consecutive,1019,1.3879301227975651,0.010794896957801767,185.77595459273527,298.4424543976173
223_LCA,223,LCA,130363,rescued,30,78.65085749331672,0.9,1166.6545498119158,1166.6545498119158
223_LCA,223,LCA,130363,sacrificed,23,0.8596635160518691,0.0,-1.620814924395667,1.1693577638589883
223_LCA,223,LCA,130363,always_nonconsecutive,5,51.15182087447857,1.0,109.57787258475543,109.57787258475543
223_LCA,223,LCA,155921,always_consecutive,1019,1.2085519410627235,0.011776251226692836,99.8734917868525,212.00282240848014
223_LCA,223,LCA,155921,rescued,30,77.32509103590785,0.9,1146.7357553587162,1146.7357553587162
223_LCA,223,LCA,155921,sacrificed,23,0.7427303150831828,0.0,-2.9713338483089604,0.2383293337071936
223_LCA,223,LCA,155921,always_nonconsecutive,5,93.10414161945532,0.8,201.24046782199463,201.24046782199463
223_LCA,223,LCA,181081,always_consecutive,1019,1.818973354654751,0.017664376840039256,392.19835688396836,458.5782280390704
223_LCA,223,LCA,181081,rescued,30,76.08200170841924,0.9333333333333333,1128.0591319890125,1128.0591319890125
223_LCA,223,LCA,181081,sacrificed,23,1.0563241777390666,0.0,0.6505155702599467,2.83778101948042
223_LCA,223,LCA,181081,always_nonconsecutive,5,82.8164818945331,1.0,178.7627223109336,178.7627223109336
223_LCA,223,LCA,205019,always_consecutive,1019,1.5238108933388164,0.013738959764474975,250.8479311540146,342.9604399036978
223_LCA,223,LCA,205019,rescued,30,88.37340856075186,0.9,1312.729671256366,1312.729671256366
223_LCA,223,LCA,205019,sacrificed,23,0.8459047090958324,0.0,-1.7797221381781152,0.7386806151785484
223_LCA,223,LCA,205019,always_nonconsecutive,5,61.315801333023366,0.8,131.78538840811672,131.78538840811672
223_RCA,223,RCA,104729,always_consecutive,414,1.5223385990872127,0.01932367149758454,97.35796904095125,130.47920499325258
223_RCA,223,RCA,104729,rescued,7,49.76259151037229,0.8571428571428571,161.88436725570483,161.88436725570483
223_RCA,223,RCA,104729,sacrificed,5,0.768173069096675,0.0,-0.676898765620622,0.0201498115903036
223_RCA,223,RCA,104729,always_nonconsecutive,1,7.16571757470356,1.0,2.157991743007857,2.157991743007857
223_RCA,223,RCA,130363,always_consecutive,414,1.207963383718498,0.007246376811594203,38.76200745856893,72.15119836629707
223_RCA,223,RCA,130363,rescued,7,27.143769973673994,0.8571428571428571,86.79332924638891,86.79332924638891
223_RCA,223,RCA,130363,sacrificed,5,0.6123915204595607,0.0,-1.131756782193791,0.0
223_RCA,223,RCA,130363,always_nonconsecutive,1,43.22818176577353,1.0,14.77979918292893,14.77979918292893
223_RCA,223,RCA,155921,always_consecutive,414,1.280982686437978,0.00966183574879227,52.371974299958794,85.87947061460135
223_RCA,223,RCA,155921,rescued,7,35.73981902605362,0.7142857142857143,115.33090115635343,115.33090115635343
223_RCA,223,RCA,155921,sacrificed,5,0.5531017906696036,0.0,-1.304873618759851,0.0
223_RCA,223,RCA,155921,always_nonconsecutive,1,5.735637190417024,1.0,1.6574657906370618,1.6574657906370618
223_RCA,223,RCA,181081,always_consecutive,414,1.326713553278392,0.00966183574879227,60.89568732029701,96.02442343594285
223_RCA,223,RCA,181081,rescued,7,60.72774837288519,0.8571428571428571,198.28701579356752,198.28701579356752
223_RCA,223,RCA,181081,sacrificed,5,0.5971840546192816,0.0,-1.176160229262654,0.0
223_RCA,223,RCA,181081,always_nonconsecutive,1,6.561376196112893,1.0,1.9464731826528854,1.9464731826528854
223_RCA,223,RCA,205019,always_consecutive,414,1.4794538972964464,0.014492753623188406,89.36474878770565,118.51649262380366
223_RCA,223,RCA,205019,rescued,7,63.74726357253885,0.8571428571428571,208.3113457640315,208.53135333045475
223_RCA,223,RCA,205019,sacrificed,5,0.5054311160062149,0.0,-1.4440646122747776,0.0
223_RCA,223,RCA,205019,always_nonconsecutive,1,7.121222010187221,1.0,2.1424183633219815,2.1424183633219815
246_LCA,246,LCA,104729,always_consecutive,589,1.752817256406281,0.015280135823429542,207.42689472806708,242.60213544673556
246_LCA,246,LCA,104729,rescued,20,65.99574017881255,0.8,645.4779889613444,645.4779889613444
246_LCA,246,LCA,104729,sacrificed,17,0.8351875826372582,0.0,-1.402162522422124,0.9654224298261582
246_LCA,246,LCA,104729,always_nonconsecutive,1,95.71712856445004,1.0,32.74400733575714,32.74400733575714
246_LCA,246,LCA,130363,always_consecutive,589,1.724724775960705,0.010186757215619695,199.68645581749834,240.46521930593468
246_LCA,246,LCA,130363,rescued,20,46.521405799461775,0.85,452.0767882524742,452.0767882524742
246_LCA,246,LCA,130363,sacrificed,17,0.9921035779267839,0.0,-0.06717981126337874,0.9689999367912492
246_LCA,246,LCA,130363,always_nonconsecutive,1,165.57334961880485,1.0,56.8935212549384,56.8935212549384
246_LCA,246,LCA,155921,always_consecutive,589,1.5578167798363947,0.006791171477079796,153.69759590929038,206.38375444541157
246_LCA,246,LCA,155921,rescued,20,50.298916322901924,0.85,489.5915529007782,489.5915529007782
246_LCA,246,LCA,155921,sacrificed,17,2.7641602025962455,0.058823529411764705,15.008816442421036,16.721727742384356
246_LCA,246,LCA,155921,always_nonconsecutive,1,145.54049516692135,1.0,49.9681008682521,49.9681008682521
246_LCA,246,LCA,181081,always_consecutive,589,1.7305386723128255,0.013582342954159592,201.2883830532635,237.06811008172582
246_LCA,246,LCA,181081,rescued,20,32.802500454422386,0.9,315.8332220048248,315.8332220048248
246_LCA,246,LCA,181081,sacrificed,17,0.9230188668472262,0.0,-0.6549267437952655,0.6303219475456482
246_LCA,246,LCA,181081,always_nonconsecutive,1,116.2612493347913,1.0,39.84617408644152,39.84617408644152
246_LCA,246,LCA,205019,always_consecutive,589,1.6078244039419394,0.008488964346349746,167.47640622835596,214.44909755663167
246_LCA,246,LCA,205019,rescued,20,57.93114699059434,0.8,565.3878572296139,565.3878572296139
246_LCA,246,LCA,205019,sacrificed,17,0.8644326069428525,0.0,-1.1533567728020806,0.6806435667271902
246_LCA,246,LCA,205019,always_nonconsecutive,1,160.23573567905729,1.0,55.0482914359241,55.0482914359241
246_RCA,246,RCA,104729,always_consecutive,647,1.3787317227889575,0.015455950540958269,116.4132595905532,172.65497444208842
246_RCA,246,RCA,104729,rescued,51,121.02734269430975,0.8627450980392157,2469.120944091643,2469.120944091643
246_RCA,246,RCA,104729,sacrificed,13,0.7218683525571533,0.0,-1.880688591759815,0.0907749746062369
246_RCA,246,RCA,104729,always_nonconsecutive,11,119.88621350587418,0.9090909090909091,554.2360872907692,554.2360872907692
246_RCA,246,RCA,130363,always_consecutive,647,1.6433120404580417,0.01854714064914992,197.73905130545893,250.61295784304514
246_RCA,246,RCA,130363,rescued,51,111.8696199254884,0.9019607843137255,2280.734493295431,2280.734493295431
246_RCA,246,RCA,130363,sacrificed,13,0.9577493359935851,0.0,-0.2856932769848492,0.6695625166344275
246_RCA,246,RCA,130363,always_nonconsecutive,11,110.02377564674833,0.9090909090909091,508.2583510251578,508.2583510251578
246_RCA,246,RCA,155921,always_consecutive,647,1.2298726381113296,0.010819165378670788,70.65746406495565,140.80105183627916
246_RCA,246,RCA,155921,rescued,51,130.40540354112233,0.9019607843137255,2662.0400401246543,2662.283967099906
246_RCA,246,RCA,155921,sacrificed,13,0.7706154034086531,0.0,-1.551067625353286,0.12020818508801762
246_RCA,246,RCA,155921,always_nonconsecutive,11,133.86660240286855,0.9090909090909091,619.4113150365046,619.4113150365046
246_RCA,246,RCA,181081,always_consecutive,647,1.3839177086753136,0.010819165378670788,118.00731016750403,190.2382398744434
246_RCA,246,RCA,181081,rescued,51,124.51733706550907,0.8823529411764706,2540.914737099599,2540.914737099599
246_RCA,246,RCA,181081,sacrificed,13,0.6570732230583314,0.0,-2.318824495999462,0.03776598882190907
246_RCA,246,RCA,181081,always_nonconsecutive,11,128.09263467916597,0.9090909090909091,592.4936331206786,592.4936331206786
246_RCA,246,RCA,205019,always_consecutive,647,1.619318782874036,0.01854714064914992,190.36408597912873,244.9318075413556
246_RCA,246,RCA,205019,rescued,51,65.98902109331662,0.8823529411764706,1336.9099866369781,1336.9099866369781
246_RCA,246,RCA,205019,sacrificed,13,0.8167473250963322,0.0,-1.2391298087414482,0.22428866218514126
246_RCA,246,RCA,205019,always_nonconsecutive,11,69.5979459469616,0.9090909090909091,319.7970230244497,319.7970230244497
265_LCA,265,LCA,104729,always_consecutive,833,1.9926843042292541,0.02040816326530612,371.21543709156595,397.98582501519115
265_LCA,265,LCA,104729,rescued,18,46.09453179278861,0.9444444444444444,338.26628301743574,338.26628301743574
265_LCA,265,LCA,104729,sacrificed,13,1.5237691803483566,0.0,3.093026872994795,3.8198240265373165
265_LCA,265,LCA,104729,always_nonconsecutive,1,26.42978587843548,1.0,12.011163830885021,12.011163830885021
265_LCA,265,LCA,130363,always_consecutive,833,1.5471262459078208,0.010804321728691477,204.59848881828833,259.9373454654535
265_LCA,265,LCA,130363,rescued,18,46.75820049503321,0.8333333333333334,343.24464150433295,343.24464150433295
265_LCA,265,LCA,130363,sacrificed,13,1.1491585051082027,0.0,0.8808293461034876,1.4979936524116835
265_LCA,265,LCA,130363,always_nonconsecutive,1,6.161717982616099,1.0,2.43801660912143,2.43801660912143
265_LCA,265,LCA,155921,always_consecutive,833,1.9169859927585275,0.010804321728691477,342.90796646875083,377.64179047897676
265_LCA,265,LCA,155921,rescued,18,48.65434989355913,0.8333333333333334,357.46817113387624,357.46817113387624
265_LCA,265,LCA,155921,sacrificed,13,1.1590196067828344,0.0,0.9390623495358092,1.5252494638730514
265_LCA,265,LCA,155921,always_nonconsecutive,1,5.735039218454846,1.0,2.2364848870692082,2.2364848870692082
265_LCA,265,LCA,181081,always_consecutive,833,2.044867342344409,0.013205282112845138,390.7293442019672,418.14384499399154
265_LCA,265,LCA,181081,rescued,18,54.75935623573831,0.8333333333333334,403.26347537732926,403.26347537732926
265_LCA,265,LCA,181081,sacrificed,13,4.816693399716341,0.07692307692307693,22.53881231318912,22.762585576852988
265_LCA,265,LCA,181081,always_nonconsecutive,1,6.001517501279293,1.0,2.362349663425488,2.362349663425488
265_LCA,265,LCA,205019,always_consecutive,833,1.6262096204516916,0.015606242496998799,234.17180766991706,286.12818116472863
265_LCA,265,LCA,205019,rescued,18,54.872069866491344,0.8333333333333334,404.10897081556624,404.10897081556624
265_LCA,265,LCA,205019,sacrificed,13,0.8735102499482468,0.0,-0.7469629958147945,0.5640736547599399
265_LCA,265,LCA,205019,always_nonconsecutive,1,5.3604026072145405,1.0,2.059534057197269,2.059534057197269
265_RCA,265,RCA,104729,always_consecutive,561,1.105248508822393,0.008912655971479501,26.952712254064274,74.65807432788095
265_RCA,265,RCA,104729,rescued,7,15.846655740090439,0.42857142857142855,51.76130012660982,51.76130012660982
265_RCA,265,RCA,104729,sacrificed,7,8.398366564955248,0.14285714285714285,27.602492403208107,28.43570157767719
265_RCA,265,RCA,130363,always_consecutive,561,1.4111691355668639,0.0106951871657754,105.29482576695833,150.0263530383125
265_RCA,265,RCA,130363,rescued,7,15.744845621626354,0.42857142857142855,51.40634988124813,51.40634988124813
265_RCA,265,RCA,130363,sacrificed,7,8.24393568469344,0.14285714285714285,27.026327764456784,27.810625382936664
265_RCA,265,RCA,155921,always_consecutive,561,1.327576353732186,0.012477718360071301,83.88785078445406,124.07041015836927
265_RCA,265,RCA,155921,rescued,7,17.25649832423887,0.42857142857142855,56.676567672844264,56.676567672844264
265_RCA,265,RCA,155921,sacrificed,7,0.7855056203442458,0.0,-0.800254952630156,0.0
265_RCA,265,RCA,181081,always_consecutive,561,1.3218407760796267,0.0142602495543672,82.41904732291385,123.0779286888115
265_RCA,265,RCA,181081,rescued,7,20.90465290631013,0.42857142857142855,69.39547404048844,69.39547404048844
265_RCA,265,RCA,181081,sacrificed,7,0.806185925107641,0.0,-0.7230990087990468,0.02878039432107954
265_RCA,265,RCA,205019,always_consecutive,561,1.4362456999677495,0.016042780748663103,111.71659299368586,150.711124810918
265_RCA,265,RCA,205019,rescued,7,12.311363461620605,0.42857142857142855,39.435876282704555,39.435876282704555
265_RCA,265,RCA,205019,sacrificed,7,0.7476103021399917,0.0,-0.9416382192832062,0.0
26_LCA,26,LCA,104729,always_consecutive,1080,1.4813093138131055,0.010185185185185186,247.36770719431215,338.1018050979367
26_LCA,26,LCA,104729,rescued,65,103.47061091065127,0.8,2960.8080937275618,2960.8080937275618
26_LCA,26,LCA,104729,sacrificed,32,0.7945430445337704,0.0,-3.3301773007496416,0.3378742152925484
26_LCA,26,LCA,104729,always_nonconsecutive,9,207.50667601890163,1.0,709.5797091182362,709.5797091182362
26_LCA,26,LCA,130363,always_consecutive,1080,1.3834638311168865,0.007407407407407408,197.08026828702577,285.4575111314489
26_LCA,26,LCA,130363,rescued,65,72.01507431063288,0.8153846153846154,2051.924985388473,2051.924985388473
26_LCA,26,LCA,130363,sacrificed,32,6.255609599319346,0.03125,85.18627052337493,88.98280845380187
26_LCA,26,LCA,130363,always_nonconsecutive,9,126.41886096003302,1.0,430.9530354835358,430.9530354835358
26_LCA,26,LCA,155921,always_consecutive,1080,1.5007036317335272,0.012962962962962963,257.3353679456999,346.5258443984799
26_LCA,26,LCA,155921,rescued,65,48.10199925255308,0.7846153846153846,1360.9753994665855,1360.9753994665855
26_LCA,26,LCA,155921,sacrificed,32,0.7714606179819601,0.0,-3.704311983971377,0.5964351007051337
26_LCA,26,LCA,155921,always_nonconsecutive,9,53.447891552902,1.0,180.21673850663603,180.21673850663603
26_LCA,26,LCA,181081,always_consecutive,1080,1.6498289355466522,0.012962962962962963,333.9779415054378,417.46852319460015
26_LCA,26,LCA,181081,rescued,65,81.1384277858291,0.8,2315.5371427791597,2315.5371427791597
26_LCA,26,LCA,181081,sacrificed,32,0.798184230743571,0.0,-3.2711586336221927,0.5070368735190247
26_LCA,26,LCA,181081,always_nonconsecutive,9,137.49910563499614,1.0,469.02597794230445,469.02597794230445
26_LCA,26,LCA,205019,always_consecutive,1080,1.8871675566477932,0.009259259259259259,455.9575268688039,511.3644187549685
26_LCA,26,LCA,205019,rescued,65,63.95394595661785,0.8,1819.0049914210758,1819.0049914210758
26_LCA,26,LCA,205019,sacrificed,32,0.9261408407333044,0.0,-1.197156334202715,2.525041370018484
26_LCA,26,LCA,205019,always_nonconsecutive,9,129.0564052475994,0.8888888888888888,440.0159284826296,440.0159284826296
26_RCA,26,RCA,104729,always_consecutive,78,1.2742114890357004,0.0,9.941368945508803,11.327938039296694
26_RCA,26,RCA,104729,rescued,2,41.05118839300819,1.0,44.05484754163358,44.05484754163358
26_RCA,26,RCA,104729,sacrificed,2,0.666295135181659,0.0,-0.36706316624971486,0.0
26_RCA,26,RCA,130363,always_consecutive,78,1.9391833330403527,0.02564102564102564,34.04951431488432,35.65530337895887
26_RCA,26,RCA,130363,rescued,2,38.506124046838266,1.0,41.255369517312666,41.255369517312666
26_RCA,26,RCA,130363,sacrificed,2,2.090634074385354,0.0,1.199657657917705,1.199657657917705
26_RCA,26,RCA,155921,always_consecutive,78,2.1850129029565286,0.02564102564102564,42.96191423235929,43.846521531969024
26_RCA,26,RCA,155921,rescued,2,35.21987122897223,1.0,37.64061118720464,37.64061118720464
26_RCA,26,RCA,155921,sacrificed,2,1.9700315398974382,0.0,1.0669992737165233,1.0669992737165233
26_RCA,26,RCA,181081,always_consecutive,78,2.3163105244024984,0.0641025641025641,47.7220287740669,48.145083976660814
26_RCA,26,RCA,181081,rescued,2,36.69379348774729,1.0,39.26187195383626,39.26187195383626
26_RCA,26,RCA,181081,sacrificed,2,2.2752860392949144,0.0,1.402768076852806,1.402768076852806
26_RCA,26,RCA,205019,always_consecutive,78,2.3954111549539427,0.038461538461538464,50.589773502413856,52.217057268485895
26_RCA,26,RCA,205019,rescued,2,25.717684750858187,1.0,27.18855237442382,27.18855237442382
26_RCA,26,RCA,205019,sacrificed,2,1.2026500243447515,0.0,0.22290762712452372,0.29342358754891584
270_LCA,270,LCA,104729,always_consecutive,695,1.6961944870559718,0.014388489208633094,233.57400493458113,283.07030064957587
270_LCA,270,LCA,104729,rescued,28,47.274119854614455,0.7857142857142857,523.5739322097755,523.5739322097755
270_LCA,270,LCA,104729,sacrificed,12,0.9475307163756207,0.0,-0.29257158469304456,0.27714686153731005
270_LCA,270,LCA,104729,always_nonconsecutive,6,42.63223213056262,1.0,111.44565644013777,111.44565644013777
270_LCA,270,LCA,130363,always_consecutive,695,1.81682466297311,0.014388489208633094,274.04555969233064,313.0269096776387
270_LCA,270,LCA,130363,rescued,28,70.56351833780917,0.8214285714285714,787.0845506927911,787.0845506927911
270_LCA,270,LCA,130363,sacrificed,12,1.0718269429119132,0.0,0.4005109477353553,0.8629221840893306
270_LCA,270,LCA,130363,always_nonconsecutive,6,91.49902454786034,0.8333333333333334,242.25756539545262,242.25756539545262
270_LCA,270,LCA,155921,always_consecutive,695,1.6534946419164034,0.010071942446043165,219.2481606126718,262.22295132522225
270_LCA,270,LCA,155921,rescued,28,80.08440260974415,0.7857142857142857,894.8097074766022,894.8097074766022
270_LCA,270,LCA,155921,sacrificed,12,1.003163722115696,0.0,0.017641086917518756,0.49533192082271293
270_LCA,270,LCA,155921,always_nonconsecutive,6,94.48272209361997,1.0,250.24464931070355,250.24464931070355
270_LCA,270,LCA,181081,always_consecutive,695,1.6302806271008192,0.011510791366906475,211.4598334829703,258.0349285666499
270_LCA,270,LCA,181081,rescued,28,54.66319539512846,0.8214285714285714,607.1784901850951,607.1784901850951
270_LCA,270,LCA,181081,sacrificed,12,1.025507114044942,0.0,0.1422290578712499,0.6608782152299768
270_LCA,270,LCA,181081,always_nonconsecutive,6,49.9563423650116,1.0,131.05162592931364,131.05162592931364
270_LCA,270,LCA,205019,always_consecutive,695,1.6259862441575983,0.008633093525179856,210.01906335131844,251.47528318437242
270_LCA,270,LCA,205019,rescued,28,68.54269725888086,0.8214285714285714,764.2197346377023,764.2197346377023
270_LCA,270,LCA,205019,sacrificed,12,1.0126508849431142,0.0,0.0705420238262332,0.47216526549084664
270_LCA,270,LCA,205019,always_nonconsecutive,6,80.06390139068404,0.8333333333333334,211.64679240762166,211.64679240762166
270_RCA,270,RCA,104729,always_consecutive,760,1.4936009281246223,0.015789473684210527,172.5834183941243,240.59241939335197
270_RCA,270,RCA,104729,rescued,20,46.35073065837964,0.85,432.71258167288323,432.71258167288323
270_RCA,270,RCA,104729,sacrificed,15,0.7263801230196718,0.0,-2.1536207921535975,0.044649385843216705
270_RCA,270,RCA,104729,always_nonconsecutive,1,31.195867549291574,1.0,14.929510877799864,14.929510877799864
270_RCA,270,RCA,130363,always_consecutive,760,1.413139869060033,0.015789473684210527,144.45088494501277,207.17632574488533
270_RCA,270,RCA,130363,rescued,20,46.43703875119387,0.85,433.53608764773134,433.53608764773134
270_RCA,270,RCA,130363,sacrificed,15,0.7259551235205551,0.0,-2.1569658991248226,0.029955075369726858
270_RCA,270,RCA,130363,always_nonconsecutive,1,23.314478922156045,1.0,11.03277643064706,11.03277643064706
270_RCA,270,RCA,155921,always_consecutive,760,1.0653139767946067,0.010526315789473684,22.836483365124117,100.01646193432452
270_RCA,270,RCA,155921,rescued,20,33.9612046399367,0.8,314.49830571053536,314.49830571053536
270_RCA,270,RCA,155921,sacrificed,15,0.7257622683821864,0.0,-2.1584838328380016,0.1397844196245387
270_RCA,270,RCA,155921,always_nonconsecutive,1,33.101965583128056,1.0,15.871928289184433,15.871928289184433
270_RCA,270,RCA,181081,always_consecutive,760,1.2864618253171596,0.007894736842105263,100.15897101428025,165.06964790421392
270_RCA,270,RCA,181081,rescued,20,33.41375003201964,0.9,309.27478464921063,309.27478464921063
270_RCA,270,RCA,181081,sacrificed,15,0.7521631146563476,0.0,-1.950686752837957,0.09645993618592391
270_RCA,270,RCA,181081,always_nonconsecutive,1,32.501443777468424,1.0,15.575016905025118,15.575016905025118
270_RCA,270,RCA,205019,always_consecutive,760,1.135467644507472,0.011842105263157895,47.36512400762096,118.17311045537932
270_RCA,270,RCA,205019,rescued,20,42.94076903370691,0.8,400.1765392189574,400.1765392189574
270_RCA,270,RCA,205019,sacrificed,15,2.3000608031241456,0.06666666666666667,10.232582543238834,12.494945890851552
270_RCA,270,RCA,205019,always_nonconsecutive,1,24.115811056187148,1.0,11.428972923171036,11.428972923171036
271_LCA,271,LCA,104729,always_consecutive,930,1.6019522395860286,0.011827956989247311,241.26023734042622,292.32940327357267
271_LCA,271,LCA,104729,rescued,40,53.95856752808971,0.75,925.1464320551707,925.1464320551707
271_LCA,271,LCA,104729,sacrificed,28,1.4745052216126149,0.03571428571428571,6.562295967031492,9.554915934382716
271_LCA,271,LCA,104729,always_nonconsecutive,5,89.40540859902076,0.8,175.69731007448854,175.69731007448854
271_LCA,271,LCA,130363,always_consecutive,930,1.7316947513388545,0.007526881720430108,293.26055749897654,347.8904664559971
271_LCA,271,LCA,130363,rescued,40,46.71850179572568,0.725,798.6679170049147,798.6679170049147
271_LCA,271,LCA,130363,sacrificed,28,1.0141981628491854,0.0,0.1963572634413131,2.2649990633477968
271_LCA,271,LCA,130363,always_nonconsecutive,5,36.422016269174705,0.8,70.39787581478022,70.39787581478022
271_LCA,271,LCA,155921,always_consecutive,930,1.9501659153327078,0.015053763440860216,380.8229942023345,426.76458951794893
271_LCA,271,LCA,155921,rescued,40,49.02172871966865,0.775,838.9035629137477,838.9035629137477
271_LCA,271,LCA,155921,sacrificed,28,1.0821444886285765,0.0,1.136039018936774,3.1950056866290835
271_LCA,271,LCA,155921,always_nonconsecutive,5,36.43322185998626,0.6,70.42014585678993,70.42014585678993
271_LCA,271,LCA,181081,always_consecutive,930,1.5918871036088909,0.011827956989247311,237.22616796578967,305.05851786478104
271_LCA,271,LCA,181081,rescued,40,34.98169614811544,0.75,593.6347302055876,593.6347302055876
271_LCA,271,LCA,181081,sacrificed,28,0.876683282366378,0.0,-1.7054412932369,2.072130850406485
271_LCA,271,LCA,181081,always_nonconsecutive,5,30.442431813923136,0.6,58.514022543810064,58.514022543810064
271_LCA,271,LCA,205019,always_consecutive,930,1.7406593458983832,0.016129032258064516,296.85353393275466,349.2359903522995
271_LCA,271,LCA,205019,rescued,40,51.97477018328481,0.8,890.4909811785336,890.4909811785336
271_LCA,271,LCA,205019,sacrificed,28,4.080467941425578,0.03571428571428571,42.60214941341639,44.74128139022562
271_LCA,271,LCA,205019,always_nonconsecutive,5,44.26618153993035,0.8,85.9874054565985,85.9874054565985
271_RCA,271,RCA,104729,always_consecutive,661,1.2107078343994115,0.018154311649016642,59.34047800731271,130.2541069517684
271_RCA,271,RCA,104729,rescued,21,50.22657814532556,0.8095238095238095,443.3815474087372,443.3815474087372
271_RCA,271,RCA,104729,sacrificed,14,0.7668764878885617,0.0,-1.5330367798807956,0.20408616074642533
271_RCA,271,RCA,104729,always_nonconsecutive,3,24.53400473377116,0.6666666666666666,28.683613668941376,28.683613668941376
271_RCA,271,RCA,130363,always_consecutive,661,1.4905721086562673,0.0226928895612708,138.15710036455832,197.99438908533529
271_RCA,271,RCA,130363,rescued,21,59.954152808038366,0.8571428571428571,530.9973693688744,530.9973693688744
271_RCA,271,RCA,130363,sacrificed,14,1.4145887981231497,0.07142857142857142,2.7263653944332296,4.219545371473225
271_RCA,271,RCA,130363,always_nonconsecutive,3,23.940623187967855,0.6666666666666666,27.96039094460508,27.96039094460508
271_RCA,271,RCA,155921,always_consecutive,661,1.220224068969543,0.01059001512859304,62.02048233572735,131.73602964353643
271_RCA,271,RCA,155921,rescued,21,43.68596377621968,0.7142857142857143,384.47053166807956,384.47053166807956
271_RCA,271,RCA,155921,sacrificed,14,0.643607176836731,0.0,-2.3436645280707236,0.018084717349315882
271_RCA,271,RCA,155921,always_nonconsecutive,3,19.691725107898254,0.6666666666666666,22.781767398543877,22.781767398543877
271_RCA,271,RCA,181081,always_consecutive,661,1.304505845380267,0.015128593040847202,85.7562912759752,152.24070368662672
271_RCA,271,RCA,181081,rescued,21,47.09960462595569,0.8095238095238095,415.2170393328085,415.2170393328085
271_RCA,271,RCA,181081,sacrificed,14,1.5626022965118465,0.07142857142857142,3.699712676710922,5.002985053935778
271_RCA,271,RCA,181081,always_nonconsecutive,3,28.427058103621395,1.0,33.42852810728655,33.42852810728655
271_RCA,271,RCA,205019,always_consecutive,661,1.4733068636087616,0.02118003025718608,133.29478522116267,194.9288584241887
271_RCA,271,RCA,205019,rescued,21,67.851538807033,0.8571428571428571,602.1287653879341,602.1287653879341
271_RCA,271,RCA,205019,sacrificed,14,0.7883963752685722,0.0,-1.391520471407036,0.12635107998283035
271_RCA,271,RCA,205019,always_nonconsecutive,3,22.92608717550174,1.0,26.72385855821327,26.72385855821327
274_LCA,274,LCA,104729,always_consecutive,1042,1.8268280271310686,0.013435700575815739,387.7305639981373,458.3528471204144
274_LCA,274,LCA,104729,rescued,22,40.609678858939546,0.9545454545454546,387.50189869823464,387.50189869823464
274_LCA,274,LCA,104729,sacrificed,17,0.826003354458688,0.0,-1.5023319948634253,0.2670370598269507
274_LCA,274,LCA,104729,always_nonconsecutive,2,7.964022865095151,1.0,5.61517182750646,5.61517182750646
274_LCA,274,LCA,130363,always_consecutive,1042,1.701067562537494,0.012476007677543186,328.75678194732046,403.18680934774903
274_LCA,274,LCA,130363,rescued,22,55.7300686912256,0.9545454545454546,535.4248290995235,535.4248290995235
274_LCA,274,LCA,130363,sacrificed,17,0.8189837749665688,0.0,-1.5629408579175916,0.47050358346235166
274_LCA,274,LCA,130363,always_nonconsecutive,2,28.24172749850113,1.0,21.965318573103445,21.965318573103445
274_LCA,274,LCA,155921,always_consecutive,1042,1.6642944954907293,0.012476007677543186,311.5125164433366,386.2218990235948
274_LCA,274,LCA,155921,rescued,22,51.584879672819646,1.0,494.8724019815022,494.8724019815022
274_LCA,274,LCA,155921,sacrificed,17,0.7461086217230738,0.0,-2.1921637605067303,0.019764834979267287
274_LCA,274,LCA,155921,always_nonconsecutive,2,6.736524719302589,1.0,4.625425937796973,4.625425937796973
274_LCA,274,LCA,181081,always_consecutive,1042,1.6540130727320401,0.011516314779270634,306.69117305133534,383.7410806819945
274_LCA,274,LCA,181081,rescued,22,50.391082703277,0.9545454545454546,483.1934738587723,483.1934738587723
274_LCA,274,LCA,181081,sacrificed,17,0.8327690479547338,0.0,-1.443915249098429,0.21079881963587105
274_LCA,274,LCA,181081,always_nonconsecutive,2,5.5033406590109415,1.0,3.6310954297530316,3.6310954297530316
274_LCA,274,LCA,205019,always_consecutive,1042,1.6948480872549228,0.014395393474088292,325.8402375391064,395.5899648706906
274_LCA,274,LCA,205019,rescued,22,57.43897797266466,0.9090909090909091,552.1431063069447,552.1431063069447
274_LCA,274,LCA,205019,sacrificed,17,0.8628070520681784,0.0,-1.1845593603623301,0.32273485315227574
274_LCA,274,LCA,205019,always_nonconsecutive,2,6.240853422553679,1.0,4.225760463526585,4.225760463526585
274_RCA,274,RCA,104729,always_consecutive,595,1.2592345361723583,0.010084033613445379,68.74056209799024,128.01387121889985
274_RCA,274,RCA,104729,rescued,24,47.6478841189457,0.7916666666666666,443.39692262863,443.39692262863
274_RCA,274,RCA,104729,sacrificed,8,0.972477175586714,0.0,-0.09841841190242567,0.5867570113872527
274_RCA,274,RCA,104729,always_nonconsecutive,7,70.50061579801135,1.0,189.0919227403321,189.0919227403321
274_RCA,274,RCA,130363,always_consecutive,595,0.7999852454915423,0.0033613445378151263,-53.03740333294738,34.94510546247868
274_RCA,274,RCA,130363,rescued,24,50.51345139162512,0.7916666666666666,470.63467915905613,470.63467915905613
274_RCA,274,RCA,130363,sacrificed,8,0.6862770747030835,0.0,-1.1218366117323795,0.021691890480877385
274_RCA,274,RCA,130363,always_nonconsecutive,7,93.06236742405447,1.0,250.47619892800267,250.47619892800267
274_RCA,274,RCA,155921,always_consecutive,595,1.256033668110679,0.010084033613445379,67.89179606160434,135.06462329532147
274_RCA,274,RCA,155921,rescued,24,52.3736459372845,0.8333333333333334,488.31617860140585,488.31617860140585
274_RCA,274,RCA,155921,sacrificed,8,0.9019309898217643,0.0,-0.3506833489780084,0.2817908653600212
274_RCA,274,RCA,155921,always_nonconsecutive,7,73.41794109531253,0.8571428571428571,197.0291567258398,197.0291567258398
274_RCA,274,RCA,181081,always_consecutive,595,1.1613331460747944,0.010084033613445379,42.78029968524337,97.26970201309716
274_RCA,274,RCA,181081,rescued,24,18.762823825870846,0.7083333333333334,168.838985311809,168.838985311809
274_RCA,274,RCA,181081,sacrificed,8,0.7516317000495232,0.0,-0.888136089558874,0.2285720029726923
274_RCA,274,RCA,181081,always_nonconsecutive,7,22.613191544948226,1.0,58.803506974197035,58.803506974197035
274_RCA,274,RCA,205019,always_consecutive,595,1.0983597174500261,0.008403361344537815,26.08179591016718,86.97201712695912
274_RCA,274,RCA,205019,rescued,24,19.04808897961209,0.6666666666666666,171.55048431526924,171.55048431526924
274_RCA,274,RCA,205019,sacrificed,8,0.9068001914965615,0.0,-0.33327165136768433,0.3139330293994257
274_RCA,274,RCA,205019,always_nonconsecutive,7,21.310950911653183,1.0,55.26047095368176,55.26047095368176
275_LCA,275,LCA,104729,always_consecutive,567,1.4530060666767841,0.007054673721340388,119.15084129910821,173.81524123313287
275_LCA,275,LCA,104729,rescued,11,45.52985604554525,0.7272727272727273,244.40237726172438,244.61926010684164
275_LCA,275,LCA,104729,sacrificed,9,0.7291028917153269,0.0,-1.3574625338124167,0.0
275_LCA,275,LCA,104729,always_nonconsecutive,2,124.18247855195912,0.5,86.2277702291612,86.34614578966746
275_LCA,275,LCA,130363,always_consecutive,567,1.576489562795044,0.015873015873015872,151.62979363848947,199.95072139439824
275_LCA,275,LCA,130363,rescued,11,35.41932926064391,0.8181818181818182,188.91069143478524,188.91069143478524
275_LCA,275,LCA,130363,sacrificed,9,0.7657011552756,0.0,-1.1740690236334315,0.0
275_LCA,275,LCA,130363,always_nonconsecutive,2,44.71685091061989,1.0,30.601808144925293,30.601808144925293
275_LCA,275,LCA,155921,always_consecutive,567,1.4761955437854504,0.012345679012345678,125.25019826148508,170.14056078020081
275_LCA,275,LCA,155921,rescued,11,39.92636650107908,0.8181818181818182,213.64759188294357,213.64759188294357
275_LCA,275,LCA,155921,sacrificed,9,0.761187820398099,0.0,-1.1966852967917196,0.0
275_LCA,275,LCA,155921,always_nonconsecutive,2,134.26924032392301,1.0,93.28850635538161,93.28850635538161
275_LCA,275,LCA,181081,always_consecutive,567,1.5593979975283885,0.019400352733686066,147.13432540871486,192.86542832580682
275_LCA,275,LCA,181081,rescued,11,35.31076749030166,0.9090909090909091,188.31484951865036,188.31484951865036
275_LCA,275,LCA,181081,sacrificed,9,0.7069845001289988,0.0,-1.4682975592460596,0.0
275_LCA,275,LCA,181081,always_nonconsecutive,2,38.28114575074879,1.0,26.096812691745512,26.096812691745512
275_LCA,275,LCA,205019,always_consecutive,567,1.5701555700110847,0.01763668430335097,149.96381027864692,192.90669122186964
275_LCA,275,LCA,205019,rescued,11,41.364476981714645,0.7272727272727273,221.5406697288015,221.5406697288015
275_LCA,275,LCA,205019,sacrificed,9,0.7314902474257415,0.0,-1.345499519691331,0.0
275_LCA,275,LCA,205019,always_nonconsecutive,2,128.18886104361687,1.0,89.03223911955685,89.03223911955685
275_RCA,275,RCA,104729,always_consecutive,799,1.532153533790665,0.012515644555694618,204.10913436141809,265.0328316453627
275_RCA,275,RCA,104729,rescued,20,43.58314451791731,0.85,411.0686030369923,411.0686030369923
275_RCA,275,RCA,104729,sacrificed,16,0.8386428114890202,0.0,-1.369255591194089,0.264195251129572
275_RCA,275,RCA,104729,always_nonconsecutive,2,127.4889112535424,1.0,106.88011988558915,106.88011988558915
275_RCA,275,RCA,130363,always_consecutive,799,1.4729329060385967,0.01376720901126408,181.39487935927173,253.10551491207465
275_RCA,275,RCA,130363,rescued,20,41.33938880376716,0.9,389.4089173229913,389.72600751314263
275_RCA,275,RCA,130363,sacrificed,16,0.8318361892474515,0.0,-1.427015680145935,0.40378185595404736
275_RCA,275,RCA,130363,always_nonconsecutive,2,46.99733032626733,1.0,38.86664950284974,38.86664950284974
275_RCA,275,RCA,155921,always_consecutive,799,1.2985868120772144,0.010012515644555695,114.52389559587047,191.29320416546676
275_RCA,275,RCA,155921,rescued,20,31.880130244394685,0.85,298.0956936100063,298.0956936100063
275_RCA,275,RCA,155921,sacrificed,16,0.8361715434876019,0.0,-1.3902264420096437,0.38666782727565496
275_RCA,275,RCA,155921,always_nonconsecutive,2,57.60749330175275,1.0,47.8319847214637,47.8319847214637
275_RCA,275,RCA,181081,always_consecutive,799,1.336185597133864,0.011264080100125156,128.94502593449312,193.63839602707327
275_RCA,275,RCA,181081,rescued,20,43.11895553589246,0.9,406.58763953497015,406.58763953497015
275_RCA,275,RCA,181081,sacrificed,16,2.091086488730954,0.0625,9.258814490744088,10.981130212133207
275_RCA,275,RCA,181081,always_nonconsecutive,2,98.34488354409022,1.0,82.25411002697439,82.25411002697439
275_RCA,275,RCA,205019,always_consecutive,799,1.5093800076484167,0.010012515644555695,195.37427794856941,268.1906586352142
275_RCA,275,RCA,205019,rescued,20,44.898776712318586,0.9,423.76881797850433,423.76881797850433
275_RCA,275,RCA,205019,sacrificed,16,1.0101066174617777,0.0,0.08576340846851782,1.3888179808918308
275_RCA,275,RCA,205019,always_nonconsecutive,2,184.37693141681697,1.0,154.94914312919238,154.94914312919238
285_LCA,285,LCA,104729,always_consecutive,912,1.4588752824416762,0.013157894736842105,198.64267511851705,294.55123041184316
285_LCA,285,LCA,104729,rescued,15,34.72749991170403,0.8666666666666667,237.22161466178582,237.22161466178582
285_LCA,285,LCA,104729,sacrificed,12,0.7964719800572188,0.0,-1.2630863909500747,0.09668662529344163
285_LCA,285,LCA,104729,always_nonconsecutive,3,68.48398791038788,0.6666666666666666,88.14868920918462,88.14868920918462
285_LCA,285,LCA,130363,always_consecutive,912,1.5792061972083908,0.01425438596491228,250.73276522215338,334.5595811341376
285_LCA,285,LCA,130363,rescued,15,34.87835212651706,0.8666666666666667,238.2826303334762,238.2826303334762
285_LCA,285,LCA,130363,sacrificed,12,0.7649818135368588,0.0,-1.4585130491163594,0.162618180650885
285_LCA,285,LCA,130363,always_nonconsecutive,3,52.19911279556554,0.6666666666666666,66.87711887441054,66.87711887441054
285_LCA,285,LCA,155921,always_consecutive,912,1.5532397719562325,0.01644736842105263,239.49215067454085,321.86260738933004
285_LCA,285,LCA,155921,rescued,15,39.568084979208976,0.8666666666666667,271.2677612373514,271.2677612373514
285_LCA,285,LCA,155921,sacrificed,12,0.7890700949248294,0.0,-1.309022180924965,0.1068732907582507
285_LCA,285,LCA,155921,always_nonconsecutive,3,50.92495251735897,1.0,65.21278987068504,65.21278987068504
285_LCA,285,LCA,181081,always_consecutive,912,1.518642377684022,0.013157894736842105,224.5152730493324,314.1498735197648
285_LCA,285,LCA,181081,rescued,15,35.549637984188294,0.8666666666666667,243.00410436722547,243.00410436722547
285_LCA,285,LCA,181081,sacrificed,12,0.7522758416762653,0.0,-1.5373657797891285,0.11090246386332547
285_LCA,285,LCA,181081,always_nonconsecutive,3,27.032314769961303,0.6666666666666666,34.003835503914516,34.003835503914516
285_LCA,285,LCA,205019,always_consecutive,912,1.5306980073202106,0.01206140350877193,229.73403861113817,311.6643143049366
285_LCA,285,LCA,205019,rescued,15,40.40020025624207,0.8666666666666667,277.12042538735653,277.12042538735653
285_LCA,285,LCA,205019,sacrificed,12,0.9048676215582512,0.0,-0.590387567187391,0.4513774672427123
285_LCA,285,LCA,205019,always_nonconsecutive,3,45.740826149117474,1.0,58.44119918369016,58.44119918369016
285_RCA,285,RCA,104729,always_consecutive,432,1.1774147800067691,0.009259259259259259,35.4018091274684,74.94192705850155
285_RCA,285,RCA,104729,rescued,5,46.71310351445854,0.6,116.67756522775636,116.67756522775636
285_RCA,285,RCA,104729,sacrificed,4,0.8753079296681987,0.0,-0.24267172321435382,0.11459789459103253
285_RCA,285,RCA,104729,always_nonconsecutive,1,141.2508104859293,1.0,49.087970925109396,49.087970925109396
285_RCA,285,RCA,130363,always_consecutive,432,1.0143796733876513,0.004629629629629629,2.8693576294238117,47.606002124958394
285_RCA,285,RCA,130363,rescued,5,61.41432483507017,0.6,154.2007823731601,154.2007823731601
285_RCA,285,RCA,130363,sacrificed,4,0.9146267463692063,0.0,-0.16615069843552815,0.1993654285226032
285_RCA,285,RCA,130363,always_nonconsecutive,1,243.63423672501148,1.0,84.9223068054098,84.9223068054098
285_RCA,285,RCA,155921,always_consecutive,432,0.9451541792717737,0.004629629629629629,-10.944078485377265,26.255618627832003
285_RCA,285,RCA,155921,rescued,5,58.92570374357399,0.6,147.84885639555995,147.84885639555995
285_RCA,285,RCA,155921,sacrificed,4,0.8266072939788054,0.0,-0.33745134434769075,0.08141554338911444
285_RCA,285,RCA,155921,always_nonconsecutive,1,244.6739024272927,1.0,85.2861911893117,85.2861911893117
285_RCA,285,RCA,181081,always_consecutive,432,1.1517530231487005,0.004629629629629629,30.281195060646095,65.29524479973443
285_RCA,285,RCA,181081,rescued,5,57.530636227101326,0.6,144.28810316210507,144.28810316210507
285_RCA,285,RCA,181081,sacrificed,4,0.7168546458816366,0.0,-0.5510484413419638,0.003945542665806989
285_RCA,285,RCA,181081,always_nonconsecutive,1,208.9084494919316,1.0,72.76823490990388,72.76823490990388
285_RCA,285,RCA,205019,always_consecutive,432,1.27666262755239,0.004629629629629629,55.20598415160168,98.35944617983094
285_RCA,285,RCA,205019,rescued,5,53.6363606923394,0.6,134.34840200883892,134.34840200883892
285_RCA,285,RCA,205019,sacrificed,4,0.835604141296601,0.0,-0.3199419675581624,0.049290575904872014
285_RCA,285,RCA,205019,always_nonconsecutive,1,187.83728051841587,1.0,65.39329763612764,65.39329763612764
298_LCA,298,LCA,104729,always_consecutive,868,1.3654470598816892,0.009216589861751152,151.32243326164655,231.4650534458866
298_LCA,298,LCA,104729,rescued,25,86.35559362842092,0.8,970.4594503427804,970.4594503427804
298_LCA,298,LCA,104729,sacrificed,20,3.159759038885572,0.05,22.843778071156525,25.726745949974255
298_LCA,298,LCA,104729,always_nonconsecutive,2,59.54355539822017,1.0,49.46786316170166,49.46786316170166
298_LCA,298,LCA,130363,always_consecutive,868,1.515562445418489,0.012672811059907835,213.48143767884682,290.9462127567669
298_LCA,298,LCA,130363,rescued,25,68.74158145868516,0.8,770.1950758369119,770.1950758369119
298_LCA,298,LCA,130363,sacrificed,20,0.7580085202060183,0.0,-2.5595446343759285,0.3002306502879946
298_LCA,298,LCA,130363,always_nonconsecutive,2,97.02115244597552,1.0,81.13551009187287,81.13551009187287
298_LCA,298,LCA,155921,always_consecutive,868,1.5294915335449462,0.013824884792626729,219.24912263188423,294.01041202796677
298_LCA,298,LCA,155921,rescued,25,57.87072001509793,0.8,646.5976667763833,646.5976667763833
298_LCA,298,LCA,155921,sacrificed,20,0.8148678931427983,0.0,-1.958142869990606,0.4393109485022749
298_LCA,298,LCA,155921,always_nonconsecutive,2,82.74842928494023,1.0,69.07541036830179,69.07541036830179
298_LCA,298,LCA,181081,always_consecutive,868,1.42924822653554,0.01152073732718894,177.74089120769793,251.1598269924655
298_LCA,298,LCA,181081,rescued,25,64.92373891620545,0.8,726.7877112135761,726.7877112135761
298_LCA,298,LCA,181081,sacrificed,20,0.8026535868092984,0.0,-2.087333626066604,0.386536898060706
298_LCA,298,LCA,181081,always_nonconsecutive,2,78.14074957498815,1.0,65.18203443931289,65.18203443931289
298_LCA,298,LCA,205019,always_consecutive,868,1.577164561189492,0.010368663594470046,238.98932397994787,299.09183566019794
298_LCA,298,LCA,205019,rescued,25,66.36554979652877,0.8,743.1805325265886,743.1805325265886
298_LCA,298,LCA,205019,sacrificed,20,0.8762722409272854,0.0,-1.3086688925061887,1.0182478898726406
298_LCA,298,LCA,205019,always_nonconsecutive,2,77.1368029498882,1.0,64.33372425496754,64.33372425496754
298_RCA,298,RCA,104729,always_consecutive,665,1.3682233148542247,0.015037593984962405,113.81122188970835,163.66849262096707
298_RCA,298,RCA,104729,rescued,15,63.886103401629974,1.0,384.8536319547403,384.8536319547403
298_RCA,298,RCA,104729,sacrificed,14,0.8144964877500728,0.0,-1.212915269216064,0.3679522761485187
298_RCA,298,RCA,104729,always_nonconsecutive,2,24.853733376311656,1.0,16.697665685411764,16.697665685411764
298_RCA,298,RCA,130363,always_consecutive,665,1.3289087623768892,0.019548872180451128,101.65979889449686,149.91491187457356
298_RCA,298,RCA,130363,rescued,15,66.76751601465853,1.0,402.4874500687672,402.4874500687672
298_RCA,298,RCA,130363,sacrificed,14,0.9056344155692804,0.0,-0.6170096558080802,0.6505959326792163
298_RCA,298,RCA,130363,always_nonconsecutive,2,29.277481456054957,1.0,19.794299044506403,19.794299044506403
298_RCA,298,RCA,155921,always_consecutive,665,1.4940879578981896,0.016541353383458645,152.71372545121332,196.53649997902085
298_RCA,298,RCA,155921,rescued,15,70.50781468883336,1.0,425.37752357448835,425.37752357448835
298_RCA,298,RCA,155921,sacrificed,14,1.0247787570781355,0.0,0.16201597720572658,1.1116755040762651
298_RCA,298,RCA,155921,always_nonconsecutive,2,16.590968893222808,1.0,10.913712423281149,10.913712423281149
298_RCA,298,RCA,181081,always_consecutive,665,1.6095668003088033,0.016541353383458645,188.4061643245206,225.48288898536885
298_RCA,298,RCA,181081,rescued,15,62.82907340270301,0.9333333333333333,378.3847650323605,378.3847650323605
298_RCA,298,RCA,181081,sacrificed,14,1.7976715780225767,0.07142857142857142,5.215577996710602,6.229641029317414
298_RCA,298,RCA,181081,always_nonconsecutive,2,21.305582776830242,1.0,14.21395248308055,14.21395248308055
298_RCA,298,RCA,205019,always_consecutive,665,1.6904255780990824,0.015037593984962405,213.39816219533256,247.0355694565732
298_RCA,298,RCA,205019,rescued,15,55.19615796501989,0.9333333333333333,331.67245389050635,331.67245389050635
298_RCA,298,RCA,205019,sacrificed,14,1.4090986368367646,0.0,2.6748926595322917,3.1349598471804825
298_RCA,298,RCA,205019,always_nonconsecutive,2,20.929692732381863,0.5,13.950828627470317,13.950828627470317
300_LCA,300,LCA,104729,always_consecutive,683,1.5427080245204348,0.007320644216691069,178.6765502536826,226.73662524036797
300_LCA,300,LCA,104729,rescued,13,60.45456905189685,0.9230769230769231,407.0207824867465,407.0207824867465
300_LCA,300,LCA,104729,sacrificed,10,0.7578561853521499,0.0,-1.306296894966624,0.014054626442906282
300_LCA,300,LCA,130363,always_consecutive,683,1.5973203428176928,0.01171303074670571,196.6566430362294,246.41471965673634
300_LCA,300,LCA,130363,rescued,13,49.270357528975914,0.9230769230769231,330.45464807270304,330.45464807270304
300_LCA,300,LCA,130363,sacrificed,10,0.699308512183926,0.0,-1.6221449118915967,0.0
300_LCA,300,LCA,155921,always_consecutive,683,1.525787312880924,0.010248901903367497,173.10571981266094,235.17782198291022
300_LCA,300,LCA,155921,rescued,13,77.14270327699417,0.9230769230769231,521.2662905925068,521.2662905925068
300_LCA,300,LCA,155921,sacrificed,10,0.8628268219801188,0.0,-0.7400102157499642,0.1859954822186876
300_LCA,300,LCA,181081,always_consecutive,683,1.6953761858237337,0.017569546120058566,228.93971048491494,276.158988818906
300_LCA,300,LCA,181081,rescued,13,62.91898267868156,0.9230769230769231,423.89194274811103,423.89194274811103
300_LCA,300,LCA,181081,sacrificed,10,0.8406937358728415,0.0,-0.8594119097391861,0.1708948839844856
300_LCA,300,LCA,205019,always_consecutive,683,1.571817601611452,0.010248901903367497,188.26033855046086,247.8978813265431
300_LCA,300,LCA,205019,rescued,13,77.03479903585728,0.9230769230769231,520.5275875901716,520.5275875901716
300_LCA,300,LCA,205019,sacrificed,10,0.823905086247014,0.0,-0.9499818915031031,0.10579165111476979
300_RCA,300,RCA,104729,always_consecutive,515,1.227277656632157,0.007766990291262136,53.955428447969524,86.33108425708474
300_RCA,300,RCA,104729,rescued,4,118.55691492376212,1.0,215.70841288197067,215.70841288197067
300_RCA,300,RCA,104729,sacrificed,4,1.279832202384403,0.0,0.6162980589935628,0.8054573981286481
300_RCA,300,RCA,130363,always_consecutive,515,1.8726831557075823,0.007766990291262136,207.17387825648066,225.32317082140668
300_RCA,300,RCA,130363,rescued,4,123.41358962747485,1.0,224.62005872518878,224.62005872518878
300_RCA,300,RCA,130363,sacrificed,4,1.5503108837309278,0.0,1.211996069775086,1.211996069775086
300_RCA,300,RCA,155921,always_consecutive,515,1.1699906423479087,0.013592233009708738,40.35556365697441,82.19895996662413
300_RCA,300,RCA,155921,rescued,4,95.37036737007519,1.0,173.1627797623729,173.1627797623729
300_RCA,300,RCA,155921,sacrificed,4,0.8567125860381707,0.0,-0.31557395592939935,0.0
300_RCA,300,RCA,181081,always_consecutive,515,1.807272149293894,0.009708737864077669,191.64538800116503,208.83349692740916
300_RCA,300,RCA,181081,rescued,4,113.70939857934023,1.0,206.8135719638266,206.8135719638266
300_RCA,300,RCA,181081,sacrificed,4,1.3276117518392356,0.0,0.7215269902519816,1.1234775649411688
300_RCA,300,RCA,205019,always_consecutive,515,1.527384198737674,0.017475728155339806,125.20034226520725,162.39496309818833
300_RCA,300,RCA,205019,rescued,4,112.40688706361159,1.0,204.4235577991939,204.4235577991939
300_RCA,300,RCA,205019,sacrificed,4,0.8353521020562734,0.0,-0.36261795124171364,0.07191053933300923
326_RCA,326,RCA,104729,always_consecutive,245,1.0319832496629062,0.00816326530612245,3.549023002392264,38.87837634460985
326_RCA,326,RCA,104729,rescued,2,24.377403742799608,1.0,19.290343528717095,19.290343528717095
326_RCA,326,RCA,104729,sacrificed,2,0.5891280770949753,0.0,-0.4418450427084231,0.0
326_RCA,326,RCA,130363,always_consecutive,245,1.0416334546481212,0.004081632653061225,4.619858512582775,32.97761761817215
326_RCA,326,RCA,130363,rescued,2,25.715138333434695,1.0,20.394202626481395,20.394202626481395
326_RCA,326,RCA,130363,sacrificed,2,0.7717805847906658,0.0,-0.24542348025900218,0.15138404391033178
326_RCA,326,RCA,155921,always_consecutive,245,1.0561812989916572,0.00816326530612245,6.234160835036009,40.15193011241038
326_RCA,326,RCA,155921,rescued,2,25.074135950256473,1.0,19.86526638059725,19.86526638059725
326_RCA,326,RCA,155921,sacrificed,2,0.6119238187553189,0.0,-0.4173308695902641,0.0
326_RCA,326,RCA,181081,always_consecutive,245,1.0865118080455,0.00816326530612245,9.59978738771241,47.1673330678075
326_RCA,326,RCA,181081,rescued,2,65.60608520662444,1.0,53.311034509775844,53.311034509775844
326_RCA,326,RCA,181081,sacrificed,2,0.7840253411477333,0.0,-0.23225566665594588,0.0
326_RCA,326,RCA,205019,always_consecutive,245,2.5431696412573506,0.044897959183673466,171.23790143712716,173.18652227832095
326_RCA,326,RCA,205019,rescued,2,13.491644210555581,1.0,10.307736081871234,10.307736081871234
326_RCA,326,RCA,205019,sacrificed,2,2.0444438782369136,0.0,1.1231781104030674,1.1231781104030674
330_LCA,330,LCA,104729,always_consecutive,1109,1.587153776255064,0.016230838593327322,277.5361589134311,352.05162871548305
330_LCA,330,LCA,104729,rescued,51,29.813579371903398,0.7254901960784313,632.8842904179654,632.9712106052427
330_LCA,330,LCA,104729,sacrificed,38,0.8394194754167073,0.0,-2.899950662790246,0.9406818227600995
330_LCA,330,LCA,104729,always_nonconsecutive,3,10.607406737865771,1.0,12.976587723096998,12.976587723096998
330_LCA,330,LCA,130363,always_consecutive,1109,1.6895372331303935,0.019837691614066726,325.9308257053109,392.2616046227734
330_LCA,330,LCA,130363,rescued,51,40.71944816078839,0.803921568627451,872.429434766651,872.5307334879193
330_LCA,330,LCA,130363,sacrificed,38,0.9464201878779717,0.02631578947368421,-0.9676068257882544,2.69313251942836
330_LCA,330,LCA,130363,always_nonconsecutive,3,11.099450112388794,1.0,13.641183715260128,13.641183715260128
330_LCA,330,LCA,155921,always_consecutive,1109,1.7853365366179517,0.015329125338142471,371.2132913757165,438.6381015106712
330_LCA,330,LCA,155921,rescued,51,58.337994263934995,0.803921568627451,1259.4171430539175,1259.4171430539175
330_LCA,330,LCA,155921,sacrificed,38,0.8553259418412384,0.0,-2.6126931141543053,0.6437735326903951
330_LCA,330,LCA,155921,always_nonconsecutive,3,9.607341779110145,1.0,11.625814198027044,11.625814198027044
330_LCA,330,LCA,181081,always_consecutive,1109,1.6147698630541207,0.012623985572587917,290.58974549396015,366.8564439470472
330_LCA,330,LCA,181081,rescued,51,41.17510460792792,0.8627450980392157,882.4378340529776,882.4378340529776
330_LCA,330,LCA,181081,sacrificed,38,0.9090909529715381,0.0,-1.6417417483716825,1.30725868453149
330_LCA,330,LCA,181081,always_nonconsecutive,3,9.898700098524044,1.0,12.019347738751108,12.019347738751108
330_LCA,330,LCA,205019,always_consecutive,1109,1.663926976583386,0.020739404869251576,313.8253560340126,389.97371087939024
330_LCA,330,LCA,205019,rescued,51,44.58934257558436,0.7843137254901961,957.4308623605045,957.7723477427019
330_LCA,330,LCA,205019,sacrificed,38,1.9380144797185757,0.05263157894736842,16.93976102784357,20.581781111698298
330_LCA,330,LCA,205019,always_nonconsecutive,3,11.323887630122005,1.0,13.944328280352842,13.944328280352842
330_RCA,330,RCA,104729,always_consecutive,933,1.52538436628442,0.021436227224008574,216.06356003298282,280.1131547611667
330_RCA,330,RCA,104729,rescued,75,66.75450550116695,0.8933333333333333,2040.0525505726425,2040.0525505726425
330_RCA,330,RCA,104729,sacrificed,41,1.7998526033425315,0.04878048780487805,14.462953521913672,17.032655796495845
330_RCA,330,RCA,104729,always_nonconsecutive,11,66.94211744864957,0.9090909090909091,263.68584468039523,263.68584468039523
330_RCA,330,RCA,130363,always_consecutive,933,1.3426954387572247,0.02572347266881029,140.93300306706664,222.4720026854103
330_RCA,330,RCA,130363,rescued,75,45.24114928417413,0.88,1372.594451886536,1372.594451886536
330_RCA,330,RCA,130363,sacrificed,41,1.1454867333004213,0.04878048780487805,2.6306945216979543,6.155522621515394
330_RCA,330,RCA,130363,always_nonconsecutive,11,58.19264071632353,0.9090909090909091,228.69890079780836,228.69890079780836
330_RCA,330,RCA,155921,always_consecutive,933,1.3378834424690522,0.01929260450160772,138.95407655990584,222.64504809639993
330_RCA,330,RCA,155921,rescued,75,65.79858419528637,0.88,2010.3948155878695,2010.3948155878695
330_RCA,330,RCA,155921,sacrificed,41,1.093492222213127,0.04878048780487805,1.690528553483775,5.714661972367315
330_RCA,330,RCA,155921,always_nonconsecutive,11,63.59002835453839,0.9090909090909091,250.28168845333806,250.28168845333806
330_RCA,330,RCA,181081,always_consecutive,933,1.2073433912498084,0.015005359056806002,85.26966947945459,186.83990660605176
330_RCA,330,RCA,181081,rescued,75,47.518825354116736,0.9066666666666666,1443.2600107018513,1443.2600107018513
330_RCA,330,RCA,181081,sacrificed,41,2.8177509242945353,0.04878048780487805,32.86861482055957,36.91558781015871
330_RCA,330,RCA,181081,always_nonconsecutive,11,55.31148718700921,0.9090909090909091,217.17789675023957,217.17789675023957
330_RCA,330,RCA,205019,always_consecutive,933,1.3966567468275242,0.022508038585209004,163.124512890931,246.5786217406556
330_RCA,330,RCA,205019,rescued,75,49.511689609286016,0.88,1505.0892005910673,1505.2119684749625
330_RCA,330,RCA,205019,sacrificed,41,0.9103377770464548,0.0,-1.6212744170981257,1.2118295520522733
330_RCA,330,RCA,205019,always_nonconsecutive,11,50.241215754330376,0.9090909090909091,196.90316404202898,196.90316404202898
335_RCA,335,RCA,104729,always_consecutive,779,1.397804930854013,0.012836970474967908,141.86555517940192,213.02235573087253
335_RCA,335,RCA,104729,rescued,7,91.02716238657283,1.0,335.86634073950927,335.86634073950927
335_RCA,335,RCA,104729,sacrificed,6,4.780476679388193,0.16666666666666666,10.776461304061922,11.285722379873617
335_RCA,335,RCA,104729,always_nonconsecutive,1,220.21246354426893,1.0,75.35428434334244,75.35428434334244
335_RCA,335,RCA,130363,always_consecutive,779,1.8492843780832897,0.01797175866495507,302.8725650617801,346.43985830279706
335_RCA,335,RCA,130363,rescued,7,68.89712672516686,1.0,253.30532358653687,253.30532358653687
335_RCA,335,RCA,130363,sacrificed,6,1.1095848396251302,0.0,0.3123777459521754,0.5388061332106521
335_RCA,335,RCA,130363,always_nonconsecutive,1,89.05567185985943,1.0,30.26913720182668,30.26913720182668
335_RCA,335,RCA,155921,always_consecutive,779,1.658771674213949,0.010269576379974325,234.93175184679393,287.3337992332142
335_RCA,335,RCA,155921,rescued,7,66.81124491775991,1.0,245.52347784912894,245.52347784912894
335_RCA,335,RCA,155921,sacrificed,6,0.9682050802025742,0.0,-0.09063320631782384,0.33467979289357375
335_RCA,335,RCA,155921,always_nonconsecutive,1,178.11910915176932,1.0,60.884693770920705,60.884693770920705
335_RCA,335,RCA,181081,always_consecutive,779,1.7529043452479134,0.01668806161745828,268.5014303524987,320.1614906626873
335_RCA,335,RCA,181081,rescued,7,58.824917471920024,1.0,215.72870809215377,215.72870809215377
335_RCA,335,RCA,181081,sacrificed,6,0.9531575020816353,0.0,-0.13352717369084594,0.20683885093245347
335_RCA,335,RCA,181081,always_nonconsecutive,1,144.84957092897437,1.0,49.448290006834945,49.448290006834945
335_RCA,335,RCA,205019,always_consecutive,779,1.321274534675162,0.01540436456996149,114.57321589465685,190.51028726233994
335_RCA,335,RCA,205019,rescued,7,55.71525619574806,1.0,204.12742547833005,204.12742547833005
335_RCA,335,RCA,205019,sacrificed,6,0.8643506488112696,0.0,-0.38667610144946896,0.1388357588655359
335_RCA,335,RCA,205019,always_nonconsecutive,1,74.45725272019436,1.0,25.250930622566813,25.250930622566813
351_LCA,351,LCA,104729,always_consecutive,1078,1.4344263268097452,0.011131725417439703,201.6808093773559,282.8817483139179
351_LCA,351,LCA,104729,rescued,36,64.7806419830118,0.8888888888888888,929.5112878963506,929.5112878963506
351_LCA,351,LCA,104729,sacrificed,27,0.8121538605923032,0.0,-2.4240203036855212,0.6079910568369186
351_LCA,351,LCA,104729,always_nonconsecutive,1,90.44690917083517,1.0,28.47626209930885,28.47626209930885
351_LCA,351,LCA,130363,always_consecutive,1078,1.5432595076720417,0.02040816326530612,252.20620954039163,328.25421800174166
351_LCA,351,LCA,130363,rescued,36,72.2756501430373,0.8888888888888888,1038.740271346761,1038.740271346761
351_LCA,351,LCA,130363,sacrificed,27,1.0660435839239109,0.037037037037037035,0.852245294284492,3.073206445958591
351_LCA,351,LCA,130363,always_nonconsecutive,1,235.0264544404242,1.0,74.50451576911942,74.50451576911942
351_LCA,351,LCA,155921,always_consecutive,1078,1.6818362971788972,0.017625231910946195,316.5399695910294,381.16831579533874
351_LCA,351,LCA,155921,rescued,36,73.70743255335876,0.8333333333333334,1059.6064443865328,1059.6064443865328
351_LCA,351,LCA,155921,sacrificed,27,1.097695993062827,0.037037037037037035,1.2606970338582757,3.384599093391368
351_LCA,351,LCA,155921,always_nonconsecutive,1,137.90212096894462,1.0,43.5840736678476,43.5840736678476
351_LCA,351,LCA,181081,always_consecutive,1078,1.5858340929086714,0.017625231910946195,271.97130267478894,346.1179665132104
351_LCA,351,LCA,181081,rescued,36,48.51602877715873,0.8611111111111112,692.477901306494,692.477901306494
351_LCA,351,LCA,181081,sacrificed,27,0.9324160354841518,0.0,-0.8721228059652398,1.5267900547023303
351_LCA,351,LCA,181081,always_nonconsecutive,1,77.7175925162844,1.0,24.423764804988977,24.423764804988977
351_LCA,351,LCA,205019,always_consecutive,1078,1.4690701323040116,0.012059369202226345,217.76406746004398,309.352240982084
351_LCA,351,LCA,205019,rescued,36,68.93415739323045,0.8611111111111112,990.0428118543249,990.0428118543249
351_LCA,351,LCA,205019,sacrificed,27,0.8108302696333716,0.0,-2.441100299943848,0.40774360956789246
351_LCA,351,LCA,205019,always_nonconsecutive,1,96.88290682989847,1.0,30.52522229154971,30.52522229154971
351_RCA,351,RCA,104729,always_consecutive,887,1.498915827073905,0.018038331454340473,187.9241690211643,252.04651516559204
351_RCA,351,RCA,104729,rescued,117,27.916164444412,0.7264957264957265,1230.474256840179,1230.474256840179
351_RCA,351,RCA,104729,sacrificed,46,0.7944345927995577,0.0,-4.414906481632849,1.1455461208775621
351_RCA,351,RCA,104729,always_nonconsecutive,17,35.720595683814494,0.8823529411764706,229.11876067844503,229.11876067844503
351_RCA,351,RCA,130363,always_consecutive,887,1.395363839323124,0.012401352874859075,148.91975145701144,207.8737584719079
351_RCA,351,RCA,130363,rescued,117,37.71757882159252,0.7521367521367521,1678.5465702877837,1678.5465702877837
351_RCA,351,RCA,130363,sacrificed,46,0.9906384014941223,0.0,-0.20105805974320523,3.3352039643606473
351_RCA,351,RCA,130363,always_nonconsecutive,17,47.87637915807304,0.9411764705882353,309.33391798912345,309.33391798912345
351_RCA,351,RCA,155921,always_consecutive,887,1.2584318312220415,0.015783540022547914,97.34224591721735,158.76860021443426
351_RCA,351,RCA,155921,rescued,117,41.47793239398938,0.717948717948718,1850.4513852181271,1850.691835698602
351_RCA,351,RCA,155921,sacrificed,46,2.7684314462318214,0.043478260869565216,37.98041489869622,43.84664528501801
351_RCA,351,RCA,155921,always_nonconsecutive,17,36.134953880886734,0.9411764705882353,231.85308117958792,231.85308117958792
351_RCA,351,RCA,181081,always_consecutive,887,1.2690498616401535,0.015783540022547914,101.3416871750101,178.06827441384684
351_RCA,351,RCA,181081,rescued,117,37.22497941499846,0.6752136752136753,1656.0273554865612,1656.0747167825123
351_RCA,351,RCA,181081,sacrificed,46,1.7653478343760904,0.021739130434782608,16.437294390665375,22.283860820299658
351_RCA,351,RCA,181081,always_nonconsecutive,17,51.990248792460775,0.7647058823529411,336.4810533898849,336.4810533898849
351_RCA,351,RCA,205019,always_consecutive,887,1.4359427532871674,0.018038331454340473,164.20441125864278,239.57479076955428
351_RCA,351,RCA,205019,rescued,117,35.751488543457405,0.7435897435897436,1588.66662179567,1588.795278528964
351_RCA,351,RCA,205019,sacrificed,46,0.9692752318714419,0.021739130434782608,-0.6598725914286199,5.017663402968292
351_RCA,351,RCA,205019,always_nonconsecutive,17,39.5977785709543,0.8235294117647058,254.70401693714624,254.70401693714624
372_LCA,372,LCA,104729,always_consecutive,827,2.6099130397905714,0.03143893591293833,625.1231594639753,639.774785404028
372_LCA,372,LCA,104729,rescued,7,69.3028467989017,0.8571428571428571,249.54914882172346,249.54914882172346
372_LCA,372,LCA,104729,sacrificed,7,2.38938857214922,0.0,4.87479931753441,5.004220276165353
372_LCA,372,LCA,130363,always_consecutive,827,1.3782188616512174,0.008464328899637243,146.86095703345194,225.41458220958725
372_LCA,372,LCA,130363,rescued,7,64.86764575878405,0.8571428571428571,233.3448367573488,233.3448367573488
372_LCA,372,LCA,130363,sacrificed,7,0.7972525895746192,0.0,-0.7113581886200852,0.13218497435802912
372_LCA,372,LCA,155921,always_consecutive,827,1.4367844862935457,0.006045949214026602,169.60176812543247,235.16562488259763
372_LCA,372,LCA,155921,rescued,7,129.80023704871493,1.0,470.5805252623798,470.5805252623798
372_LCA,372,LCA,155921,sacrificed,7,0.9873435840094176,0.0,-0.04440621527344507,0.583791229869415
372_LCA,372,LCA,181081,always_consecutive,827,2.6095105992857786,0.03143893591293833,624.9668933342933,640.1653080946361
372_LCA,372,LCA,181081,rescued,7,72.77043993115754,0.8571428571428571,262.2182388402146,262.2182388402146
372_LCA,372,LCA,181081,sacrificed,7,2.4014885597832847,0.0,4.917253252051426,4.917253252051426
372_LCA,372,LCA,205019,always_consecutive,827,1.3711916471820624,0.008464328899637243,144.1323161673835,231.26699528531162
372_LCA,372,LCA,205019,rescued,7,54.83464672127261,0.8571428571428571,196.68858467884226,196.68858467884226
372_LCA,372,LCA,205019,sacrificed,7,0.8838254802986085,0.0,-0.4076091316046947,0.2267634464933807
372_RCA,372,RCA,104729,always_consecutive,893,1.4539014841155464,0.019036954087346025,190.21611121140506,272.10445142492097
372_RCA,372,RCA,104729,rescued,16,61.58800077590442,0.75,452.04663444954787,452.04663444954787
372_RCA,372,RCA,104729,sacrificed,12,0.6541597406363582,0.0,-2.2850203584741404,0.17006048931399415
372_RCA,372,RCA,104729,always_nonconsecutive,3,75.30956459607694,0.6666666666666666,110.34409381376115,110.34409381376115
372_RCA,372,RCA,130363,always_consecutive,893,1.5309978676493825,0.015677491601343786,222.52482748018926,294.203295193401
372_RCA,372,RCA,130363,rescued,16,52.79455527007065,0.8125,386.4388012941005,386.4388012941005
372_RCA,372,RCA,130363,sacrificed,12,0.8875284460755689,0.0,-0.7431170417794501,0.5963495241939349
372_RCA,372,RCA,130363,always_nonconsecutive,3,85.72697083772215,0.6666666666666666,125.81315567507698,125.81315567507698
372_RCA,372,RCA,155921,always_consecutive,893,1.554763436827227,0.019036954087346025,232.4842444636871,308.4343829690496
372_RCA,372,RCA,155921,rescued,16,75.38848185140593,0.75,555.011923682959,555.011923682959
372_RCA,372,RCA,155921,sacrificed,12,0.757254226350573,0.0,-1.603859064133034,0.014423078049017157
372_RCA,372,RCA,155921,always_nonconsecutive,3,90.31073934913069,1.0,132.6197058869205,132.6197058869205
372_RCA,372,RCA,181081,always_consecutive,893,1.4453304910015412,0.0167973124300112,186.62427237319844,273.08794427075054
372_RCA,372,RCA,181081,rescued,16,65.5848019816756,0.8125,481.8667392639535,481.8667392639535
372_RCA,372,RCA,181081,sacrificed,12,2.3873554765098493,0.08333333333333333,9.166473313716448,10.614997510457309
372_RCA,372,RCA,181081,always_nonconsecutive,3,91.4379868752074,0.6666666666666666,134.29358336749596,134.29358336749596
372_RCA,372,RCA,205019,always_consecutive,893,1.5745361049460602,0.0167973124300112,240.77035977605894,307.0927832133225
372_RCA,372,RCA,205019,rescued,16,74.3882351654141,0.8125,547.5490904118247,547.5490904118247
372_RCA,372,RCA,205019,sacrificed,12,0.712628673089535,0.0,-1.8987070320858468,0.3542412217871386
372_RCA,372,RCA,205019,always_nonconsecutive,3,80.21094556629872,1.0,117.62227455045314,117.62227455045314
37_RCA,37,RCA,104729,always_consecutive,494,1.4008884292326995,0.010121457489878543,91.344047665701,122.21392600436391
37_RCA,37,RCA,104729,rescued,1,34.114740962573265,1.0,20.07472113633775,20.07472113633775
37_RCA,37,RCA,104729,sacrificed,1,0.9154163171131524,0.0,-0.04186674709564592,0.0
37_RCA,37,RCA,130363,always_consecutive,494,1.3662074019665997,0.016194331983805668,83.44183553712081,116.8322849597092
37_RCA,37,RCA,130363,rescued,1,38.060120905317504,1.0,22.46647779289763,22.46647779289763
37_RCA,37,RCA,130363,sacrificed,1,1.7847017171307435,0.0,0.3884071633601146,0.3884071633601146
37_RCA,37,RCA,155921,always_consecutive,494,1.405467009050885,0.01417004048582996,92.38729556874989,122.69145140833378
37_RCA,37,RCA,155921,rescued,1,27.245002537672505,1.0,15.91016845826207,15.91016845826207
37_RCA,37,RCA,155921,sacrificed,1,1.0534208045023732,0.0,0.026441923967046588,0.026441923967046588
37_RCA,37,RCA,181081,always_consecutive,494,1.5682547019707187,0.012145748987854251,129.4791288499433,167.0357441369665
37_RCA,37,RCA,181081,rescued,1,24.6303082496815,1.0,14.325096156246522,14.325096156246522
37_RCA,37,RCA,181081,sacrificed,1,0.5918503870393913,0.0,-0.20202355867936173,0.0
37_RCA,37,RCA,205019,always_consecutive,494,1.564708701435323,0.01417004048582996,128.67115830674808,161.07981165729123
37_RCA,37,RCA,205019,rescued,1,37.0433494068648,1.0,21.850093557433322,21.850093557433322
37_RCA,37,RCA,205019,sacrificed,1,0.7540585555982062,0.0,-0.12173468808259791,0.0
381_LCA,381,LCA,104729,always_consecutive,1241,1.7522886158215685,0.021756647864625302,402.2494938400251,475.8999170220837
381_LCA,381,LCA,104729,rescued,31,56.951186500717256,0.9032258064516129,724.6286057990692,724.6286057990692
381_LCA,381,LCA,104729,sacrificed,25,2.085173332322873,0.04,12.74003689241439,14.56900901145024
381_LCA,381,LCA,104729,always_nonconsecutive,6,39.14251391350129,0.8333333333333334,82.91782563799516,82.91782563799516
381_LCA,381,LCA,130363,always_consecutive,1241,1.73498574969812,0.018533440773569703,392.99763359149836,472.7903817753803
381_LCA,381,LCA,130363,rescued,31,52.40452527229218,0.9354838709677419,665.7444070349891,665.7444070349891
381_LCA,381,LCA,130363,sacrificed,25,0.803519072926993,0.0,-2.30670454664391,0.2421037392865497
381_LCA,381,LCA,130363,always_nonconsecutive,6,55.39568448996251,0.8333333333333334,118.25051416974313,118.25051416974313
381_LCA,381,LCA,155921,always_consecutive,1241,1.645081325934856,0.0136986301369863,344.9256460694518,418.1486072902635
381_LCA,381,LCA,155921,rescued,31,49.499384606591875,0.8387096774193549,628.1196815931148,628.1196815931148
381_LCA,381,LCA,155921,sacrificed,25,0.873693112603574,0.0,-1.482854726767029,0.5445697330330559
381_LCA,381,LCA,155921,always_nonconsecutive,6,51.11722563188316,0.8333333333333334,108.94959324989823,108.94959324989823
381_LCA,381,LCA,181081,always_consecutive,1241,1.4732871134694714,0.0136986301369863,253.0671046061085,336.9099448832952
381_LCA,381,LCA,181081,rescued,31,60.14896699259336,0.8709677419354839,766.0433346797506,766.0433346797506
381_LCA,381,LCA,181081,sacrificed,25,7.289575797987251,0.12,73.84021088361325,75.72098856242535
381_LCA,381,LCA,181081,always_nonconsecutive,6,42.2116438483989,0.8333333333333334,89.5897922886283,89.5897922886283
381_LCA,381,LCA,205019,always_consecutive,1241,1.6159593836406096,0.012087026591458501,329.3541136799766,412.8261258904787
381_LCA,381,LCA,205019,rescued,31,63.7635431312043,0.9032258064516129,812.8560196590521,812.8560196590521
381_LCA,381,LCA,205019,sacrificed,25,0.843372735562876,0.0,-1.8388188023525842,0.34316737184467516
381_LCA,381,LCA,205019,always_nonconsecutive,6,80.31262590646645,0.6666666666666666,172.4173320279256,172.4173320279256
381_RCA,381,RCA,104729,always_consecutive,724,1.472053258558813,0.020718232044198894,146.42214772566453,209.80490595080292
381_RCA,381,RCA,104729,rescued,24,81.21393473079927,0.875,843.8664835854864,843.8664835854864
381_RCA,381,RCA,104729,sacrificed,22,0.7305014289532891,0.0,-2.9420835700074415,0.0
381_RCA,381,RCA,104729,always_nonconsecutive,1,164.7761597945961,1.0,73.73663675607202,73.73663675607202
381_RCA,381,RCA,130363,always_consecutive,724,1.5578641422843882,0.016574585635359115,173.039089067614,225.5522026112025
381_RCA,381,RCA,130363,rescued,24,85.865716697539,0.9166666666666666,892.8041513841433,892.8041513841433
381_RCA,381,RCA,130363,sacrificed,22,0.822993844875686,0.0,-1.9323549611369562,0.0904413975064467
381_RCA,381,RCA,130363,always_nonconsecutive,1,166.76009025863203,1.0,74.62985809035774,74.62985809035774
381_RCA,381,RCA,155921,always_consecutive,724,1.4606044609632018,0.017955801104972375,142.8709434866689,193.68473096108428
381_RCA,381,RCA,155921,rescued,24,94.7206812546138,0.9166666666666666,985.9601326750562,985.9601326750562
381_RCA,381,RCA,155921,sacrificed,22,0.7612149020511744,0.0,-2.6067882687069677,0.10606793218340349
381_RCA,381,RCA,155921,always_nonconsecutive,1,157.16930969247758,1.0,70.3118187389609,70.3118187389609
381_RCA,381,RCA,181081,always_consecutive,724,1.6865321781644649,0.012430939226519336,212.94952251048878,242.55560039730543
381_RCA,381,RCA,181081,rescued,24,72.85562598765404,0.9166666666666666,755.9354198436201,755.9354198436201
381_RCA,381,RCA,181081,sacrificed,22,1.035679526733143,0.0,0.38950911308923303,1.522784377712062
381_RCA,381,RCA,181081,always_nonconsecutive,1,18.580009123285127,1.0,7.915014911314824,7.915014911314824
381_RCA,381,RCA,205019,always_consecutive,724,1.3681834386476799,0.011049723756906077,114.20366000311606,177.00549934813196
381_RCA,381,RCA,205019,rescued,24,86.47596811241763,0.8333333333333334,899.224117158232,899.224117158232
381_RCA,381,RCA,205019,sacrificed,22,0.7503612474396393,0.0,-2.725276314053962,0.0
381_RCA,381,RCA,205019,always_nonconsecutive,1,158.091129943365,1.0,70.72684816130982,70.72684816130982
389_LCA,389,LCA,104729,always_consecutive,1625,1.4419881499086966,0.014769230769230769,334.069098582209,467.0437495902203
389_LCA,389,LCA,104729,rescued,105,49.97253141752583,0.8761904761904762,2218.4512250467224,2218.4512250467224
389_LCA,389,LCA,104729,sacrificed,45,2.603120651910864,0.044444444444444446,36.00454290373524,41.212508598791224
389_LCA,389,LCA,104729,always_nonconsecutive,20,74.07036901650659,0.95,593.7753470763384,593.7753470763384
389_LCA,389,LCA,130363,always_consecutive,1625,1.2133716501714722,0.012307692307692308,161.27327135468877,322.70764338284334
389_LCA,389,LCA,130363,rescued,105,60.31389145046985,0.9047619047619048,2686.9138952350095,2686.9711468132855
389_LCA,389,LCA,130363,sacrificed,45,2.0369684621467843,0.044444444444444446,23.289311032629715,28.24691249238038
389_LCA,389,LCA,130363,always_nonconsecutive,20,82.19455749116484,0.95,659.7931172912944,659.7931172912944
389_LCA,389,LCA,155921,always_consecutive,1625,1.5135260954910794,0.014769230769230769,388.1398174466548,511.3431899370835
389_LCA,389,LCA,155921,rescued,105,59.27344424722944,0.8857142857142857,2639.781731431872,2639.781731431872
389_LCA,389,LCA,155921,sacrificed,45,2.3176294009088516,0.022222222222222223,29.5926848922432,33.8765492817627
389_LCA,389,LCA,155921,always_nonconsecutive,20,80.06869479075732,1.0,642.5181961466378,642.5181961466378
389_LCA,389,LCA,181081,always_consecutive,1625,1.2428735410451024,0.011692307692307693,183.57176531354347,336.39586466110836
389_LCA,389,LCA,181081,rescued,105,40.285478563038346,0.8571428571428571,1779.6286106119014,1779.6286106119014
389_LCA,389,LCA,181081,sacrificed,45,0.9069460564425477,0.0,-2.0899017794964627,2.9432156456278133
389_LCA,389,LCA,181081,always_nonconsecutive,20,65.56345890340731,0.95,524.6475518709839,524.6475518709839
389_LCA,389,LCA,205019,always_consecutive,1625,1.3294767655433057,0.012307692307692308,249.02931468088258,402.9351759785705
389_LCA,389,LCA,205019,rescued,105,63.55237946568801,0.8857142857142857,2833.617108173044,2833.617108173044
389_LCA,389,LCA,205019,sacrificed,45,1.5849617930418871,0.022222222222222223,13.137677410317309,17.53444793760685
389_LCA,389,LCA,205019,always_nonconsecutive,20,85.07212195170338,0.95,683.1764238119558,683.1764238119558
389_RCA,389,RCA,104729,always_consecutive,904,1.2104063253772317,0.014380530973451327,87.48957353765796,198.137457287208
389_RCA,389,RCA,104729,rescued,14,49.540046170036504,0.7142857142857143,285.4682896619058,285.4682896619058
389_RCA,389,RCA,104729,sacrificed,11,0.6375396669074836,0.0,-2.1751051986912953,0.009090534694041641
389_RCA,389,RCA,104729,always_nonconsecutive,3,14.89686607898978,1.0,16.606378012098205,16.606378012098205
389_RCA,389,RCA,130363,always_consecutive,904,1.4678872605484719,0.017699115044247787,194.55335677621477,276.67254428587654
389_RCA,389,RCA,130363,rescued,14,79.75150857838791,0.7142857142857143,463.14456280935167,463.14456280935167
389_RCA,389,RCA,130363,sacrificed,11,0.7943459378895906,0.0,-1.2341190988039994,0.31221694687174956
389_RCA,389,RCA,130363,always_nonconsecutive,3,14.084012992088592,0.6666666666666666,15.635040621879698,15.635040621879698
389_RCA,389,RCA,155921,always_consecutive,904,1.4287554942073768,0.014380530973451327,178.2818804181747,268.65697367850294
389_RCA,389,RCA,155921,rescued,14,68.96364449089603,0.9285714285714286,399.7001833093088,399.7001833093088
389_RCA,389,RCA,155921,sacrificed,11,0.6987660426270986,0.0,-1.8076889714078286,0.09256829666952587
389_RCA,389,RCA,155921,always_nonconsecutive,3,20.333891346790715,0.6666666666666666,23.10347572788733,23.10347572788733
389_RCA,389,RCA,181081,always_consecutive,904,1.4471146127536247,0.01991150442477876,185.9158308198975,266.0298749648787
389_RCA,389,RCA,181081,rescued,14,37.89275037257285,0.8571428571428571,216.96951652846133,216.96951652846133
389_RCA,389,RCA,181081,sacrificed,11,0.7051493009073135,0.0,-1.7693833776579577,0.0
389_RCA,389,RCA,181081,always_nonconsecutive,3,15.860791031004007,1.0,17.758242183304603,17.758242183304603
389_RCA,389,RCA,205019,always_consecutive,904,1.3405531914097035,0.011061946902654867,141.6062631667798,246.65169101669798
389_RCA,389,RCA,205019,rescued,14,52.26601594076902,0.7857142857142857,301.4999581402402,301.4999581402402
389_RCA,389,RCA,205019,sacrificed,11,0.6835128104617054,0.0,-1.899222807115372,0.5060499160023528
389_RCA,389,RCA,205019,always_nonconsecutive,3,17.514546081435572,1.0,19.734434610488123,19.734434610488123
392_LCA,392,LCA,104729,always_consecutive,731,1.5310399962328292,0.006839945280437756,185.9766134939813,248.60070155927843
392_LCA,392,LCA,104729,rescued,11,91.78780698289081,1.0,451.76633428846355,451.76633428846355
392_LCA,392,LCA,104729,sacrificed,9,0.8768936243149221,0.0,-0.5401062319017593,0.39812008257257375
392_LCA,392,LCA,104729,always_nonconsecutive,2,70.57617559819897,1.0,58.790269275121574,58.790269275121574
392_LCA,392,LCA,130363,always_consecutive,731,1.3888434400168326,0.005471956224350205,136.17766395504123,197.12029742863342
392_LCA,392,LCA,130363,rescued,11,74.53250453377565,0.9090909090909091,365.9027696366094,365.9027696366094
392_LCA,392,LCA,130363,sacrificed,9,0.8053681633549029,0.0,-0.8539108337282024,0.12058459877030886
392_LCA,392,LCA,130363,always_nonconsecutive,2,54.52719899925235,1.0,45.22925291097091,45.22925291097091
392_LCA,392,LCA,155921,always_consecutive,731,1.4214073792941906,0.004103967168262654,147.58194836259736,207.9607898953651
392_LCA,392,LCA,155921,rescued,11,98.7169039914139,0.9090909090909091,486.2459947131235,486.2459947131235
392_LCA,392,LCA,155921,sacrificed,9,0.8517673852809517,0.0,-0.6503429130726566,0.23738270918503374
392_LCA,392,LCA,155921,always_nonconsecutive,2,69.46316516062554,1.0,57.8498010362686,57.8498010362686
392_LCA,392,LCA,181081,always_consecutive,731,1.6224458520506815,0.008207934336525308,217.98804698131897,280.1492651403157
392_LCA,392,LCA,181081,rescued,11,77.53836496201359,0.9090909090909091,380.8601366242679,380.8601366242679
392_LCA,392,LCA,181081,sacrificed,9,0.7735164320147264,0.0,-0.9936543563358224,0.08217644741297198
392_LCA,392,LCA,181081,always_nonconsecutive,2,70.03741360119483,1.0,58.33502777029969,58.33502777029969
392_LCA,392,LCA,205019,always_consecutive,731,1.5406891768482218,0.005471956224350205,189.35587295950694,257.0239755855364
392_LCA,392,LCA,205019,rescued,11,77.77259879723934,0.9090909090909091,382.025700201833,382.025700201833
392_LCA,392,LCA,205019,sacrificed,9,0.880842039249557,0.0,-0.5227832987842609,0.2454817188820772
392_LCA,392,LCA,205019,always_nonconsecutive,2,60.075494740734804,1.0,49.917435293162775,49.917435293162775
392_RCA,392,RCA,104729,always_consecutive,864,1.4519187921496128,0.010416666666666666,176.46301053447937,232.32599084519913
392_RCA,392,RCA,104729,rescued,34,85.39866383861968,0.8529411764705882,1169.9494021893015,1170.1094359727558
392_RCA,392,RCA,104729,sacrificed,17,0.8762698167090467,0.0,-1.0740814691639908,0.2909916486228198
392_RCA,392,RCA,104729,always_nonconsecutive,8,101.95151495299285,0.875,355.84112446817494,355.84112446817494
392_RCA,392,RCA,130363,always_consecutive,864,1.3109728123221973,0.009259259259259259,121.42712277072455,193.3361181148758
392_RCA,392,RCA,130363,rescued,34,81.29843363901675,0.8823529411764706,1113.1112764100055,1113.1112764100055
392_RCA,392,RCA,130363,sacrificed,17,0.752738328891495,0.0,-2.1464380954455797,0.09630616914013707
392_RCA,392,RCA,130363,always_nonconsecutive,8,94.03530022473957,0.875,327.93748427273215,327.93748427273215
392_RCA,392,RCA,155921,always_consecutive,864,1.547205018581158,0.013888888888888888,213.6699040531138,272.0148846885364
392_RCA,392,RCA,155921,rescued,34,56.998251495763554,0.8529411764705882,776.2577970000503,776.3549530596413
392_RCA,392,RCA,155921,sacrificed,17,1.0439112088638949,0.0,0.38118601682171216,1.573372608990124
392_RCA,392,RCA,155921,always_nonconsecutive,8,61.58116561120622,1.0,213.54082801751213,213.54082801751213
392_RCA,392,RCA,181081,always_consecutive,864,1.2925251405309446,0.011574074074074073,114.22376730468596,183.90138999105574
392_RCA,392,RCA,181081,rescued,34,79.83659523676508,0.8529411764705882,1092.8470105197073,1092.8470105197073
392_RCA,392,RCA,181081,sacrificed,17,0.8351895137577102,0.0,-1.430692855117537,0.3773517104413189
392_RCA,392,RCA,181081,always_nonconsecutive,8,94.4948723027257,1.0,329.55741682234174,329.55741682234174
392_RCA,392,RCA,205019,always_consecutive,864,1.4315939114820597,0.009259259259259259,168.52665184868454,231.46947314866532
392_RCA,392,RCA,205019,rescued,34,81.81913482178246,0.9117647058823529,1120.3293295140318,1120.3293295140318
392_RCA,392,RCA,205019,sacrificed,17,1.7021204669742032,0.058823529411764705,6.094992851698926,7.308225703865157
392_RCA,392,RCA,205019,always_nonconsecutive,8,95.97646847670954,1.0,334.7798530463415,334.7798530463415
3_LCA,3,LCA,104729,always_consecutive,858,1.6859966342287835,0.01282051282051282,283.34610127782327,337.925366257969
3_LCA,3,LCA,104729,rescued,7,89.44417183276248,0.7142857142857143,300.47664829811885,300.47664829811885
3_LCA,3,LCA,104729,sacrificed,5,1.1849023532654048,0.0,0.4987487181317813,0.8701490945928341
3_LCA,3,LCA,104729,always_nonconsecutive,2,3.348239563428408,0.0,2.5858583441827174,2.5858583441827174
3_LCA,3,LCA,130363,always_consecutive,858,1.7284478150315978,0.013986013986013986,300.8802639470614,352.31962558773034
3_LCA,3,LCA,130363,rescued,7,94.74325666733424,0.7142857142857143,318.4795445562269,318.4795445562269
3_LCA,3,LCA,130363,sacrificed,5,0.9599110577861055,0.0,-0.10813441899108545,0.09351094082187955
3_LCA,3,LCA,130363,always_nonconsecutive,2,1.803995114084147,0.0,0.8853515232497325,1.3147861007111206
3_LCA,3,LCA,155921,always_consecutive,858,1.800468466653809,0.015151515151515152,330.6278892711765,378.6035679787618
3_LCA,3,LCA,155921,rescued,7,91.43122624215881,0.7142857142857143,307.2273864931735,307.2273864931735
3_LCA,3,LCA,155921,sacrificed,5,5.431493896887511,0.2,11.953346517493934,12.186204533647533
3_LCA,3,LCA,155921,always_nonconsecutive,2,4.830009927438452,0.5,4.217569315930363,4.217569315930363
3_LCA,3,LCA,181081,always_consecutive,858,1.4500003425545127,0.006993006993006993,185.8694872167291,245.9648661456244
3_LCA,3,LCA,181081,rescued,7,91.85241755410958,0.8571428571428571,308.6583248024446,308.6583248024446
3_LCA,3,LCA,181081,sacrificed,5,0.8753761111970807,0.0,-0.3361558341003715,0.19078038782289503
3_LCA,3,LCA,181081,always_nonconsecutive,2,2.858146302449189,0.5,2.046172458607837,2.046172458607837
3_LCA,3,LCA,205019,always_consecutive,858,1.6279562459444443,0.01048951048951049,259.3729257308221,320.9016413234636
3_LCA,3,LCA,205019,rescued,7,88.81883429413107,0.7142857142857143,298.35215186416207,298.35215186416207
3_LCA,3,LCA,205019,sacrificed,5,1.0434455798088547,0.0,0.11718848816951422,0.25216467817361277
3_LCA,3,LCA,205019,always_nonconsecutive,2,3.97521599874878,0.5,3.2762786369539016,3.2762786369539016
3_RCA,3,RCA,104729,always_consecutive,725,2.006273117172719,0.020689655172413793,351.3646573489183,378.61002633151315
3_RCA,3,RCA,104729,rescued,26,38.12008030568178,0.9230769230769231,470.1982838633256,470.1982838633256
3_RCA,3,RCA,104729,sacrificed,19,1.462601873907391,0.0,4.44251489332423,5.1680215594777135
3_RCA,3,RCA,104729,always_nonconsecutive,7,24.427686462225598,0.8571428571428571,70.19323317513188,70.19323317513188
3_RCA,3,RCA,130363,always_consecutive,725,1.5443352708621978,0.016551724137931035,190.06785798551593,237.95610318293805
3_RCA,3,RCA,130363,rescued,26,51.29367262868478,0.8846153846153846,637.0675484657241,637.0675484657241
3_RCA,3,RCA,130363,sacrificed,19,5.06756580091648,0.05263157894736842,39.06214537679385,40.36413780925497
3_RCA,3,RCA,130363,always_nonconsecutive,7,15.888919871915617,0.8571428571428571,44.609672661461104,44.609672661461104
3_RCA,3,RCA,155921,always_consecutive,725,2.36138106338481,0.027586206896551724,475.35920685378517,488.2680712658433
3_RCA,3,RCA,155921,rescued,26,81.74167694876344,0.8846153846153846,1022.7509645701001,1022.7509645701001
3_RCA,3,RCA,155921,sacrificed,19,1.8143596237026816,0.0,7.82055793735357,8.318632300722792
3_RCA,3,RCA,155921,always_nonconsecutive,7,22.76696081512459,0.8571428571428571,65.21742377223413,65.21742377223413
3_RCA,3,RCA,181081,always_consecutive,725,1.8438524535453147,0.013793103448275862,294.65154452904017,334.13522041732836
3_RCA,3,RCA,181081,rescued,26,87.56966735604391,0.8846153846153846,1096.5738406336457,1096.5738406336457
3_RCA,3,RCA,181081,sacrificed,19,1.0329555133307913,0.0,0.31648241619206086,2.0617809807592202
3_RCA,3,RCA,181081,always_nonconsecutive,7,22.45833463287953,0.8571428571428571,64.2927285570575,64.2927285570575
3_RCA,3,RCA,205019,always_consecutive,725,2.042634310049394,0.022068965517241378,364.0610494693867,381.9606048880082
3_RCA,3,RCA,205019,rescued,26,78.70115289286153,0.8846153846153846,984.2367916114979,984.2367916114979
3_RCA,3,RCA,205019,sacrificed,19,1.812216186975581,0.0,7.799973823626113,8.406658956255262
3_RCA,3,RCA,205019,always_nonconsecutive,7,30.603998135339058,0.5714285714285714,88.69848703927964,88.69848703927964
407_LCA,407,LCA,104729,always_consecutive,1069,1.474406162657413,0.015902712815715623,236.7990818662904,346.03009495562526
407_LCA,407,LCA,104729,rescued,75,35.894673493601324,0.7866666666666666,1105.040799279283,1105.202564297562
407_LCA,407,LCA,104729,sacrificed,30,2.172884441162628,0.03333333333333333,17.230407949448615,21.457558573117847
407_LCA,407,LCA,104729,always_nonconsecutive,9,36.45486447594909,0.7777777777777778,125.90705651163715,125.90705651163715
407_LCA,407,LCA,130363,always_consecutive,1069,1.3851909480755726,0.019644527595884004,192.2674493446027,312.5910347340763
407_LCA,407,LCA,130363,rescued,75,29.88903246501906,0.7733333333333333,914.8547995843453,915.0127040220073
407_LCA,407,LCA,130363,sacrificed,30,0.9005351196397552,0.03333333333333333,-1.461201466319463,3.191585064304372
407_LCA,407,LCA,130363,always_nonconsecutive,9,29.929308385858203,0.7777777777777778,102.73354924968513,102.73354924968513
407_LCA,407,LCA,155921,always_consecutive,1069,1.4040469489536151,0.013096351730589336,201.67939220508111,303.3682002962868
407_LCA,407,LCA,155921,rescued,75,34.6260753493644,0.7866666666666666,1064.8669685217362,1065.0849453947928
407_LCA,407,LCA,155921,sacrificed,30,0.8708795152207239,0.0,-1.8968608920859695,2.2315065985933495
407_LCA,407,LCA,155921,always_nonconsecutive,9,39.86020005286004,0.7777777777777778,138.0000594115372,138.01282201770547
407_LCA,407,LCA,181081,always_consecutive,1069,1.3088772508909126,0.01403180542563143,154.1755887205254,276.2987871688752
407_LCA,407,LCA,181081,rescued,75,45.35011036267719,0.8266666666666667,1404.4745657896465,1404.4745657896465
407_LCA,407,LCA,181081,sacrificed,30,1.7959331377175571,0.03333333333333333,11.69275691794824,15.08179693231738
407_LCA,407,LCA,181081,always_nonconsecutive,9,40.58550842595544,0.8888888888888888,140.57576922370228,140.57576922370228
407_LCA,407,LCA,205019,always_consecutive,1069,1.2792869850304989,0.01683816651075772,139.40565455973024,236.50806676741652
407_LCA,407,LCA,205019,rescued,75,39.961573155803684,0.8,1233.8309441170852,1234.2147150991177
407_LCA,407,LCA,205019,sacrificed,30,6.164791565951496,0.03333333333333333,75.87402691351463,80.36320385992025
407_LCA,407,LCA,205019,always_nonconsecutive,9,48.66628275279973,0.7777777777777778,169.27215616146495,169.27215616146495
407_RCA,407,RCA,104729,always_consecutive,74,1.657834433593477,0.0,23.75342788814098,25.575240457809702
407_RCA,407,RCA,130363,always_consecutive,74,1.7261971873857909,0.0,26.22190575964742,26.97746265436146
407_RCA,407,RCA,155921,always_consecutive,74,6.287470315591706,0.6081081081081081,190.92272833153058,191.0586226774801
407_RCA,407,RCA,181081,always_consecutive,74,1.7978481673347202,0.02702702702702703,28.809116611524605,30.137304609688403
407_RCA,407,RCA,205019,always_consecutive,74,2.054772494924311,0.0,38.086273866384644,39.018741238741725
421_LCA,421,LCA,104729,always_consecutive,644,1.9936298242785222,0.009316770186335404,304.6635309785584,337.52400562939636
421_LCA,421,LCA,104729,rescued,19,64.5265937513118,0.9473684210526315,491.84410133390907,491.84410133390907
421_LCA,421,LCA,104729,sacrificed,15,3.458121501972448,0.06666666666666667,20.43819219210014,21.796038411286553
421_LCA,421,LCA,104729,always_nonconsecutive,4,79.01770213590723,1.0,140.52467188686052,140.52467188686052
421_LCA,421,LCA,130363,always_consecutive,644,1.8132336504557633,0.010869565217391304,249.35104543418566,287.80169189570074
421_LCA,421,LCA,130363,rescued,19,72.42402674484387,0.9473684210526315,552.9886646447405,552.9886646447405
421_LCA,421,LCA,130363,sacrificed,15,1.0118410497509547,0.0,0.09845308719363138,1.0872942405815615
421_LCA,421,LCA,130363,always_nonconsecutive,4,100.35959434365888,1.0,178.96546567894976,178.96546567894976
421_LCA,421,LCA,155921,always_consecutive,644,2.113940808022567,0.009316770186335404,341.55289181228693,369.122210455018
421_LCA,421,LCA,155921,rescued,19,70.97042528549805,0.9473684210526315,541.7343967664971,541.7343967664971
421_LCA,421,LCA,155921,sacrificed,15,1.014132895716495,0.0,0.11750877190279352,1.4269554442869687
421_LCA,421,LCA,155921,always_nonconsecutive,4,76.90277443446607,1.0,136.7152861555078,136.7152861555078
421_LCA,421,LCA,181081,always_consecutive,644,1.5315545846621428,0.006211180124223602,162.98353039936032,211.30657427438035
421_LCA,421,LCA,181081,rescued,19,70.73996489880808,0.9473684210526315,539.9500954984593,539.9500954984593
421_LCA,421,LCA,181081,sacrificed,15,0.7129744927967729,0.0,-2.386490039466052,0.13232983997392556
421_LCA,421,LCA,181081,always_nonconsecutive,4,87.82103520842055,1.0,156.3811436574681,156.3811436574681
421_LCA,421,LCA,205019,always_consecutive,644,1.643770139222691,0.006211180124223602,197.3906971809712,242.53904679917693
421_LCA,421,LCA,205019,rescued,19,68.7698708390007,0.9473684210526315,524.6969694425824,524.6969694425824
421_LCA,421,LCA,205019,sacrificed,15,1.01757702496913,0.0,0.1461451820815854,0.8200259001729283
421_LCA,421,LCA,205019,always_nonconsecutive,4,62.97348182868498,1.0,111.62598950288861,111.62598950288861
421_RCA,421,RCA,104729,always_consecutive,804,1.6300804600500016,0.013681592039800995,235.59407681905753,285.75253068744473
421_RCA,421,RCA,104729,rescued,62,110.88331856898046,0.8709677419354839,3027.5925077449447,3027.5925077449447
421_RCA,421,RCA,104729,sacrificed,20,1.0539507313332284,0.0,0.5111624329480826,2.1383354331103064
421_RCA,421,RCA,104729,always_nonconsecutive,10,110.880039192159,1.0,476.45239250961237,476.45239250961237
421_RCA,421,RCA,130363,always_consecutive,804,2.451973320631316,0.021144278606965175,542.9089389835863,562.3889165906264
421_RCA,421,RCA,130363,rescued,62,111.35099950681537,0.8870967741935484,3040.4784245687547,3040.4784245687547
421_RCA,421,RCA,130363,sacrificed,20,1.7735404941187158,0.0,7.328998721358466,7.672496151758234
421_RCA,421,RCA,130363,always_nonconsecutive,10,128.36808655785904,0.9,552.2825621106421,552.2825621106421
421_RCA,421,RCA,155921,always_consecutive,804,1.4656389946008181,0.011194029850746268,174.10758787096518,232.14815034468566
421_RCA,421,RCA,155921,rescued,62,65.48447093961927,0.8387096774193549,1776.7273834210641,1776.7273834210641
421_RCA,421,RCA,155921,sacrificed,20,0.8525347077713055,0.0,-1.3971769369619946,1.04058820776419
421_RCA,421,RCA,155921,always_nonconsecutive,10,76.08551424056715,1.0,325.579360598605,325.579360598605
421_RCA,421,RCA,181081,always_consecutive,804,1.627013957765236,0.008706467661691543,234.44747758189723,278.0150692130145
421_RCA,421,RCA,181081,rescued,62,63.938040715285815,0.7903225806451613,1734.1189090692167,1734.1189090692167
421_RCA,421,RCA,181081,sacrificed,20,1.4270138117997788,0.0,4.045791661170209,5.040810833304474
421_RCA,421,RCA,181081,always_nonconsecutive,10,82.70490358859871,1.0,354.28178840086343,354.28178840086343
421_RCA,421,RCA,205019,always_consecutive,804,1.5047419269153393,0.013681592039800995,188.7286082384697,252.37694900223653
421_RCA,421,RCA,205019,rescued,62,48.34051562089645,0.8064516129032258,1304.3635036980884,1304.3635036980884
421_RCA,421,RCA,205019,sacrificed,20,0.8583175558037016,0.0,-1.3423866756150051,0.5631043559879833
421_RCA,421,RCA,205019,always_nonconsecutive,10,57.437390806998714,1.0,244.7189687470859,244.7189687470859
422_LCA,422,LCA,104729,always_consecutive,1019,1.4476679502004752,0.010794896957801767,219.85473005111257,323.8893778201027
422_LCA,422,LCA,104729,rescued,37,45.35582465467353,0.7567567567567568,795.4313556800709,795.4313556800709
422_LCA,422,LCA,104729,sacrificed,21,0.7487551176127215,0.0,-2.6615054214389504,0.0363033397772467
422_LCA,422,LCA,104729,always_nonconsecutive,9,35.3246210812064,0.7777777777777778,140.64038252015095,140.64038252015095
422_LCA,422,LCA,130363,always_consecutive,1019,1.4564182414276168,0.012757605495583905,224.1520957989851,324.3645043579003
422_LCA,422,LCA,130363,rescued,37,64.12490933677572,0.7837837837837838,1132.0166539986212,1132.0166539986212
422_LCA,422,LCA,130363,sacrificed,21,0.7719249747086523,0.0,-2.4160608189903727,0.2553622395849906
422_LCA,422,LCA,130363,always_nonconsecutive,9,44.53000302900168,1.0,178.3581605349205,178.3581605349205
422_LCA,422,LCA,155921,always_consecutive,1019,1.4473573857827065,0.008832188420019628,219.7022083970575,324.9897340035061
422_LCA,422,LCA,155921,rescued,37,42.76283231571074,0.8378378378378378,748.9313203970635,748.9313203970635
422_LCA,422,LCA,155921,sacrificed,21,0.7889582348759135,0.0,-2.2356228580289765,0.34552752616925503
422_LCA,422,LCA,155921,always_nonconsecutive,9,27.43705881771475,1.0,108.32218820521506,108.32218820521506
422_LCA,422,LCA,181081,always_consecutive,1019,1.4139336299873078,0.010794896957801767,203.2874286380846,306.00206400781997
422_LCA,422,LCA,181081,rescued,37,69.98429682371457,0.7837837837837838,1237.0928321212511,1237.0928321212511
422_LCA,422,LCA,181081,sacrificed,21,0.8312478515364365,0.0,-1.7876374386123075,0.2823299256406549
422_LCA,422,LCA,181081,always_nonconsecutive,9,33.87567698786713,1.0,134.70353470891254,134.70353470891254
422_LCA,422,LCA,205019,always_consecutive,1019,1.479539474481435,0.017664376840039256,235.50719157749603,329.0811796771811
422_LCA,422,LCA,205019,rescued,37,42.74298155395252,0.8108108108108109,748.575337423924,748.575337423924
422_LCA,422,LCA,205019,sacrificed,21,1.5123699094997298,0.047619047619047616,5.4276739050696134,6.85800361531575
422_LCA,422,LCA,205019,always_nonconsecutive,9,26.741517018854786,1.0,105.47230198450515,105.47230198450515
422_RCA,422,RCA,104729,always_consecutive,529,1.4364403750826016,0.011342155009451797,107.01443345954107,151.47475056726867
422_RCA,422,RCA,104729,rescued,22,45.329773202781574,0.7727272727272727,444.6115200516292,444.6115200516292
422_RCA,422,RCA,104729,sacrificed,11,1.7088040975830774,0.09090909090909091,3.7875087413521613,5.1371323309423085
422_RCA,422,RCA,104729,always_nonconsecutive,5,36.875244000643136,0.8,73.18355201670506,73.18355201670506
422_RCA,422,RCA,130363,always_consecutive,529,1.2568823236896685,0.017013232514177693,62.98710638358666,104.73180913963586
422_RCA,422,RCA,130363,rescued,22,23.580406249179685,0.6818181818181818,226.47327113329635,226.4900083340463
422_RCA,422,RCA,130363,sacrificed,11,0.7747729196952301,0.0,-1.2035053667893854,0.07643265102573066
422_RCA,422,RCA,130363,always_nonconsecutive,5,19.424691507698064,0.8,37.58537138649685,37.58537138649685
422_RCA,422,RCA,155921,always_consecutive,529,1.049227667183912,0.015122873345935728,12.0705397918882,61.3164006583686
422_RCA,422,RCA,155921,rescued,22,25.154005228391405,0.8181818181818182,242.25589720040006,242.25589720040006
422_RCA,422,RCA,155921,sacrificed,11,5.115024800776258,0.09090909090909091,21.988716567759738,23.207525249674188
422_RCA,422,RCA,155921,always_nonconsecutive,5,21.177821500786536,0.8,41.16166148891221,41.16166148891221
422_RCA,422,RCA,181081,always_consecutive,529,1.1960716550986927,0.015122873345935728,48.07643445886496,98.21085962073647
422_RCA,422,RCA,181081,rescued,22,21.48910099844407,0.8181818181818182,205.4982392474312,205.4982392474312
422_RCA,422,RCA,181081,sacrificed,11,0.669502639482359,0.0,-1.7660191951806046,0.07074356893107797
422_RCA,422,RCA,181081,always_nonconsecutive,5,21.638160505640723,0.8,42.10072809167763,42.10072809167763
422_RCA,422,RCA,205019,always_consecutive,529,1.4599098207295087,0.017013232514177693,112.76910138878085,150.0022381490071
422_RCA,422,RCA,205019,rescued,22,22.562922561200665,0.6363636363636364,216.268279398493,216.268279398493
422_RCA,422,RCA,205019,sacrificed,11,0.8952405492376699,0.0,-0.5597842010994724,0.23800072879746242
422_RCA,422,RCA,205019,always_nonconsecutive,5,18.55357428416148,0.6,35.80833949675711,35.80833949675711
446_LCA,446,LCA,104729,always_consecutive,1025,1.5555109633531194,0.013658536585365854,272.7502893581528,360.89191975950405
446_LCA,446,LCA,104729,rescued,38,51.919617140878294,0.7631578947368421,895.7686956489073,895.8384112832882
446_LCA,446,LCA,104729,sacrificed,25,0.9026745555229279,0.0,-1.327696095126233,1.7052399625745638
446_LCA,446,LCA,104729,always_nonconsecutive,5,55.41671837807799,0.6,124.95003482220147,124.95003482220147
446_LCA,446,LCA,130363,always_consecutive,1025,1.5357964453944983,0.015609756097560976,263.070659553345,373.54740814185516
446_LCA,446,LCA,130363,rescued,38,40.01888290194185,0.7368421052631579,686.4131312309198,686.4131312309198
446_LCA,446,LCA,130363,sacrificed,25,0.7840014730307592,0.0,-2.9466128035781938,0.5243780478250197
446_LCA,446,LCA,130363,always_nonconsecutive,5,88.9662712271497,0.6,201.98551071465386,201.98551071465386
446_LCA,446,LCA,155921,always_consecutive,1025,1.441101024030953,0.013658536585365854,216.57616118755635,332.420243602311
446_LCA,446,LCA,155921,rescued,38,49.9472905833981,0.7368421052631579,861.0718835558448,861.1845052640517
446_LCA,446,LCA,155921,sacrificed,25,0.7309234366864062,0.0,-3.670693766886478,0.2942178938167805
446_LCA,446,LCA,155921,always_nonconsecutive,5,31.024824845734063,0.6,68.94210128474634,68.94210128474634
446_LCA,446,LCA,181081,always_consecutive,1025,1.7407107164188544,0.0224390243902439,363.6815032676578,447.23250540582325
446_LCA,446,LCA,181081,rescued,38,31.927072304934065,0.7631578947368421,544.0634626569067,544.0634626569067
446_LCA,446,LCA,181081,sacrificed,25,1.3968929357885485,0.04,5.414341582110949,9.457125092522213
446_LCA,446,LCA,181081,always_nonconsecutive,5,37.34553357333978,0.8,83.45552287934015,83.45552287934015
446_LCA,446,LCA,205019,always_consecutive,1025,1.372432315388015,0.010731707317073172,182.86051669485477,274.58538185952705
446_LCA,446,LCA,205019,rescued,38,36.056490506340516,0.7894736842105263,616.7074408280066,616.7074408280066
446_LCA,446,LCA,205019,sacrificed,25,6.10481614718621,0.04,69.6389777757772,73.17688047507578
446_LCA,446,LCA,205019,always_nonconsecutive,5,43.21527540877314,0.8,96.93344783686928,96.93344783686928
446_RCA,446,RCA,104729,always_consecutive,1258,1.4707543888265984,0.013513513513513514,274.59965639155996,394.98746994580506
446_RCA,446,RCA,104729,rescued,38,78.25846623344768,0.7631578947368421,1266.131327562612,1266.131327562612
446_RCA,446,RCA,104729,sacrificed,18,3.4370203128754073,0.05555555555555555,24.070446216073364,26.423155928026638
446_RCA,446,RCA,104729,always_nonconsecutive,8,89.50239151536843,0.875,324.79069633959784,324.79069633959784
446_RCA,446,RCA,130363,always_consecutive,1258,1.5978593963068444,0.021462639109697933,348.7423350540391,443.80377069601127
446_RCA,446,RCA,130363,rescued,38,58.10157508775377,0.7894736842105263,935.7950862409652,935.7950862409652
446_RCA,446,RCA,130363,sacrificed,18,0.7594677131587877,0.0,-2.375737060151675,0.2171423621375449
446_RCA,446,RCA,130363,always_nonconsecutive,8,43.58988222666453,0.875,156.29857305062507,156.29857305062507
446_RCA,446,RCA,155921,always_consecutive,1258,1.5695848893012083,0.017488076311605722,332.2492972987431,437.2199104155752
446_RCA,446,RCA,155921,rescued,38,68.54934599437024,0.7368421052631579,1107.0158040855738,1107.1860532099497
446_RCA,446,RCA,155921,sacrificed,18,0.7784391494382816,0.0,-2.188356210597563,0.4597073300963254
446_RCA,446,RCA,155921,always_nonconsecutive,8,86.89271098825432,0.875,315.2135545119886,315.2135545119886
446_RCA,446,RCA,181081,always_consecutive,1258,1.487978675536535,0.019077901430842606,284.6468982748014,400.71540036488915
446_RCA,446,RCA,181081,rescued,38,54.83798125063412,0.8157894736842105,882.3104832055955,882.3104832055955
446_RCA,446,RCA,181081,sacrificed,18,0.7340390900703077,0.0,-2.6268955347718066,0.573706045287351
446_RCA,446,RCA,181081,always_nonconsecutive,8,46.407550809062535,0.875,166.63900030080103,166.63900030080103
446_RCA,446,RCA,205019,always_consecutive,1258,1.4248132095500583,0.017488076311605722,247.80132515346742,394.444130095399
446_RCA,446,RCA,205019,rescued,38,65.27696405227066,0.7894736842105263,1053.3871793582462,1053.3871793582462
446_RCA,446,RCA,205019,sacrificed,18,0.6888694433816848,0.0,-3.073036071833927,0.17895717483344725
446_RCA,446,RCA,205019,always_nonconsecutive,8,58.82550642429801,0.875,212.211062053349,212.211062053349
452_LCA,452,LCA,104729,always_consecutive,640,1.5495975114793763,0.01875,164.0032005890818,227.3659462964009
452_LCA,452,LCA,104729,rescued,39,41.346914730313664,0.8717948717948718,658.7763791553004,658.7763791553004
452_LCA,452,LCA,104729,sacrificed,21,0.8061820906939624,0.0,-1.9935875863702293,0.18348084019013317
452_LCA,452,LCA,104729,always_nonconsecutive,3,59.37705648851455,0.6666666666666666,59.517233373055845,59.517233373055845
452_LCA,452,LCA,130363,always_consecutive,640,1.5791596124979665,0.0125,172.82470920569864,229.94022953250015
452_LCA,452,LCA,130363,rescued,39,49.47806742528353,0.8717948717948718,791.5402191305678,791.5402191305678
452_LCA,452,LCA,130363,sacrificed,21,0.7238743883334011,0.0,-2.840194663477726,0.08538014438361413
452_LCA,452,LCA,130363,always_nonconsecutive,3,113.85843358562148,0.6666666666666666,115.06269986659065,115.06269986659065
452_LCA,452,LCA,155921,always_consecutive,640,1.5270335290440002,0.021875,157.26997261744023,207.62616776268388
452_LCA,452,LCA,155921,rescued,39,39.31977779723824,0.8717948717948718,625.6776914923237,625.6776914923237
452_LCA,452,LCA,155921,sacrificed,21,0.882488781361047,0.0,-1.2087061901382128,0.7020149536242031
452_LCA,452,LCA,155921,always_nonconsecutive,3,53.02644081797033,0.6666666666666666,53.04258224019632,53.04258224019632
452_LCA,452,LCA,181081,always_consecutive,640,1.550601769839574,0.015625,164.30287731950838,215.80435377094688
452_LCA,452,LCA,181081,rescued,39,48.12235622686775,0.8461538461538461,769.4044369910322,769.4044369910322
452_LCA,452,LCA,181081,sacrificed,21,2.3264312244925134,0.047619047619047616,13.643511235830683,15.894948690223217
452_LCA,452,LCA,181081,always_nonconsecutive,3,73.76100798051843,0.6666666666666666,74.18212141763793,74.18212141763793
452_LCA,452,LCA,205019,always_consecutive,640,1.383738694780682,0.0140625,114.5099328497782,179.04729814150684
452_LCA,452,LCA,205019,rescued,39,76.253657229638,0.7692307692307693,1228.7267108106244,1228.7267108106244
452_LCA,452,LCA,205019,sacrificed,21,0.7527655838885702,0.0,-2.5430233183713558,0.26604117423967283
452_LCA,452,LCA,205019,always_nonconsecutive,3,160.55702476169006,0.6666666666666666,162.6733729015668,162.6733729015668
452_RCA,452,RCA,104729,always_consecutive,441,1.4017250874313694,0.018140589569160998,81.87290458889238,128.758875616841
452_RCA,452,RCA,104729,rescued,4,58.19917096675862,0.75,114.2672528038004,114.2672528038004
452_RCA,452,RCA,104729,sacrificed,4,0.7383906825218608,0.0,-0.5311875312578601,0.0
452_RCA,452,RCA,130363,always_consecutive,441,0.9577486439466228,0.006802721088435374,-8.61096643236262,45.65213743597579
452_RCA,452,RCA,130363,rescued,4,59.523581705687874,0.75,116.91303899551366,116.91303899551366
452_RCA,452,RCA,130363,sacrificed,4,0.7728530272885378,0.0,-0.46121308228014707,0.0
452_RCA,452,RCA,155921,always_consecutive,441,0.9351567422062823,0.0045351473922902496,-13.215270902106594,37.811127941592744
452_RCA,452,RCA,155921,rescued,4,61.307703065382896,0.75,120.47719286339768,120.47719286339768
452_RCA,452,RCA,155921,sacrificed,4,0.7627452659574057,0.0,-0.48173649803530794,0.0
452_RCA,452,RCA,181081,always_consecutive,441,0.9198177952743148,0.006802721088435374,-16.34139913742523,37.50836639983708
452_RCA,452,RCA,181081,rescued,4,61.95987666663216,0.75,121.7800454136422,121.7800454136422
452_RCA,452,RCA,181081,sacrificed,4,0.7797532593657392,0.0,-0.4472024297639146,0.0
452_RCA,452,RCA,205019,always_consecutive,441,0.9501173300253797,0.006802721088435374,-10.16625350830002,38.26523975893973
452_RCA,452,RCA,205019,rescued,4,64.25991013886336,0.75,126.37484113859045,126.37484113859045
452_RCA,452,RCA,205019,sacrificed,4,0.8033549905782298,0.0,-0.3992800336618642,0.03541775970490274
460_LCA,460,LCA,104729,always_consecutive,647,1.3293910738276165,0.00927357032457496,95.94213660986614,154.3135341596555
460_LCA,460,LCA,104729,rescued,23,43.92119428105395,0.7391304347826086,466.55251966968177,466.55251966968177
460_LCA,460,LCA,104729,sacrificed,15,0.9504718512663113,0.0,-0.3890124847227738,1.538425788770179
460_LCA,460,LCA,104729,always_nonconsecutive,3,75.6948429645152,1.0,86.17023242717316,86.17023242717316
460_LCA,460,LCA,130363,always_consecutive,647,1.5116983719262498,0.010819165378670788,149.04300390388502,204.0307409113925
460_LCA,460,LCA,130363,rescued,23,67.38096658891602,0.782608695652174,721.5597734156815,721.5597734156815
460_LCA,460,LCA,130363,sacrificed,15,0.7552698301444034,0.0,-1.9222016953239223,0.13802451243613534
460_LCA,460,LCA,130363,always_nonconsecutive,3,131.64249917949172,1.0,150.7131425995715,150.7131425995715
460_LCA,460,LCA,155921,always_consecutive,647,1.4552374272331283,0.012364760432766615,132.59755623002226,187.02841089838938
460_LCA,460,LCA,155921,rescued,23,30.925036980190143,0.6956521739130435,325.284550865328,325.284550865328
460_LCA,460,LCA,155921,sacrificed,15,1.0637574833011503,0.0,0.5007749660100005,2.154631652120024
460_LCA,460,LCA,155921,always_nonconsecutive,3,71.41522642516341,0.6666666666666666,81.23313721070272,81.23313721070272
460_LCA,460,LCA,181081,always_consecutive,647,1.3277569754538285,0.010819165378670788,95.4661707994083,148.68709562473808
460_LCA,460,LCA,181081,rescued,23,35.1194107818922,0.7391304347826086,370.877309836725,370.877309836725
460_LCA,460,LCA,181081,sacrificed,15,0.7188402600211485,0.0,-2.2083330762327864,0.25993960823444323
460_LCA,460,LCA,181081,always_nonconsecutive,3,27.15970813457258,1.0,30.17863135817843,30.17863135817843
460_LCA,460,LCA,205019,always_consecutive,647,1.4461845815269747,0.010819165378670788,129.96072290799245,191.06922882670455
460_LCA,460,LCA,205019,rescued,23,53.915703074016086,0.6956521739130435,575.1926294877717,575.1926294877717
460_LCA,460,LCA,205019,sacrificed,15,0.9042018643709838,0.0,-0.7524341556401477,1.0232487703863329
460_LCA,460,LCA,205019,always_nonconsecutive,3,71.62264633133563,0.6666666666666666,81.47242309464752,81.47242309464752
460_RCA,460,RCA,104729,always_consecutive,1036,1.5264604935629416,0.019305019305019305,248.64389300679977,330.4611430322772
460_RCA,460,RCA,104729,rescued,36,49.21868352837199,0.8333333333333334,778.0024880261001,778.0024880261001
460_RCA,460,RCA,104729,sacrificed,28,0.9375376001881416,0.0,-0.8416195095125656,1.340756273375919
460_RCA,460,RCA,104729,always_nonconsecutive,5,26.54868230137949,1.0,56.63437694094073,56.63437694094073
460_RCA,460,RCA,130363,always_consecutive,1036,1.5584842949904505,0.015444015444015444,263.7685277195097,337.13809876824973
460_RCA,460,RCA,130363,rescued,36,59.59644222768746,0.8611111111111112,945.4463396080545,945.4463396080545
460_RCA,460,RCA,130363,sacrificed,28,0.8489115971781847,0.0,-2.035767883701964,0.6011359299766428
460_RCA,460,RCA,130363,always_nonconsecutive,5,21.779497396056307,0.8,46.06241035405598,46.06241035405598
460_RCA,460,RCA,155921,always_consecutive,1036,1.6371522104329885,0.02027027027027027,300.9228764114385,382.3051649930172
460_RCA,460,RCA,155921,rescued,36,71.22303465528053,0.8333333333333334,1133.0399687582662,1133.0399687582662
460_RCA,460,RCA,155921,sacrificed,28,1.2199174987049002,0.03571428571428571,2.963172371710723,5.428614557514371
460_RCA,460,RCA,155921,always_nonconsecutive,5,45.92718887113651,1.0,99.5911773221822,99.5911773221822
460_RCA,460,RCA,181081,always_consecutive,1036,1.6966339313982566,0.019305019305019305,329.01570929136693,405.3578671306215
460_RCA,460,RCA,181081,rescued,36,59.748830977581655,0.8611111111111112,947.9051132179791,947.9051132179791
460_RCA,460,RCA,181081,sacrificed,28,0.9508170227698519,0.0,-0.6626923284645629,1.7801079921583733
460_RCA,460,RCA,181081,always_nonconsecutive,5,28.44041824511456,1.0,60.82783338798551,60.82783338798551
460_RCA,460,RCA,205019,always_consecutive,1036,1.6070981400701685,0.01833976833976834,286.72853296671326,362.8848211512452
460_RCA,460,RCA,205019,rescued,36,67.58736991903191,0.8611111111111112,1074.3789684270178,1074.3789684270178
460_RCA,460,RCA,205019,sacrificed,28,1.9619289868348626,0.07142857142857142,12.961048639251572,16.378642062737512
460_RCA,460,RCA,205019,always_nonconsecutive,5,43.67690256437264,1.0,94.60291368420111,94.60291368420111
468_LCA,468,LCA,104729,always_consecutive,631,1.1535578087993634,0.011093502377179081,45.75729085612089,116.65747727030035
468_LCA,468,LCA,104729,rescued,11,72.21386400962729,0.9090909090909091,380.53341400761076,380.53341400761076
468_LCA,468,LCA,104729,sacrificed,7,0.9505366630056269,0.0,-0.16254241554489685,0.28592807492636885
468_LCA,468,LCA,104729,always_nonconsecutive,4,12.918862898982436,0.75,21.870204148535006,21.870204148535006
468_LCA,468,LCA,130363,always_consecutive,631,1.2501843644371629,0.011093502377179081,74.55015684785201,142.6574536816285
468_LCA,468,LCA,130363,rescued,11,69.24492165520999,0.9090909090909091,364.6687816662807,364.6687816662807
468_LCA,468,LCA,130363,sacrificed,7,0.8517982790165765,0.0,-0.4870085032737864,0.4038961301429197
468_LCA,468,LCA,130363,always_nonconsecutive,4,27.633094595189885,0.75,48.86969678573742,48.86969678573742
468_LCA,468,LCA,155921,always_consecutive,631,1.511974139029643,0.020602218700475437,152.5585040159063,192.94557782381608
468_LCA,468,LCA,155921,rescued,11,39.914580055061606,0.9090909090909091,207.94122336941524,207.94122336941524
468_LCA,468,LCA,155921,sacrificed,7,1.0450582633092997,0.0,0.14806681885180456,0.5477853550412201
468_LCA,468,LCA,155921,always_nonconsecutive,4,92.77927269993491,0.75,168.40796370960922,168.40796370960922
468_LCA,468,LCA,181081,always_consecutive,631,1.2974817122159998,0.014263074484944533,88.64386211729267,157.67073159992913
468_LCA,468,LCA,181081,rescued,11,59.00965427047648,0.9090909090909091,309.9763240197352,309.9763240197352
468_LCA,468,LCA,181081,sacrificed,7,0.8403606677032118,0.0,-0.5245938560604251,0.18145315604735873
468_LCA,468,LCA,181081,always_nonconsecutive,4,42.95356106390967,0.75,76.98158398181319,76.98158398181319
468_LCA,468,LCA,205019,always_consecutive,631,1.3981882666081367,0.01584786053882726,118.6524897244995,174.52195017286334
468_LCA,468,LCA,205019,rescued,11,62.99094472379484,0.9090909090909091,331.25046873055066,331.25046873055066
468_LCA,468,LCA,205019,sacrificed,7,1.0255133777629624,0.0,0.08383999750710586,0.5131427147579722
468_LCA,468,LCA,205019,always_nonconsecutive,4,23.824595995213564,0.75,41.88139239908297,41.90152882112287
468_RCA,468,RCA,104729,always_consecutive,1237,1.3102083256997064,0.007275666936135812,175.59958196878546,271.48054799174827
468_RCA,468,RCA,104729,rescued,39,52.75311079926113,0.9487179487179487,921.5624592507802,921.5813588630838
468_RCA,468,RCA,104729,sacrificed,32,1.2599452630499215,0.03125,4.2846665372161,7.129941331726291
468_RCA,468,RCA,104729,always_nonconsecutive,2,21.81200868648502,0.5,20.602852899343556,20.602852899343556
468_RCA,468,RCA,130363,always_consecutive,1237,1.2863859614326987,0.009700889248181084,162.11445968085502,262.0771862801473
468_RCA,468,RCA,130363,rescued,39,55.67298297999605,0.9487179487179487,973.5563306532782,973.8632141442166
468_RCA,468,RCA,130363,sacrificed,32,0.9570498253708077,0.0,-0.7079458723044575,2.134187742845847
468_RCA,468,RCA,130363,always_nonconsecutive,2,22.735890550981335,0.5,21.517449968628352,21.517449968628352
468_RCA,468,RCA,155921,always_consecutive,1237,1.7662880921045883,0.018593371059013743,433.7725892356707,490.92752091687873
468_RCA,468,RCA,155921,rescued,39,83.27568631700035,0.9487179487179487,1465.0749036698119,1465.0749036698119
468_RCA,468,RCA,155921,sacrificed,32,1.6865644355173162,0.09375,11.316611920482515,13.023397972523039
468_RCA,468,RCA,155921,always_nonconsecutive,2,23.038778509029026,0.5,21.8172939740122,21.8172939740122
468_RCA,468,RCA,181081,always_consecutive,1237,1.3111723625426024,0.0137429264349232,176.1452941647209,273.66134440608516
468_RCA,468,RCA,181081,rescued,39,85.38927700112485,0.9743589743589743,1502.7114012373968,1502.7114012373968
468_RCA,468,RCA,181081,sacrificed,32,0.8771249971633361,0.0,-2.025343361665643,1.7570313009690206
468_RCA,468,RCA,181081,always_nonconsecutive,2,25.002416376350865,0.5,23.761197743103185,23.761197743103185
468_RCA,468,RCA,205019,always_consecutive,1237,1.3451451259147627,0.012126111560226353,195.37625140295677,320.4979732327777
468_RCA,468,RCA,205019,rescued,39,52.60450956515021,0.9487179487179487,918.9163319621978,918.9163319621978
468_RCA,468,RCA,205019,sacrificed,32,0.7694462296909349,0.0,-3.800207832533368,0.37518796396558685
468_RCA,468,RCA,205019,always_nonconsecutive,2,20.36061891169746,1.0,19.166049250064965,19.166049250064965
47_LCA,47,LCA,104729,always_consecutive,1091,1.3393356414357354,0.010999083409715857,169.0891862663284,272.51604169302357
47_LCA,47,LCA,104729,rescued,76,64.77006285028573,0.7631578947368421,1959.7823786754589,1959.825921234311
47_LCA,47,LCA,104729,sacrificed,31,0.819157893250737,0.0,-2.5824507572106117,0.49404316234527607
47_LCA,47,LCA,104729,always_nonconsecutive,12,75.2248744902002,0.75,352.5095570848305,352.5095570848305
47_LCA,47,LCA,130363,always_consecutive,1091,1.3331426250006704,0.008249312557286892,166.0032383679334,255.62720630701708
47_LCA,47,LCA,130363,rescued,76,102.1093221993619,0.7894736842105263,3107.2929696076185,3107.2929696076185
47_LCA,47,LCA,130363,sacrificed,31,6.7862067559470525,0.06451612903225806,82.62784750119327,84.4550312861784
47_LCA,47,LCA,130363,always_nonconsecutive,12,112.99248629941006,0.75,531.8758975799448,531.8758975799448
47_LCA,47,LCA,155921,always_consecutive,1091,1.5423174571523162,0.00916590284142988,270.23396994175164,357.22390488426504
47_LCA,47,LCA,155921,rescued,76,59.95414349630309,0.7368421052631579,1811.7794841320517,1811.903122404596
47_LCA,47,LCA,155921,sacrificed,31,0.8617029288751392,0.0,-1.9749016557387655,0.6238869776306182
47_LCA,47,LCA,155921,always_nonconsecutive,12,73.28596595921135,0.75,343.3012722317908,343.3012722317908
47_LCA,47,LCA,181081,always_consecutive,1091,1.3683752213662468,0.006416131989000917,183.5594579984421,277.06666397535844
47_LCA,47,LCA,181081,rescued,76,89.27543508251856,0.7368421052631579,2712.8817882896924,2712.8817882896924
47_LCA,47,LCA,181081,sacrificed,31,0.9176798425290915,0.0,-1.175543444034283,0.681860395266526
47_LCA,47,LCA,181081,always_nonconsecutive,12,110.9314784930176,0.75,522.0877375598736,522.0877375598736
47_LCA,47,LCA,205019,always_consecutive,1091,1.5158206721151606,0.012832263978001834,257.03075968759117,337.761232216264
47_LCA,47,LCA,205019,rescued,76,104.49551799190306,0.7368421052631579,3180.625568906926,3180.625568906926
47_LCA,47,LCA,205019,sacrificed,31,0.8878994746153722,0.0,-1.6008112926079852,1.4786821000647552
47_LCA,47,LCA,205019,always_nonconsecutive,12,112.90938022863587,0.75,531.4812093517614,531.4812093517614
47_RCA,47,RCA,104729,always_consecutive,728,1.342478645660139,0.019230769230769232,113.76522838755338,178.38488525999753
47_RCA,47,RCA,104729,rescued,48,48.62215598267248,0.7916666666666666,923.2216064179238,923.2216064179238
47_RCA,47,RCA,104729,sacrificed,20,0.8034147708765407,0.0,-1.8638680330602582,0.1729495421544573
47_RCA,47,RCA,104729,always_nonconsecutive,9,57.36935311712544,0.8888888888888888,188.28094097158365,188.28094097158365
47_RCA,47,RCA,130363,always_consecutive,728,1.4845189854949583,0.012362637362637362,160.948467127611,217.86665740043122
47_RCA,47,RCA,130363,rescued,48,52.50781878893435,0.8333333333333334,998.550574289532,998.550574289532
47_RCA,47,RCA,130363,sacrificed,20,2.613092462483322,0.05,15.29408637972957,16.21828215046005
47_RCA,47,RCA,130363,always_nonconsecutive,9,47.43392334351076,1.0,155.09531858478107,155.09531858478107
47_RCA,47,RCA,155921,always_consecutive,728,1.3532467343240284,0.017857142857142856,117.34219320468387,185.45291382685463
47_RCA,47,RCA,155921,rescued,48,49.642699212811564,0.7916666666666666,943.0062537297918,943.0062537297918
47_RCA,47,RCA,155921,sacrificed,20,0.8121295068535652,0.0,-1.7812416939575617,0.27152653204015553
47_RCA,47,RCA,155921,always_nonconsecutive,9,64.84142059681749,1.0,213.23861421570282,213.23861421570282
47_RCA,47,RCA,181081,always_consecutive,728,1.1516805676660746,0.016483516483516484,50.385548533174315,141.4275956882256
47_RCA,47,RCA,181081,rescued,48,46.62047514213921,0.7708333333333334,884.4162444388166,884.4162444388166
47_RCA,47,RCA,181081,sacrificed,20,0.6961811442400213,0.0,-2.880573762418009,0.024088206429457915
47_RCA,47,RCA,181081,always_nonconsecutive,9,55.39253771346397,0.8888888888888888,181.67812146511983,181.67812146511983
47_RCA,47,RCA,205019,always_consecutive,728,1.1038222068149248,0.017857142857142856,34.48786433744778,117.49486050521602
47_RCA,47,RCA,205019,rescued,48,51.80615992720198,0.8125,984.9479431587275,985.0447975955749
47_RCA,47,RCA,205019,sacrificed,20,0.739098648326007,0.0,-2.473663414772485,0.18095361042844138
47_RCA,47,RCA,205019,always_nonconsecutive,9,64.5109852104301,1.0,212.13491722365018,212.13491722365018
487_LCA,487,LCA,104729,always_consecutive,564,1.47420991870293,0.014184397163120567,123.6349846503447,165.22004830265763
487_LCA,487,LCA,104729,rescued,11,38.56015636075075,0.9090909090909091,192.41931656124106,192.41931656124106
487_LCA,487,LCA,104729,sacrificed,11,0.7152789100438989,0.0,-1.6897678643133902,0.24478129462340503
487_LCA,487,LCA,130363,always_consecutive,564,1.4924398610671747,0.014184397163120567,128.38785580610815,173.25786238047897
487_LCA,487,LCA,130363,rescued,11,37.63241425239843,0.8181818181818182,187.66652744290863,187.66652744290863
487_LCA,487,LCA,130363,sacrificed,11,0.7149452800350113,0.0,-1.691747897712657,0.0
487_LCA,487,LCA,155921,always_consecutive,564,1.6579525116095344,0.024822695035460994,171.53995617805685,209.48685280757942
487_LCA,487,LCA,155921,rescued,11,48.70375682904421,0.9090909090909091,244.38461326641954,244.38461326641954
487_LCA,487,LCA,155921,sacrificed,11,0.871604087435413,0.0,-0.7620063796267519,0.06933546593055673
487_LCA,487,LCA,181081,always_consecutive,564,1.6847787320336565,0.01950354609929078,178.53403036240735,221.2098970131367
487_LCA,487,LCA,181081,rescued,11,31.705488576527518,0.8181818181818182,157.30310251712496,157.30310251712496
487_LCA,487,LCA,181081,sacrificed,11,0.866932974273239,0.0,-0.7897285863422063,0.16938174736684475
487_LCA,487,LCA,205019,always_consecutive,564,1.4863307617223163,0.012411347517730497,126.79510463423273,172.0816712196153
487_LCA,487,LCA,205019,rescued,11,42.970438604876236,0.8181818181818182,215.01303228239246,215.01303228239246
487_LCA,487,LCA,205019,sacrificed,11,1.0186283623389785,0.0,0.1105559410791977,1.776344481295621
487_RCA,487,RCA,104729,always_consecutive,825,1.5397197788173047,0.01818181818181818,199.78385400937918,252.24310566370892
487_RCA,487,RCA,104729,rescued,33,37.61947393685638,0.8484848484848485,540.2673326799655,540.2673326799655
487_RCA,487,RCA,104729,sacrificed,21,0.8437786773396572,0.0,-1.6339812926424613,1.1331317085107986
487_RCA,487,RCA,104729,always_nonconsecutive,5,20.524566259178187,1.0,33.17647183305817,33.17647183305817
487_RCA,487,RCA,130363,always_consecutive,825,1.8687859992512197,0.012121212121212121,321.5917260252039,361.7829603941577
487_RCA,487,RCA,130363,rescued,33,47.85695955454508,0.7878787878787878,691.3066146083555,691.3066146083555
487_RCA,487,RCA,130363,sacrificed,21,0.9903574850975104,0.0,-0.10085491977910271,2.130116852885618
487_RCA,487,RCA,130363,always_nonconsecutive,5,28.11719539227291,0.8,46.07799513601818,46.07799513601818
487_RCA,487,RCA,155921,always_consecutive,825,1.4969376584588514,0.008484848484848486,183.94753074801116,236.59339036394937
487_RCA,487,RCA,155921,rescued,33,36.57460483557665,0.8484848484848485,524.8518014977999,524.8518014977999
487_RCA,487,RCA,155921,sacrificed,21,2.4932825653075574,0.047619047619047616,15.618839571898542,17.25826631743676
487_RCA,487,RCA,155921,always_nonconsecutive,5,32.22496701532951,0.8,53.0579898636813,53.0579898636813
487_RCA,487,RCA,181081,always_consecutive,825,1.7605412940142566,0.009696969696969697,281.5236291403018,321.5780239481949
487_RCA,487,RCA,181081,rescued,33,39.15528493820709,0.8484848484848485,562.9260009784521,562.9260009784521
487_RCA,487,RCA,181081,sacrificed,21,0.9808171093037535,0.0,-0.20064152577059674,1.2467704814684457
487_RCA,487,RCA,181081,always_nonconsecutive,5,28.523265180316645,0.8,46.76799575915396,46.76799575915396
487_RCA,487,RCA,205019,always_consecutive,825,1.8084943153215347,0.01818181818181818,299.2740244086672,340.9992146881034
487_RCA,487,RCA,205019,rescued,33,55.10717118885651,0.8484848484848485,798.2729928744371,798.2729928744371
487_RCA,487,RCA,205019,sacrificed,21,1.0046065839823681,0.0,0.04818210422236263,1.9343362535835658
487_RCA,487,RCA,205019,always_nonconsecutive,5,27.2065091174653,1.0,44.53054167949365,44.53054167949365
495_LCA,495,LCA,104729,always_consecutive,1138,1.4881651529880882,0.01054481546572935,265.99223665860814,359.9033155903903
495_LCA,495,LCA,104729,rescued,17,70.82680047113307,0.8823529411764706,542.3589489033686,542.3589489033686
495_LCA,495,LCA,104729,sacrificed,14,2.4756693994182624,0.07142857142857142,11.653509646590942,14.046730959654502
495_LCA,495,LCA,104729,always_nonconsecutive,2,95.6087202753818,1.0,66.22597336520263,66.22597336520263
495_LCA,495,LCA,130363,always_consecutive,1138,1.7176442159045433,0.015817223198594025,391.03116833540264,469.9270118145064
495_LCA,495,LCA,130363,rescued,17,72.16467790298958,0.8823529411764706,552.7505147893525,552.7505147893525
495_LCA,495,LCA,130363,sacrificed,14,0.7661823933210132,0.0,-1.8464811536042887,0.15448908752952373
495_LCA,495,LCA,130363,always_nonconsecutive,2,70.86964342363527,1.0,48.908653778862266,48.908653778862266
495_LCA,495,LCA,155921,always_consecutive,1138,1.5700847302897514,0.015817223198594025,310.62871154670586,402.90727332219177
495_LCA,495,LCA,155921,rescued,17,67.7579432700888,0.8823529411764706,518.5225113942349,518.5225113942349
495_LCA,495,LCA,155921,sacrificed,14,0.7557211051252902,0.0,-1.9290949985160857,0.29755413358389843
495_LCA,495,LCA,155921,always_nonconsecutive,2,67.88224756858743,1.0,46.817480811382694,46.817480811382694
495_LCA,495,LCA,181081,always_consecutive,1138,1.433920087856755,0.015817223198594025,236.4350957736929,350.9323383873257
495_LCA,495,LCA,181081,rescued,17,57.30991670772298,0.8823529411764706,437.37056591992086,437.37056591992086
495_LCA,495,LCA,181081,sacrificed,14,0.6372477921972678,0.0,-2.864690664872362,0.1517595711032761
495_LCA,495,LCA,181081,always_nonconsecutive,2,75.79262812997744,1.0,52.354736265661884,52.354736265661884
495_LCA,495,LCA,205019,always_consecutive,1138,1.3987768030959162,0.009666080843585237,217.28616459774315,311.76306023352095
495_LCA,495,LCA,205019,rescued,17,60.093196013144016,0.8823529411764706,458.9888618808922,458.9888618808922
495_LCA,495,LCA,205019,sacrificed,14,5.822971153664156,0.07142857142857142,38.08748821830418,39.92241967444163
495_LCA,495,LCA,205019,always_nonconsecutive,2,66.8739454435724,1.0,46.111670718180335,46.111670718180335
495_RCA,495,RCA,104729,always_consecutive,850,1.3490222711692437,0.01764705882352941,136.94992799086327,217.1345923103371
495_RCA,495,RCA,104729,rescued,15,48.9963556825061,0.8,335.9621068145705,335.9621068145705
495_RCA,495,RCA,104729,sacrificed,12,0.9461675689141119,0.0,-0.3221052709247155,0.8236729240485868
495_RCA,495,RCA,104729,always_nonconsecutive,2,13.378284960974417,0.5,8.664832526268947,8.664832526268947
495_RCA,495,RCA,130363,always_consecutive,850,1.3481612915802292,0.01411764705882353,136.61209541553188,224.12193187809618
495_RCA,495,RCA,130363,rescued,15,44.65582790363097,0.8,305.5795322098581,305.5795322098581
495_RCA,495,RCA,130363,sacrificed,12,0.7926820792598521,0.0,-1.24048261764384,0.30446347458598255
495_RCA,495,RCA,130363,always_nonconsecutive,2,7.143380075380752,0.5,4.300382457361149,4.300382457361149
495_RCA,495,RCA,155921,always_consecutive,850,1.2931110115088125,0.02,115.01137673817959,217.63572755535017
495_RCA,495,RCA,155921,rescued,15,40.101910411556176,0.6666666666666666,273.7032846668637,273.7032846668637
495_RCA,495,RCA,155921,sacrificed,12,0.6119859879263005,0.0,-2.321674053363498,0.12757168267138796
495_RCA,495,RCA,155921,always_nonconsecutive,2,14.951978899338616,0.5,9.766422485340062,9.766422485340062
495_RCA,495,RCA,181081,always_consecutive,850,1.4071478269751299,0.024705882352941175,159.75732837645356,245.2190249494958
495_RCA,495,RCA,181081,rescued,15,51.77557065227739,0.6666666666666666,355.4158945711122,355.4158945711122
495_RCA,495,RCA,181081,sacrificed,12,0.703979555491779,0.0,-1.7712323882502652,0.18274382326796923
495_RCA,495,RCA,181081,always_nonconsecutive,2,17.120577159220556,0.5,11.284447058039515,11.284447058039515
495_RCA,495,RCA,205019,always_consecutive,850,1.2873805801752005,0.01647058823529412,112.76286074558786,196.05800402728346
495_RCA,495,RCA,205019,rescued,15,45.108077361050185,0.7333333333333333,308.7451617323446,308.7451617323446
495_RCA,495,RCA,205019,sacrificed,12,0.752722234781402,0.0,-1.4795815450414336,0.16904428631049073
495_RCA,495,RCA,205019,always_nonconsecutive,2,32.00406852339671,0.5,21.702930756172492,21.702930756172492
499_LCA,499,LCA,104729,always_consecutive,818,1.9080266465433091,0.02078239608801956,322.1082929037208,359.4491923996422
499_LCA,499,LCA,104729,rescued,22,49.02142711901386,0.7272727272727273,468.07855013534663,468.07855013534663
499_LCA,499,LCA,104729,sacrificed,13,0.7871265413588183,0.0,-1.417364399886834,0.09447501474794884
499_LCA,499,LCA,104729,always_nonconsecutive,2,72.51158952417077,1.0,56.648894300286365,56.648894300286365
499_LCA,499,LCA,130363,always_consecutive,818,1.6780545810583187,0.017114914425427872,240.52928890542796,280.9536771246721
499_LCA,499,LCA,130363,rescued,22,51.73884076602153,0.7272727272727273,494.56595620216297,494.56595620216297
499_LCA,499,LCA,130363,sacrificed,13,7.177121141569951,0.07692307692307693,41.12880795819335,42.60382371069069
499_LCA,499,LCA,130363,always_nonconsecutive,2,58.51009082473245,1.0,45.55741353265514,45.55741353265514
499_LCA,499,LCA,155921,always_consecutive,818,1.7335858882260067,0.012224938875305624,260.22815415634227,305.6618224292417
499_LCA,499,LCA,155921,rescued,22,47.571643485106186,0.6818181818181818,453.9470954476793,453.9470954476793
499_LCA,499,LCA,155921,sacrificed,13,0.8351405830552078,0.0,-1.0976749758057633,0.18438424915646023
499_LCA,499,LCA,155921,always_nonconsecutive,2,59.632475839305336,1.0,46.446526339094355,46.446526339094355
499_LCA,499,LCA,181081,always_consecutive,818,1.7822605245477299,0.012224938875305624,277.49472234901043,324.26543250822465
499_LCA,499,LCA,181081,rescued,22,51.273671079816836,0.7727272727272727,490.0318145627241,490.0318145627241
499_LCA,499,LCA,181081,sacrificed,13,1.4338671416413553,0.07692307692307693,2.8887952719350927,4.062560287972028
499_LCA,499,LCA,181081,always_nonconsecutive,2,72.12518212395378,1.0,56.342796336062776,56.342796336062776
499_LCA,499,LCA,205019,always_consecutive,818,1.7368874357611952,0.01589242053789731,261.3993266594274,307.14578740761306
499_LCA,499,LCA,205019,rescued,22,57.89506497799374,0.7272727272727273,554.5724299020486,554.5724299020486
499_LCA,499,LCA,205019,sacrificed,13,0.8089727392634114,0.0,-1.2719069841032844,0.15690419461749344
499_LCA,499,LCA,205019,always_nonconsecutive,2,87.71553807029366,1.0,68.69291233802267,68.69291233802267
499_RCA,499,RCA,104729,always_consecutive,724,1.5179980567435991,0.009668508287292817,166.73819828060397,219.011177607397
499_RCA,499,RCA,104729,rescued,45,36.57379617723033,0.8666666666666667,703.7084750318419,703.7084750318419
499_RCA,499,RCA,104729,sacrificed,31,0.8620792666148297,0.0,-2.1810290689376277,1.1048389051853191
499_RCA,499,RCA,104729,always_nonconsecutive,1,9.473553413730361,1.0,4.815767589028492,4.815767589028492
499_RCA,499,RCA,130363,always_consecutive,724,1.5321722631099786,0.017955801104972375,171.30072819904606,233.3672738198282
499_RCA,499,RCA,130363,rescued,45,34.50153368751921,0.8888888888888888,662.7156985163659,662.7156985163659
499_RCA,499,RCA,130363,sacrificed,31,0.7705943545612314,0.0,-3.627738694537368,0.42532850495997016
499_RCA,499,RCA,130363,always_nonconsecutive,1,9.860751970117837,1.0,5.035823823683009,5.035823823683009
499_RCA,499,RCA,155921,always_consecutive,724,1.4743062453958058,0.013812154696132596,152.67425767521846,223.22280276573963
499_RCA,499,RCA,155921,rescued,45,30.987236359348298,0.7555555555555555,593.1970898951541,593.2057795095338
499_RCA,499,RCA,155921,sacrificed,31,0.8185691729213891,0.0,-2.8690821035207366,1.1193633825422424
499_RCA,499,RCA,155921,always_nonconsecutive,1,6.766457921168426,1.0,3.277246251290721,3.277246251290721
499_RCA,499,RCA,181081,always_consecutive,724,1.230481498524753,0.008287292817679558,74.18960225955685,151.06903587777757
499_RCA,499,RCA,181081,rescued,45,55.9209102036524,0.8666666666666667,1086.4263620960005,1086.4263620960005
499_RCA,499,RCA,181081,sacrificed,31,0.7147274451792854,0.0,-4.51119798570461,0.1756228440288491
499_RCA,499,RCA,181081,always_nonconsecutive,1,105.3862157465434,1.0,59.3257314834383,59.3257314834383
499_RCA,499,RCA,205019,always_consecutive,724,1.5275784602741256,0.011049723756906077,169.82203074422995,232.77834867057598
499_RCA,499,RCA,205019,rescued,45,32.83913465145967,0.8444444444444444,629.8306984243983,629.8306984243983
499_RCA,499,RCA,205019,sacrificed,31,0.8189814200973208,0.0,-2.862562974364254,1.3457189566512824
499_RCA,499,RCA,205019,always_nonconsecutive,1,9.082624745809476,1.0,4.593591423177584,4.593591423177584
510_RCA,510,RCA,104729,always_consecutive,571,1.266468155787959,0.014010507880910683,72.15538701088171,120.70560479843773
510_RCA,510,RCA,104729,rescued,45,46.1885121757099,0.8,788.8089604397267,788.8089604397267
510_RCA,510,RCA,104729,sacrificed,10,0.8893720946486419,0.0,-0.47969529882986417,0.2877254058323351
510_RCA,510,RCA,104729,always_nonconsecutive,8,50.05733865320078,1.0,165.80891817951755,165.80891817951755
510_RCA,510,RCA,130363,always_consecutive,571,1.3655184245538805,0.014010507880910683,98.97664246334989,143.7773178080121
510_RCA,510,RCA,130363,rescued,45,28.558236861483397,0.8222222222222222,481.0555409687367,481.0555409687367
510_RCA,510,RCA,130363,sacrificed,10,0.9031311696046223,0.0,-0.4200343701367906,0.3262972184390182
510_RCA,510,RCA,130363,always_nonconsecutive,8,31.57521485567615,1.0,103.34118069805251,103.34118069805251
510_RCA,510,RCA,155921,always_consecutive,571,1.2853128732079837,0.008756567425569177,77.25824019996827,120.11193542578822
510_RCA,510,RCA,155921,rescued,45,46.58210417025678,0.8,795.6794874189884,795.6794874189884
510_RCA,510,RCA,155921,sacrificed,10,0.8983446939859617,0.0,-0.44078907795614974,0.4668347714122422
510_RCA,510,RCA,155921,always_nonconsecutive,8,49.174579175193664,1.0,162.82527907312823,162.82527907312823
510_RCA,510,RCA,181081,always_consecutive,571,1.464133768651585,0.014010507880910683,125.68012715381838,175.92169742377004
510_RCA,510,RCA,181081,rescued,45,29.82745936500542,0.7777777777777778,503.211041014345,503.28103223210076
510_RCA,510,RCA,181081,sacrificed,10,0.947387877224534,0.0,-0.22813220476962487,0.3064768696118597
510_RCA,510,RCA,181081,always_nonconsecutive,8,39.075006338016124,1.0,128.68972887449576,128.68972887449576
510_RCA,510,RCA,205019,always_consecutive,571,1.2865723598737095,0.010507880910683012,77.59928938662163,127.01930450881272
510_RCA,510,RCA,205019,rescued,45,43.31474883077296,0.8444444444444444,738.6446561170895,738.6446561170895
510_RCA,510,RCA,205019,sacrificed,10,0.8139089321795983,0.0,-0.8069122352462605,0.2669950303994277
510_RCA,510,RCA,205019,always_nonconsecutive,8,49.92017528024656,1.0,165.34531964140348,165.34531964140348
512_LCA,512,LCA,104729,always_consecutive,893,1.278960274277072,0.011198208286674132,115.6501267292674,211.91059961981824
512_LCA,512,LCA,104729,rescued,37,87.20540090105024,0.8648648648648649,1400.3152518634101,1400.3152518634101
512_LCA,512,LCA,104729,sacrificed,18,2.719735760832421,0.05555555555555555,15.991996485570187,18.26628998325601
512_LCA,512,LCA,104729,always_nonconsecutive,10,77.61384429727012,0.8,346.645502421999,346.645502421999
512_LCA,512,LCA,130363,always_consecutive,893,1.3572534064029804,0.012318029115341545,148.1085499791645,242.95974059342416
512_LCA,512,LCA,130363,rescued,37,79.52498208678455,0.8648648648648649,1275.554999096186,1275.5706876273773
512_LCA,512,LCA,130363,sacrificed,18,0.7588524060379903,0.0,-2.242455825467917,0.09999867240825083
512_LCA,512,LCA,130363,always_nonconsecutive,10,70.3019707753857,0.8,313.5623424019235,313.5623424019235
512_LCA,512,LCA,155921,always_consecutive,893,1.0229699813068602,0.005599104143337066,9.522794082388954,101.1522135322979
512_LCA,512,LCA,155921,rescued,37,103.62694108143413,0.918918918918919,1667.0657446785215,1667.0657446785215
512_LCA,512,LCA,155921,sacrificed,18,0.926702968209843,0.0,-0.6815964995829022,0.7214129354088953
512_LCA,512,LCA,155921,always_nonconsecutive,10,96.3701310945977,0.8,431.50983105695315,431.50983105695315
512_LCA,512,LCA,181081,always_consecutive,893,1.432702426098649,0.007838745800671893,179.38787357466833,263.91591893592647
512_LCA,512,LCA,181081,rescued,37,75.2902712554224,0.8648648648648649,1206.7666157419433,1206.7666157419433
512_LCA,512,LCA,181081,sacrificed,18,0.8091824014969743,0.0,-1.7744321157619318,0.05393336136336513
512_LCA,512,LCA,181081,always_nonconsecutive,10,63.96598745917077,0.8,284.894676131782,284.894676131782
512_LCA,512,LCA,205019,always_consecutive,893,1.3459922784471516,0.006718924972004479,143.43996095307065,223.01517227844172
512_LCA,512,LCA,205019,rescued,37,56.286529492288096,0.8918918918918919,898.0709985852416,898.0709985852416
512_LCA,512,LCA,205019,sacrificed,18,0.7907816428481412,0.0,-1.9455426284034374,0.07405802125898586
512_LCA,512,LCA,205019,always_nonconsecutive,10,62.64219096676728,0.9,278.9050523970279,278.9050523970279
512_RCA,512,RCA,104729,always_consecutive,615,1.3368683038321663,0.013008130081300813,91.36817427762283,135.7514203974859
512_RCA,512,RCA,104729,rescued,40,47.852480138279184,0.925,732.7616755052925,732.7616755052925
512_RCA,512,RCA,104729,sacrificed,12,0.831937122322736,0.0,-0.9764199262256226,0.2756189409109135
512_RCA,512,RCA,104729,always_nonconsecutive,6,55.408285572236814,0.8333333333333334,110.94189479963913,110.94189479963913
512_RCA,512,RCA,130363,always_consecutive,615,1.3850973264484592,0.013008130081300813,104.44924392269198,150.57271585935203
512_RCA,512,RCA,130363,rescued,40,52.379673485268846,0.9,803.5659055585536,803.5659055585536
512_RCA,512,RCA,130363,sacrificed,12,0.8794918726562239,0.0,-0.70013401196519,0.28604904670052167
512_RCA,512,RCA,130363,always_nonconsecutive,6,78.57219335138397,0.8333333333333334,158.1745505055564,158.1745505055564
512_RCA,512,RCA,155921,always_consecutive,615,1.3048236382918859,0.014634146341463415,82.67675821845219,136.1133967975991
512_RCA,512,RCA,155921,rescued,40,63.42810528093253,0.875,976.3607580488068,976.3607580488068
512_RCA,512,RCA,155921,sacrificed,12,0.8192846838220375,0.0,-1.0499286822231853,0.26054936739224993
512_RCA,512,RCA,155921,always_nonconsecutive,6,55.49784741275432,0.8333333333333334,111.12451699006935,111.12451699006935
512_RCA,512,RCA,181081,always_consecutive,615,1.0837330230083042,0.011382113821138212,22.710754772662114,81.12384471284177
512_RCA,512,RCA,181081,rescued,40,66.881589255459,0.9,1030.3724282108988,1030.3724282108988
512_RCA,512,RCA,181081,sacrificed,12,0.8024714155627969,0.0,-1.1476112304467427,0.3192283757952058
512_RCA,512,RCA,181081,always_nonconsecutive,6,73.33399662475726,0.8333333333333334,147.4935399926691,147.4935399926691
512_RCA,512,RCA,205019,always_consecutive,615,1.3242232840025459,0.014634146341463415,87.93848866341212,138.42569776898304
512_RCA,512,RCA,205019,rescued,40,46.41733109887768,0.925,710.3162849601617,710.3162849601617
512_RCA,512,RCA,205019,sacrificed,12,0.8147097003689975,0.0,-1.0765086448386012,0.27211722736736993
512_RCA,512,RCA,205019,always_nonconsecutive,6,43.75594747422711,0.8333333333333334,87.18204914666623,87.18204914666623
519_LCA,519,LCA,104729,always_consecutive,821,1.7029281222676393,0.0097442143727162,244.94598967123147,298.41033016175885
519_LCA,519,LCA,104729,rescued,9,60.27542356596738,0.6666666666666666,252.18281127708732,252.18281127708732
519_LCA,519,LCA,104729,sacrificed,8,0.8158822777759854,0.0,-0.7004199215991787,0.009090120406343272
519_LCA,519,LCA,104729,always_nonconsecutive,2,70.42603033053331,1.0,53.35998053306446,53.35998053306446
519_LCA,519,LCA,130363,always_consecutive,821,1.6550894373275962,0.010962241169305725,228.27587269055454,277.9673045991951
519_LCA,519,LCA,130363,rescued,9,58.0273124543828,0.6666666666666666,242.618392398634,242.618392398634
519_LCA,519,LCA,130363,sacrificed,8,13.312984038743153,0.125,46.84100591129057,47.71298704576467
519_LCA,519,LCA,130363,always_nonconsecutive,2,66.11874341501535,1.0,50.0494535611474,50.0494535611474
519_LCA,519,LCA,155921,always_consecutive,821,1.5393385826461274,0.007308160779537149,187.94072780578637,245.50926667382794
519_LCA,519,LCA,155921,rescued,9,34.54257473057134,0.5555555555555556,142.70435003494217,142.70435003494217
519_LCA,519,LCA,155921,sacrificed,8,0.7818561292331212,0.0,-0.8298620633269478,0.10193829646507141
519_LCA,519,LCA,155921,always_nonconsecutive,2,68.6387574273461,0.5,51.98630488335069,51.98630488335069
519_LCA,519,LCA,181081,always_consecutive,821,1.7997433148219246,0.010962241169305725,278.68271523986795,317.32111195750076
519_LCA,519,LCA,181081,rescued,9,56.2065962313164,0.6666666666666666,234.8722927835094,234.8722927835094
519_LCA,519,LCA,181081,sacrificed,8,0.861587957806555,0.0,-0.5265465516869736,0.06690673199544633
519_LCA,519,LCA,181081,always_nonconsecutive,2,40.6510284229419,1.0,30.4752856340924,30.4752856340924
519_LCA,519,LCA,205019,always_consecutive,821,1.4401278060445653,0.008526187576126675,153.36922455972848,205.25414495497085
519_LCA,519,LCA,205019,rescued,9,59.31471280276295,0.6666666666666666,248.09553991715478,248.09553991715478
519_LCA,519,LCA,205019,sacrificed,8,0.7425968166185447,0.0,-0.9792121874289763,0.06451118573928494
519_LCA,519,LCA,205019,always_nonconsecutive,2,120.5331879539396,1.0,91.87171658685783,91.87171658685783
519_RCA,519,RCA,104729,always_consecutive,378,1.0524004282051604,0.0026455026455026454,8.418979296203123,30.277930697507166
519_RCA,519,RCA,104729,rescued,7,36.0628068249728,0.7142857142857143,100.1806513540866,100.1806513540866
519_RCA,519,RCA,104729,sacrificed,5,0.817289350555892,0.0,-0.4426767666003757,0.12869376961686513
519_RCA,519,RCA,130363,always_consecutive,378,1.1675255515150176,0.007936507936507936,26.91569893795357,49.804575748387975
519_RCA,519,RCA,130363,rescued,7,32.95559793427565,0.7142857142857143,91.30280503342225,91.30280503342225
519_RCA,519,RCA,130363,sacrificed,5,0.78673242282622,0.0,-0.5167109950690916,0.051086267680708286
519_RCA,519,RCA,155921,always_consecutive,378,1.0770888678139792,0.005291005291005291,12.385577834452064,35.027825865244
519_RCA,519,RCA,155921,rescued,7,35.33414068352393,0.5714285714285714,98.09872308649491,98.09872308649491
519_RCA,519,RCA,155921,sacrificed,5,0.7566683669814779,0.0,-0.5895510789543755,0.03156211530250841
519_RCA,519,RCA,181081,always_consecutive,378,1.1748717162913205,0.005291005291005291,28.095979543983006,46.60095993374915
519_RCA,519,RCA,181081,rescued,7,36.02250194094164,0.8571428571428571,100.06549315938902,100.06549315938902
519_RCA,519,RCA,181081,sacrificed,5,0.870333787609617,0.0,-0.3141591352935963,0.14529442405146292
519_RCA,519,RCA,205019,always_consecutive,378,1.2146751320997888,0.005291005291005291,34.49104433806534,57.663582335571164
519_RCA,519,RCA,205019,rescued,7,31.635342514584632,0.5714285714285714,87.5306013830229,87.5306013830229
519_RCA,519,RCA,205019,sacrificed,5,0.7545075225612117,0.0,-0.594786436740034,0.09012362700285936
520_LCA,520,LCA,104729,always_consecutive,1159,1.3819587003560336,0.012079378774805867,209.55053362424115,307.07305702115144
520_LCA,520,LCA,104729,rescued,37,45.71922101819482,0.7297297297297297,769.9815750872347,769.9815750872347
520_LCA,520,LCA,104729,sacrificed,20,0.8499154563724333,0.0,-1.493840207007438,0.41702502295637073
520_LCA,520,LCA,104729,always_nonconsecutive,7,84.18314308434346,0.7142857142857143,282.6030089112698,282.6030089112698
520_LCA,520,LCA,130363,always_consecutive,1159,1.4799560458063017,0.013805004314063849,263.3139274511687,363.3597946706387
520_LCA,520,LCA,130363,rescued,37,47.68023406178259,0.7567567567567568,803.7465619919478,803.7465619919478
520_LCA,520,LCA,130363,sacrificed,20,0.9126769617435185,0.0,-0.8691545604408337,0.9218546001192436
520_LCA,520,LCA,130363,always_nonconsecutive,7,82.06386717258962,0.8571428571428571,275.4030675870097,275.4030675870097
520_LCA,520,LCA,155921,always_consecutive,1159,1.3715138584636015,0.011216566005176877,203.8202748550607,309.6457810986553
520_LCA,520,LCA,155921,rescued,37,51.54165494251362,0.7567567567567568,870.2330271879824,870.2330271879824
520_LCA,520,LCA,155921,sacrificed,20,0.8058966590843114,0.0,-1.931973592789533,0.2821489256336683
520_LCA,520,LCA,155921,always_nonconsecutive,7,49.457565096764384,0.7142857142857143,164.6277502038372,164.6277502038372
520_LCA,520,LCA,181081,always_consecutive,1159,1.525226337871839,0.014667817083692839,288.1501567367328,385.7128100667743
520_LCA,520,LCA,181081,rescued,37,54.784885694766324,0.7297297297297297,926.0754114275217,926.0754114275217
520_LCA,520,LCA,181081,sacrificed,20,0.8711791027509578,0.0,-1.282196228619821,0.5620062719843101
520_LCA,520,LCA,181081,always_nonconsecutive,7,75.97191660904656,0.8571428571428571,254.7065238455649,254.7065238455649
520_LCA,520,LCA,205019,always_consecutive,1159,1.4368472103351837,0.013805004314063849,239.66351847116096,305.1170759946441
520_LCA,520,LCA,205019,rescued,37,54.081857754970784,0.7837837837837838,913.9705816006815,913.9705816006815
520_LCA,520,LCA,205019,sacrificed,20,3.6792321458282404,0.05,26.667267705306227,27.509716774489014
520_LCA,520,LCA,205019,always_nonconsecutive,7,46.31924857392,1.0,153.96576197657694,153.96576197657694
520_RCA,520,RCA,104729,always_consecutive,661,1.2137110814628629,0.009077155824508321,66.3688941625438,135.78071677892697
520_RCA,520,RCA,104729,rescued,12,35.479750227134005,0.6666666666666666,186.3136902412549,186.33345695900445
520_RCA,520,RCA,104729,sacrificed,10,0.775200938949562,0.0,-1.139963459002737,0.10198272635787026
520_RCA,520,RCA,104729,always_nonconsecutive,2,5.2362974765198445,0.5,2.9654114656023713,2.9654114656023713
520_RCA,520,RCA,130363,always_consecutive,661,1.0557805812327268,0.0045385779122541605,17.322899059884936,79.9718731662623
520_RCA,520,RCA,130363,rescued,12,49.7192091516983,0.8333333333333334,263.2575811278701,263.2575811278701
520_RCA,520,RCA,130363,sacrificed,10,0.9317948385840266,0.0,-0.34587062493178405,0.40798936065351615
520_RCA,520,RCA,130363,always_nonconsecutive,2,6.126043569675302,0.5,3.5882344096335888,3.5882344096335888
520_RCA,520,RCA,155921,always_consecutive,661,1.3539714297148526,0.007564296520423601,109.92734768127477,171.9078069151878
520_RCA,520,RCA,155921,rescued,12,58.92990983698908,0.6666666666666666,313.0282326865262,313.0282326865262
520_RCA,520,RCA,155921,sacrificed,10,0.9035705880982681,0.0,-0.48899673080233214,0.37713813893062637
520_RCA,520,RCA,155921,always_nonconsecutive,2,5.4657096887545755,1.0,3.1260001891943108,3.1260001891943108
520_RCA,520,RCA,181081,always_consecutive,661,1.629555673146011,0.009077155824508321,195.51121801663496,228.6479284555031
520_RCA,520,RCA,181081,rescued,12,49.85274326111459,0.6666666666666666,263.9791418275428,263.9791418275428
520_RCA,520,RCA,181081,sacrificed,10,4.760724769658643,0.1,19.07075944510038,19.55327483402447
520_RCA,520,RCA,181081,always_nonconsecutive,2,5.449791577549757,0.5,3.1148574992063827,3.1148574992063827
520_RCA,520,RCA,205019,always_consecutive,661,1.273284236278379,0.007564296520423601,84.86959323633937,130.527326396441
520_RCA,520,RCA,205019,rescued,12,39.064638118269635,0.75,205.68487732059313,205.68487732059313
520_RCA,520,RCA,205019,sacrificed,10,0.7775343544026799,0.0,-1.1281306322160183,0.33382492908660955
520_RCA,520,RCA,205019,always_nonconsecutive,2,5.282024505659152,0.5,2.997420420886841,2.997420420886841
523_LCA,523,LCA,104729,always_consecutive,1197,1.6387137880422395,0.013366750208855471,363.93256803037093,458.6074687084527
523_LCA,523,LCA,104729,rescued,25,62.42724095826422,0.84,747.690782800505,747.690782800505
523_LCA,523,LCA,104729,sacrificed,19,0.8755687400487013,0.0,-1.294794915949888,1.1920634719351515
523_LCA,523,LCA,104729,always_nonconsecutive,4,47.458386084901996,0.75,78.51224982156701,78.51224982156701
523_LCA,523,LCA,130363,always_consecutive,1197,1.6701699727559447,0.009189640768588136,381.8559795765442,465.76202074531045
523_LCA,523,LCA,130363,rescued,25,61.06510672242588,0.84,731.1109202316277,731.1109202316277
523_LCA,523,LCA,130363,sacrificed,19,0.8400501138040478,0.0,-1.6643912432803476,0.6034261366399476
523_LCA,523,LCA,130363,always_nonconsecutive,4,17.435631788402453,0.75,27.775360654762267,27.775360654762267
523_LCA,523,LCA,155921,always_consecutive,1197,1.6431688680501637,0.018379281537176273,366.47102694329703,463.9843518623863
523_LCA,523,LCA,155921,rescued,25,69.04005309801212,0.84,828.1817605515673,828.1817605515673
523_LCA,523,LCA,155921,sacrificed,19,0.8008083943143046,0.0,-2.072728978575623,0.5876099119743401
523_LCA,523,LCA,155921,always_nonconsecutive,4,46.067756711891796,0.75,76.16215869822366,76.16215869822366
523_LCA,523,LCA,181081,always_consecutive,1197,1.2605475743282935,0.009189640768588136,148.4573365951965,261.028067462224
523_LCA,523,LCA,181081,rescued,25,50.330923107999546,0.8,600.4547158475204,600.4547158475204
523_LCA,523,LCA,181081,sacrificed,19,0.7712837032389245,0.0,-2.379954188015402,0.03440204831625171
523_LCA,523,LCA,181081,always_nonconsecutive,4,94.83898270716075,0.75,158.58298736082438,158.58298736082438
523_LCA,523,LCA,205019,always_consecutive,1197,1.3162799586081235,0.010025062656641603,180.21307776305855,288.3700234140745
523_LCA,523,LCA,205019,rescued,25,42.15159097906326,0.84,500.8960974419688,500.8960974419688
523_LCA,523,LCA,205019,sacrificed,19,1.0556757496146418,0.05263157894736842,0.5793453957707428,2.7171113793585526
523_LCA,523,LCA,205019,always_nonconsecutive,4,25.10078331633393,0.75,40.7290670228941,40.7290670228941
523_RCA,523,RCA,104729,always_consecutive,832,1.3040819441548863,0.010817307692307692,114.64780720380091,191.20171365342884
523_RCA,523,RCA,104729,rescued,26,39.289722345688304,0.8846153846153846,485.014287385267,485.014287385267
523_RCA,523,RCA,104729,sacrificed,13,0.7218961330831202,0.0,-1.832618552098437,0.0910094678021513
523_RCA,523,RCA,104729,always_nonconsecutive,6,57.434329972054535,0.8333333333333334,134.87519311830488,134.87519311830488
523_RCA,523,RCA,130363,always_consecutive,832,1.3042319477411841,0.015625,114.70436295323734,189.65184062985276
523_RCA,523,RCA,130363,rescued,26,65.16733631736176,0.7692307692307693,812.8049249456243,812.8049249456243
523_RCA,523,RCA,130363,sacrificed,13,0.7124072755286106,0.0,-1.8951471914352305,0.014190486348953368
523_RCA,523,RCA,130363,always_nonconsecutive,6,76.89674743270022,0.8333333333333334,181.3893860723723,181.3893860723723
523_RCA,523,RCA,155921,always_consecutive,832,1.7127076503564076,0.013221153846153846,268.7116774323029,319.22827086278596
523_RCA,523,RCA,155921,rescued,26,33.659548710431714,0.8846153846153846,413.69711697317103,413.69711697317103
523_RCA,523,RCA,155921,sacrificed,13,1.0095004946923931,0.0,0.06260532447970585,0.8886342833843442
523_RCA,523,RCA,155921,always_nonconsecutive,6,46.2354380418221,0.8333333333333334,108.11040805663974,108.11040805663974
523_RCA,523,RCA,181081,always_consecutive,832,1.7216580198830855,0.019230769230769232,272.0862291267457,344.94215700336235
523_RCA,523,RCA,181081,rescued,26,68.04091123071501,0.7692307692307693,849.2043763771427,849.2043763771427
523_RCA,523,RCA,181081,sacrificed,13,0.6423993072362123,0.0,-2.3564780708282678,0.0
523_RCA,523,RCA,181081,always_nonconsecutive,6,45.750456838567956,0.8333333333333334,106.95132752037676,106.95132752037676
523_RCA,523,RCA,205019,always_consecutive,832,1.7753191250296319,0.013221153846153846,292.3180388590938,352.67646397228907
523_RCA,523,RCA,205019,rescued,26,64.22866506160777,0.8461538461538461,800.9148159997227,801.0799377017468
523_RCA,523,RCA,205019,sacrificed,13,0.7874596116532459,0.0,-1.4005754866791684,0.13054298309784923
523_RCA,523,RCA,205019,always_nonconsecutive,6,64.32845753463695,0.8333333333333334,151.35180915761958,151.35180915761958
535_LCA,535,LCA,104729,always_consecutive,906,1.2881141380178092,0.009933774834437087,112.13128045608448,184.99744379371973
535_LCA,535,LCA,104729,rescued,70,81.88730526328753,0.8142857142857143,2254.5401252973784,2254.5401252973784
535_LCA,535,LCA,104729,sacrificed,39,0.8565586058816703,0.0,-2.576261916584996,1.7244504355367725
535_LCA,535,LCA,104729,always_nonconsecutive,9,114.72883600583539,0.7777777777777778,340.85705216508535,340.85705216508535
535_LCA,535,LCA,130363,always_consecutive,906,1.2382768512801448,0.008830022075055188,92.73508277276937,160.18102619596254
535_LCA,535,LCA,130363,rescued,70,89.55347731854349,0.8142857142857143,2468.2163313441706,2468.2163313441706
535_LCA,535,LCA,130363,sacrificed,39,0.8285374957912361,0.0,-3.079531696066298,0.44578575629670375
535_LCA,535,LCA,130363,always_nonconsecutive,9,94.37092029719787,0.7777777777777778,279.84227895211217,279.84227895211217
535_LCA,535,LCA,155921,always_consecutive,906,1.2284027467069139,0.012141280353200883,88.89217524740101,161.04599110846505
535_LCA,535,LCA,155921,rescued,70,115.84936124351293,0.8142857142857143,3201.1511873890504,3201.1511873890504
535_LCA,535,LCA,155921,sacrificed,39,5.227149615036091,0.02564102564102564,75.92121253325745,81.88868204803522
535_LCA,535,LCA,155921,always_nonconsecutive,9,130.35921638989848,0.8888888888888888,387.70291438473697,387.70291438473697
535_LCA,535,LCA,181081,always_consecutive,906,1.6662406861315875,0.01434878587196468,259.2945342489836,313.8964314973333
535_LCA,535,LCA,181081,rescued,70,108.98857811921854,0.8428571428571429,3009.923271038804,3009.923271038804
535_LCA,535,LCA,181081,sacrificed,39,2.0995331582324313,0.02564102564102564,19.748033118249463,22.20375656825829
535_LCA,535,LCA,181081,always_nonconsecutive,9,151.8098704346771,1.0,451.9927371025317,451.9927371025317
535_LCA,535,LCA,205019,always_consecutive,906,1.1446740815616996,0.008830022075055188,56.30577564131407,133.30993643569485
535_LCA,535,LCA,205019,rescued,70,111.30113215997034,0.7857142857142857,3074.380182538361,3074.380182538361
535_LCA,535,LCA,205019,sacrificed,39,3.5422220925154786,0.02564102564102564,45.659274302966026,50.16900710276242
535_LCA,535,LCA,205019,always_nonconsecutive,9,128.02390522246796,0.7777777777777778,380.70374593833054,380.70374593833054
535_RCA,535,RCA,104729,always_consecutive,1015,1.6985174494145812,0.0187192118226601,293.24479598889457,352.48390810027536
535_RCA,535,RCA,104729,rescued,42,45.64455978452452,0.8809523809523809,812.850104705728,813.0592975313598
535_RCA,535,RCA,104729,sacrificed,28,0.8516696391914133,0.0,-1.8830787535155658,1.151566710051497
535_RCA,535,RCA,104729,always_nonconsecutive,4,20.578822340165786,0.75,32.677859471183446,32.677859471183446
535_RCA,535,RCA,130363,always_consecutive,1015,1.7779537093857907,0.023645320197044337,326.59295338839956,363.9498870949625
535_RCA,535,RCA,130363,rescued,42,42.19514625737148,0.9047619047619048,750.046122311178,750.2389742815957
535_RCA,535,RCA,130363,sacrificed,28,7.763480178467116,0.14285714285714285,85.86351273243723,86.9018841027139
535_RCA,535,RCA,130363,always_nonconsecutive,4,21.092379185710744,0.75,33.53500696134451,33.53500696134451
535_RCA,535,RCA,155921,always_consecutive,1015,1.6504545411278875,0.019704433497536946,273.0674936939033,327.4807284475572
535_RCA,535,RCA,155921,rescued,42,37.86126421281145,0.8333333333333334,671.1384907720709,671.2915331310122
535_RCA,535,RCA,155921,sacrificed,28,0.8687787479682425,0.0,-1.665875754388441,1.0060775507956798
535_RCA,535,RCA,155921,always_nonconsecutive,4,21.056558672363884,0.75,33.47522105180423,33.47522105180423
535_RCA,535,RCA,181081,always_consecutive,1015,1.4856257740967145,0.019704433497536946,203.87068522238027,269.6935857332851
535_RCA,535,RCA,181081,rescued,42,36.410019565600635,0.8333333333333334,644.7154647834075,644.775824961383
535_RCA,535,RCA,181081,sacrificed,28,1.503264904067245,0.03571428571428571,6.38903217839552,9.427851321626363
535_RCA,535,RCA,181081,always_nonconsecutive,4,15.326514868244015,0.5,23.91154235134318,23.91154235134318
535_RCA,535,RCA,205019,always_consecutive,1015,1.5425072733131053,0.016748768472906402,227.75012251808784,292.5927895449953
535_RCA,535,RCA,205019,rescued,42,37.43818417586863,0.8571428571428571,663.4354099490615,663.4354099490615
535_RCA,535,RCA,205019,sacrificed,28,1.4310614739206984,0.03571428571428571,5.472397549458266,8.13557249714776
535_RCA,535,RCA,205019,always_nonconsecutive,4,21.920538468649827,1.0,34.91723885443039,34.91723885443039
54_LCA,54,LCA,104729,always_consecutive,1063,1.4533376344347495,0.010348071495766699,222.40459220198616,331.0645947706252
54_LCA,54,LCA,104729,rescued,18,68.43638086095028,0.8888888888888888,546.9961301011293,546.9961301011293
54_LCA,54,LCA,104729,sacrificed,16,0.7275823336265849,0.0,-2.2458706255874517,0.2521503183363839
54_LCA,54,LCA,104729,always_nonconsecutive,2,75.10841560416605,1.0,71.64412939782761,71.64412939782761
54_LCA,54,LCA,130363,always_consecutive,1063,1.4341837376581816,0.008466603951081843,213.0078109111873,317.76201503230493
54_LCA,54,LCA,130363,rescued,18,75.70872912949831,0.8888888888888888,605.9842654200415,605.9842654200415
54_LCA,54,LCA,130363,sacrificed,16,0.7821784054321613,0.0,-1.7957687082891347,0.22918198335334689
54_LCA,54,LCA,130363,always_nonconsecutive,2,64.66203833755777,1.0,61.545119743850684,61.545119743850684
54_LCA,54,LCA,155921,always_consecutive,1063,1.6530629259276366,0.007525870178739417,320.3885640429386,396.18236891965455
54_LCA,54,LCA,155921,rescued,18,67.12756812061207,0.8888888888888888,536.379968693117,536.379968693117
54_LCA,54,LCA,155921,sacrificed,16,0.7841571053129418,0.0,-1.7794558751375336,0.1699932927018496
54_LCA,54,LCA,155921,always_nonconsecutive,2,85.95244156674663,1.0,82.1275649553522,82.1275649553522
54_LCA,54,LCA,181081,always_consecutive,1063,1.5445048396807632,0.011288805268109126,267.1306497026302,356.7078256426072
54_LCA,54,LCA,181081,rescued,18,70.61561803615592,0.8333333333333334,564.6725576642857,564.6725576642857
54_LCA,54,LCA,181081,sacrificed,16,0.8031845433653205,0.0,-1.622589528064998,0.40822306082060056
54_LCA,54,LCA,181081,always_nonconsecutive,2,80.95859180436062,0.5,77.29977292049483,77.29977292049483
54_LCA,54,LCA,205019,always_consecutive,1063,1.3944069555844831,0.008466603951081843,193.49357180055492,297.7394339016717
54_LCA,54,LCA,205019,rescued,18,89.58502666279921,0.8888888888888888,718.5389570263146,718.5389570263146
54_LCA,54,LCA,205019,sacrificed,16,0.7034027852821638,0.0,-2.445212093010016,0.07876092925144046
54_LCA,54,LCA,205019,always_nonconsecutive,2,62.98565083433062,1.0,59.924476228226034,59.924476228226034
54_RCA,54,RCA,104729,always_consecutive,724,1.378858603599113,0.012430939226519336,127.2464851294232,195.26265792510446
54_RCA,54,RCA,104729,rescued,14,55.13653949747776,0.7857142857142857,366.88561961234245,366.9793406807114
54_RCA,54,RCA,104729,sacrificed,12,0.7263123036868127,0.0,-1.590206880913973,0.12114286890889259
54_RCA,54,RCA,104729,always_nonconsecutive,1,93.36807911494944,1.0,31.571120791242482,31.571120791242482
54_RCA,54,RCA,130363,always_consecutive,724,1.5610703904947354,0.012430939226519336,188.44559532873495,245.4357236564916
54_RCA,54,RCA,130363,rescued,14,49.73526596206412,0.8571428571428571,330.2809602430766,330.2809602430766
54_RCA,54,RCA,130363,sacrificed,12,0.8128708449181037,0.0,-1.0872760231440166,0.4671006419883653
54_RCA,54,RCA,130363,always_nonconsecutive,1,100.54912076718092,1.0,34.025578387220044,34.025578387220044
54_RCA,54,RCA,155921,always_consecutive,724,1.5562234301188784,0.016574585635359115,186.81765639444586,233.66732650900295
54_RCA,54,RCA,155921,rescued,14,43.7946849368775,0.8571428571428571,290.0213911883448,290.0213911883448
54_RCA,54,RCA,155921,sacrificed,12,1.1312781275243133,0.0,0.7627649489357257,1.1319033622021202
54_RCA,54,RCA,155921,always_nonconsecutive,1,92.34543886172271,1.0,31.22158554844038,31.22158554844038
54_RCA,54,RCA,181081,always_consecutive,724,1.5799785781394842,0.009668508287292817,194.79625067905596,240.04511012591567
54_RCA,54,RCA,181081,rescued,14,63.66738069379272,0.9285714285714286,424.69949148478327,424.7747011377212
54_RCA,54,RCA,181081,sacrificed,12,1.087216587000349,0.0,0.5067542993203402,1.4511964413677452
54_RCA,54,RCA,181081,always_nonconsecutive,1,194.47233010073091,1.0,66.12823782739827,66.12823782739827
54_RCA,54,RCA,205019,always_consecutive,724,1.1956801306454727,0.013812154696132596,65.72269600784917,131.04230684259383
54_RCA,54,RCA,205019,rescued,14,37.365268229728514,0.7857142857142857,246.44896202600057,246.6357181784105
54_RCA,54,RCA,205019,sacrificed,12,10.351331761354084,0.08333333333333333,54.3340176154573,55.57790908094614
54_RCA,54,RCA,205019,always_nonconsecutive,1,60.269538099875604,1.0,20.25814290523092,20.25814290523092
556_RCA,556,RCA,104729,always_consecutive,35,3.077130606727722,0.08571428571428572,31.41828705615498,31.823709438775328
556_RCA,556,RCA,104729,rescued,1,9.512025452020298,1.0,2.9792080964370986,2.9792080964370986
556_RCA,556,RCA,104729,always_nonconsecutive,1,6.2844717254743685,1.0,2.6156802326292663,2.6156802326292663
556_RCA,556,RCA,130363,always_consecutive,35,1.612276192202651,0.02857142857142857,9.261174575140245,10.59056289010637
556_RCA,556,RCA,130363,rescued,1,9.532837306764868,1.0,2.9864922436129255,2.9864922436129255
556_RCA,556,RCA,130363,always_nonconsecutive,1,6.874889174870414,1.0,2.9079219800758374,2.9079219800758374
556_RCA,556,RCA,155921,always_consecutive,35,2.489624255370096,0.05714285714285714,22.531776436898706,22.68205327026854
556_RCA,556,RCA,155921,rescued,1,30.723696338017543,1.0,10.403290883633561,10.403290883633561
556_RCA,556,RCA,155921,always_nonconsecutive,1,21.35409322834479,1.0,10.074762828955343,10.074762828955343
556_RCA,556,RCA,181081,always_consecutive,35,5.047567807649482,0.45714285714285713,61.22274971448289,61.26986517016258
556_RCA,556,RCA,181081,rescued,1,31.61897753329817,1.0,10.716639216601113,10.716639216601113
556_RCA,556,RCA,181081,always_nonconsecutive,1,19.113401213322092,1.0,8.965676790543624,8.965676790543624
556_RCA,556,RCA,205019,always_consecutive,35,1.5050668737720772,0.05714285714285714,7.639546579945029,10.563802852460878
556_RCA,556,RCA,205019,rescued,1,15.33308882132611,1.0,5.01657972055427,5.01657972055427
556_RCA,556,RCA,205019,always_nonconsecutive,1,11.023090224352051,1.0,4.961176884212371,4.961176884212371
568_LCA,568,LCA,104729,always_consecutive,1183,1.4903386544859845,0.0076077768385460695,262.6030926587553,354.7836093185856
568_LCA,568,LCA,104729,rescued,15,59.12180498665917,0.8,370.13168668318906,370.13168668318906
568_LCA,568,LCA,104729,sacrificed,11,0.853930526062336,0.0,-0.77810145253608,0.2854888104922959
568_LCA,568,LCA,104729,always_nonconsecutive,4,144.10789789270353,1.0,195.6554656285073,195.6554656285073
568_LCA,568,LCA,130363,always_consecutive,1183,1.3444754697165802,0.006762468300929839,184.48540180353447,299.2041197358353
568_LCA,568,LCA,130363,rescued,15,61.74239264410148,0.8,386.8201314066953,386.8201314066953
568_LCA,568,LCA,130363,sacrificed,11,0.7224549762714766,0.0,-1.478462133706911,0.08489238662502413
568_LCA,568,LCA,130363,always_nonconsecutive,4,140.6320257195928,0.75,190.90329332698246,190.90329332698246
568_LCA,568,LCA,155921,always_consecutive,1183,1.4741961580684853,0.013524936601859678,253.95790541176586,342.24984328563653
568_LCA,568,LCA,155921,rescued,15,84.08125456662034,0.8,529.0786287789399,529.0786287789399
568_LCA,568,LCA,155921,sacrificed,11,0.8585945645561824,0.0,-0.7532564590619816,0.4773355428579757
568_LCA,568,LCA,155921,always_nonconsecutive,4,140.7557313991152,1.0,191.07242230367942,191.07242230367942
568_LCA,568,LCA,181081,always_consecutive,1183,1.616417150957636,0.01267962806424345,330.125003869139,403.3709015514943
568_LCA,568,LCA,181081,rescued,15,85.52245482626739,0.8,538.256490393421,538.256490393421
568_LCA,568,LCA,181081,sacrificed,11,0.826112298760252,0.0,-0.9262871239650573,0.22703113306679495
568_LCA,568,LCA,181081,always_nonconsecutive,4,130.22447968491227,1.0,176.67421655728333,176.67421655728333
568_LCA,568,LCA,205019,always_consecutive,1183,1.4667621528138242,0.0076077768385460695,249.976590145561,346.49484293495414
568_LCA,568,LCA,205019,rescued,15,92.81138856284355,0.8,584.6739294020715,584.6739294020715
568_LCA,568,LCA,205019,sacrificed,11,0.7850113545614888,0.0,-1.1452288612051738,0.09472543591384391
568_LCA,568,LCA,205019,always_nonconsecutive,4,116.66247112832275,1.0,158.13239505008184,158.13239505008184
568_RCA,568,RCA,104729,always_consecutive,649,1.3854355250603432,0.01386748844375963,117.51156284589517,182.31649897131354
568_RCA,568,RCA,104729,rescued,8,47.647939923220655,0.875,172.24625785458107,172.24625785458107
568_RCA,568,RCA,104729,sacrificed,8,0.7810350434033111,0.0,-0.8870976368632498,0.014162068542664386
568_RCA,568,RCA,130363,always_consecutive,649,1.310710329673425,0.009244992295839754,94.72934916046266,162.31671307593092
568_RCA,568,RCA,130363,rescued,8,36.4072269021122,0.875,130.74022872039,130.74022872039
568_RCA,568,RCA,130363,sacrificed,8,0.7349367129889748,0.0,-1.0738568361867342,0.0
568_RCA,568,RCA,155921,always_consecutive,649,1.300919217180539,0.012326656394453005,91.74423529256248,164.69911099203043
568_RCA,568,RCA,155921,rescued,8,44.4948701568982,0.875,160.6036329305786,160.6036329305786
568_RCA,568,RCA,155921,sacrificed,8,0.7535557969466453,0.0,-0.9984249239934488,0.1701005213039921
568_RCA,568,RCA,181081,always_consecutive,649,1.1612790966821016,0.009244992295839754,49.170762613334254,111.00070245197522
568_RCA,568,RCA,181081,rescued,8,57.14893929866386,0.875,207.32844135491132,207.32844135491132
568_RCA,568,RCA,181081,sacrificed,8,0.8183294634222094,0.0,-0.7360059170686207,0.16239755824821073
568_RCA,568,RCA,205019,always_consecutive,649,1.396946606910992,0.012326656394453005,121.02106088218798,182.5707534112028
568_RCA,568,RCA,205019,rescued,8,59.88243768071562,0.875,217.4218102782749,217.4218102782749
568_RCA,568,RCA,205019,sacrificed,8,0.7608351634282999,0.0,-0.9689338633958784,0.02930644478044575
578_LCA,578,LCA,104729,always_consecutive,661,1.4883986563685863,0.012102874432677761,150.01948194055245,207.7004400468372
578_LCA,578,LCA,104729,rescued,19,31.068718853795755,0.7368421052631579,282.0698618089433,282.0698618089433
578_LCA,578,LCA,104729,sacrificed,14,3.760200121493697,0.07142857142857142,19.862168547305842,21.137440518575396
578_LCA,578,LCA,104729,always_nonconsecutive,3,18.20465590269418,0.6666666666666666,23.053286863659082,23.053286863659082
578_LCA,578,LCA,130363,always_consecutive,661,1.5135377848805762,0.015128593040847202,157.74136853182011,207.34600540696215
578_LCA,578,LCA,130363,rescued,19,45.777940448211076,0.8421052631578947,420.0547264993157,420.0547264993157
578_LCA,578,LCA,130363,sacrificed,14,0.8223006430987477,0.0,-1.2787096667507298,0.2321479666585441
578_LCA,578,LCA,130363,always_nonconsecutive,3,25.783666003131497,0.6666666666666666,33.2087410021281,33.2087410021281
578_LCA,578,LCA,155921,always_consecutive,661,1.3375460127819068,0.01361573373676248,103.68267256334298,157.254299984098
578_LCA,578,LCA,155921,rescued,19,36.76452368942396,0.8421052631578947,335.50129966594886,335.50129966594886
578_LCA,578,LCA,155921,sacrificed,14,12.895240158117081,0.07142857142857142,85.59715039913348,87.51450128112452
578_LCA,578,LCA,155921,always_nonconsecutive,3,20.50027438453362,0.6666666666666666,26.12928859776379,26.12928859776379
578_LCA,578,LCA,181081,always_consecutive,661,1.2998972002840197,0.012102874432677761,92.11823586197016,153.26360856102468
578_LCA,578,LCA,181081,rescued,19,43.94365907285027,0.7894736842105263,402.8476251065861,402.8476251065861
578_LCA,578,LCA,181081,sacrificed,14,0.7267736756559148,0.0,-1.966113711619683,0.11411659433214294
578_LCA,578,LCA,181081,always_nonconsecutive,3,19.03930733759089,0.6666666666666666,24.171673599706814,24.171673599706814
578_LCA,578,LCA,205019,always_consecutive,661,1.4138353190354993,0.01664145234493192,127.1161567724617,186.32629464199988
578_LCA,578,LCA,205019,rescued,19,32.054877322191274,0.7894736842105263,291.3208573120966,291.3208573120966
578_LCA,578,LCA,205019,sacrificed,14,6.476783831415013,0.14285714285714285,39.410477055503186,41.35792214396834
578_LCA,578,LCA,205019,always_nonconsecutive,3,16.52412273446483,0.6666666666666666,20.801465413105205,20.801465413105205
578_RCA,578,RCA,104729,always_consecutive,391,1.0375792731511475,0.0076726342710997444,7.0996511505037425,50.38253356288155
578_RCA,578,RCA,104729,rescued,4,20.549524004805477,0.75,35.212433578767076,35.212433578767076
578_RCA,578,RCA,104729,sacrificed,3,0.6192058118628234,0.0,-0.6501722341034791,0.0
578_RCA,578,RCA,104729,always_nonconsecutive,1,4.324817109840931,0.0,1.6457014250569277,1.6457014250569277
578_RCA,578,RCA,130363,always_consecutive,391,1.0831925383918677,0.0025575447570332483,15.717121470964685,50.81677531045226
578_RCA,578,RCA,130363,rescued,4,54.7968117681659,1.0,96.8983521373888,96.8983521373888
578_RCA,578,RCA,130363,sacrificed,3,0.6724401437094802,0.0,-0.5592793435447647,0.0
578_RCA,578,RCA,130363,always_nonconsecutive,1,4.4671655233774485,0.0,1.716160334305878,1.716160334305878
578_RCA,578,RCA,155921,always_consecutive,391,1.1037909719866335,0.015345268542199489,19.608673395916913,56.43877821463601
578_RCA,578,RCA,155921,rescued,4,17.053571742245506,1.0,28.915554595438678,28.915554595438678
578_RCA,578,RCA,155921,sacrificed,3,0.7349554205074013,0.0,-0.4525400643027728,0.0
578_RCA,578,RCA,155921,always_nonconsecutive,1,4.46387876045659,0.0,1.7145334687538836,1.7145334687538836
578_RCA,578,RCA,181081,always_consecutive,391,1.123588752361703,0.015345268542199489,23.348962188942416,59.25370321504196
578_RCA,578,RCA,181081,rescued,4,19.952831168443726,0.75,34.13767560194117,34.13767560194117
578_RCA,578,RCA,181081,sacrificed,3,0.6670402874593266,0.0,-0.5684991181930461,0.0
578_RCA,578,RCA,181081,always_nonconsecutive,1,3.9602965564066683,0.0,1.4652728557760124,1.4652728557760124
578_RCA,578,RCA,205019,always_consecutive,391,1.3448762761423911,0.01278772378516624,65.15563089386134,90.97498816374161
578_RCA,578,RCA,205019,rescued,4,39.16004836964659,1.0,68.73354912623049,68.73354912623049
578_RCA,578,RCA,205019,sacrificed,3,0.7195618343270153,0.0,-0.4788232446389196,0.0
578_RCA,578,RCA,205019,always_nonconsecutive,1,18.472118179095144,1.0,8.648262095678279,8.648262095678279
584_LCA,584,LCA,104729,always_consecutive,1036,1.898560886406402,0.019305019305019305,399.5509107305013,444.1996061605527
584_LCA,584,LCA,104729,rescued,29,34.56442986292236,0.8620689655172413,419.8104049683642,419.8104049683642
584_LCA,584,LCA,104729,sacrificed,22,0.9058475640507904,0.0,-1.0096576869239302,1.1551965539046012
584_LCA,584,LCA,104729,always_nonconsecutive,4,10.198054314571914,0.75,14.139030112942411,14.139030112942411
584_LCA,584,LCA,130363,always_consecutive,1036,1.77294013428188,0.0222007722007722,343.6928306857145,394.48373727529236
584_LCA,584,LCA,130363,rescued,29,33.33289855710387,0.8620689655172413,404.4069061352735,404.4069061352735
584_LCA,584,LCA,130363,sacrificed,22,1.1213779748218224,0.045454545454545456,1.3016148129000202,3.4269303718737727
584_LCA,584,LCA,130363,always_nonconsecutive,4,20.225712395531808,0.75,29.553307385078842,29.553307385078842
584_LCA,584,LCA,155921,always_consecutive,1036,2.347037510379766,0.025096525096525095,598.9689426754775,622.3692700788965
584_LCA,584,LCA,155921,rescued,29,47.494606502997314,0.896551724137931,581.5358599738952,581.5358599738952
584_LCA,584,LCA,155921,sacrificed,22,1.7112531705232912,0.045454545454545456,7.627229436264885,8.48390499346498
584_LCA,584,LCA,155921,always_nonconsecutive,4,5.5146872110837375,0.5,6.939869699062527,6.939869699062527
584_LCA,584,LCA,181081,always_consecutive,1036,2.1291929777564156,0.017374517374517374,502.1029620568269,532.4402533872027
584_LCA,584,LCA,181081,rescued,29,40.489137895663006,0.896551724137931,493.9142729232842,493.9142729232842
584_LCA,584,LCA,181081,sacrificed,22,1.2255183922754542,0.0,2.4183801088956245,3.42502306958445
584_LCA,584,LCA,181081,always_nonconsecutive,4,6.982156807706781,0.5,9.195629026729241,9.195629026729241
584_LCA,584,LCA,205019,always_consecutive,1036,2.3889155123732295,0.02702702702702703,617.5902671613226,638.2502124927096
584_LCA,584,LCA,205019,rescued,29,37.88280600093756,0.896551724137931,461.3153206194541,461.3153206194541
584_LCA,584,LCA,205019,sacrificed,22,4.20621303152889,0.045454545454545456,34.382303554473125,35.24136633579702
584_LCA,584,LCA,205019,always_nonconsecutive,4,14.4482824184337,1.0,20.672379568399805,20.672379568399805
584_RCA,584,RCA,104729,always_consecutive,606,0.9667033680272569,0.0049504950495049506,-8.656580489273653,50.2359365745048
584_RCA,584,RCA,104729,rescued,43,49.809725005569305,0.6976744186046512,900.7836578568138,900.8675928387947
584_RCA,584,RCA,104729,sacrificed,27,0.7657929131777774,0.0,-3.1644673608077385,1.4608158673903024
584_RCA,584,RCA,104729,always_nonconsecutive,6,74.19170133374821,0.8333333333333334,178.4140968389193,178.4140968389193
584_RCA,584,RCA,130363,always_consecutive,606,1.234594666691775,0.013201320132013201,60.99078177739104,98.4878332788119
584_RCA,584,RCA,130363,rescued,43,41.38678388848699,0.7674418604651163,745.3382479821987,745.5230193141978
584_RCA,584,RCA,130363,sacrificed,27,0.9194451020603567,0.0,-1.088410042334435,1.0870336865970436
584_RCA,584,RCA,130363,always_nonconsecutive,6,64.2458766096454,0.8333333333333334,154.1698819466116,154.1698819466116
584_RCA,584,RCA,155921,always_consecutive,606,0.9944306974589802,0.00825082508250825,-1.4479276989612444,65.0254021510194
584_RCA,584,RCA,155921,rescued,43,50.087741827377755,0.7906976744186046,905.9144593449548,905.9144593449548
584_RCA,584,RCA,155921,sacrificed,27,0.6498652642305768,0.0,-4.730813052076486,0.29925648773574487
584_RCA,584,RCA,155921,always_nonconsecutive,6,71.12513132674871,1.0,170.9389417568245,170.9389417568245
584_RCA,584,RCA,181081,always_consecutive,606,1.2435929346226262,0.018151815181518153,63.33018447347241,121.31341349568402
584_RCA,584,RCA,181081,rescued,43,58.65982737507624,0.8604651162790697,1064.1123302454018,1064.1123302454018
584_RCA,584,RCA,181081,sacrificed,27,1.9048594427475234,0.037037037037037035,12.225924550552593,16.62411803721527
584_RCA,584,RCA,181081,always_nonconsecutive,6,68.23329709211819,0.8333333333333334,163.88972738173015,163.88972738173015
584_RCA,584,RCA,205019,always_consecutive,606,1.083369664510659,0.01155115511551155,21.674751121706475,86.66079509721772
584_RCA,584,RCA,205019,rescued,43,56.814942128825635,0.6976744186046512,1030.064966113478,1030.064966113478
584_RCA,584,RCA,205019,sacrificed,27,0.6013780219792473,0.0,-5.385943934757154,0.18928522328542752
584_RCA,584,RCA,205019,always_nonconsecutive,6,79.93823861790355,0.8333333333333334,192.42201359479074,192.42201359479074
585_LCA,585,LCA,104729,always_consecutive,814,1.6268632264037888,0.01597051597051597,226.85001262024184,280.93229669988335
585_LCA,585,LCA,104729,rescued,20,49.45183051613043,0.9,406.43507179290424,406.43507179290424
585_LCA,585,LCA,104729,sacrificed,18,0.9664916545598808,0.0,-0.30647646100144943,1.021235081123266
585_LCA,585,LCA,104729,always_nonconsecutive,1,88.68284570357105,1.0,40.930436639192074,40.930436639192074
585_LCA,585,LCA,130363,always_consecutive,814,1.418865435321833,0.011056511056511056,151.57952370894827,212.10354618370715
585_LCA,585,LCA,130363,rescued,20,29.540192101610195,0.9,239.40757041035775,239.40757041035775
585_LCA,585,LCA,130363,sacrificed,18,0.8127189878831899,0.0,-1.712923185327101,0.7281029893974806
585_LCA,585,LCA,130363,always_nonconsecutive,1,54.35365266176905,1.0,24.905536336317386,24.905536336317386
585_LCA,585,LCA,155921,always_consecutive,814,1.4618392835306102,0.009828009828009828,167.13095119405966,231.51927562372083
585_LCA,585,LCA,155921,rescued,20,40.02100283241391,0.8,327.32517881534676,327.32517881534676
585_LCA,585,LCA,155921,sacrificed,18,0.9465307232769747,0.0,-0.4890445794067772,0.7895620568204387
585_LCA,585,LCA,155921,always_nonconsecutive,1,52.61696636797312,1.0,24.09484950538721,24.09484950538721
585_LCA,585,LCA,181081,always_consecutive,814,1.502596553150443,0.011056511056511056,181.88024057360622,238.45552130477967
585_LCA,585,LCA,181081,rescued,20,44.961299463492566,0.85,368.7665401538462,368.7665401538462
585_LCA,585,LCA,181081,sacrificed,18,0.8874209939012924,0.0,-1.0296782762327281,0.5790923262464651
585_LCA,585,LCA,181081,always_nonconsecutive,1,107.94001814244446,1.0,49.919703240141395,49.919703240141395
585_LCA,585,LCA,205019,always_consecutive,814,1.3165992751946083,0.007371007371007371,114.5713236130934,191.16305560800316
585_LCA,585,LCA,205019,rescued,20,40.99368741231453,0.85,335.48448100996967,335.48448100996967
585_LCA,585,LCA,205019,sacrificed,18,0.7541545787667058,0.0,-2.2485692344206325,0.19756785374747737
585_LCA,585,LCA,205019,always_nonconsecutive,1,61.97752267500612,1.0,28.464366185170338,28.464366185170338
585_RCA,585,RCA,104729,always_consecutive,802,1.6016390253272628,0.00997506234413965,214.28491532179697,266.8262019355154
585_RCA,585,RCA,104729,rescued,12,68.54018315587032,0.8333333333333334,360.5052331129882,360.5052331129882
585_RCA,585,RCA,104729,sacrificed,11,0.7988907895791707,0.0,-1.0895557479205318,0.2653422441475219
585_RCA,585,RCA,104729,always_nonconsecutive,1,8.16440237594624,1.0,3.344345082900852,3.344345082900852
585_RCA,585,RCA,130363,always_consecutive,802,1.503638211966989,0.011221945137157107,179.38010511446294,228.19122310629598
585_RCA,585,RCA,130363,rescued,12,41.97120967198838,0.9166666666666666,218.68959785960408,218.68959785960408
585_RCA,585,RCA,130363,sacrificed,11,0.9770622954656146,0.0,-0.1242703293759932,0.7338971337849367
585_RCA,585,RCA,130363,always_nonconsecutive,1,5.855241489543682,1.0,2.266428119164236,2.266428119164236
585_RCA,585,RCA,155921,always_consecutive,802,1.5198102118025105,0.011221945137157107,185.14006327783815,233.92311100884808
585_RCA,585,RCA,155921,rescued,12,59.30503823990928,1.0,311.2113473816258,311.2113473816258
585_RCA,585,RCA,155921,sacrificed,11,0.8627308001358013,0.0,-0.7436876979006802,0.6063846123952736
585_RCA,585,RCA,155921,always_nonconsecutive,1,7.190551387232813,1.0,2.8897511621969314,2.8897511621969314
585_RCA,585,RCA,181081,always_consecutive,802,1.4983601342992927,0.012468827930174564,177.50021970398961,239.8141199707244
585_RCA,585,RCA,181081,rescued,12,61.18017253914185,0.9166666666666666,321.2201406077697,321.2201406077697
585_RCA,585,RCA,181081,sacrificed,11,0.7289056958899427,0.0,-1.4687162097327657,0.17956401562360308
585_RCA,585,RCA,181081,always_nonconsecutive,1,5.76127624078978,1.0,2.222565114109029,2.222565114109029
585_RCA,585,RCA,205019,always_consecutive,802,1.4482342061828866,0.016209476309226933,159.64693923235154,229.12992508337368
585_RCA,585,RCA,205019,rescued,12,57.26215171377235,0.8333333333333334,300.307153035147,300.307153035147
585_RCA,585,RCA,205019,sacrificed,11,0.5782868072196705,0.0,-2.2847289400930286,0.0
585_RCA,585,RCA,205019,always_nonconsecutive,1,5.097991896147502,1.0,1.9129437918872239,1.9129437918872239
595_LCA,595,LCA,104729,always_consecutive,572,1.822291462465369,0.006993006993006993,221.91754143677588,255.7144899069961
595_LCA,595,LCA,104729,rescued,29,74.86160903009048,0.8620689655172413,902.3342875104914,902.3342875104914
595_LCA,595,LCA,104729,sacrificed,19,0.8723740778268941,0.0,-1.2751831053595004,0.5615591284299993
595_LCA,595,LCA,104729,always_nonconsecutive,3,42.52228645556643,1.0,54.95471377224807,54.95471377224807
595_LCA,595,LCA,130363,always_consecutive,572,1.5545499960654345,0.006993006993006993,149.66028147932752,193.83950717096718
595_LCA,595,LCA,130363,rescued,29,73.8926297605936,0.8275862068965517,890.4967005659976,890.4967005659976
595_LCA,595,LCA,130363,sacrificed,19,0.9771568232379253,0.0,-0.22823915850127263,1.4378602219302135
595_LCA,595,LCA,130363,always_nonconsecutive,3,80.62249198589264,1.0,105.3803061062225,105.3803061062225
595_LCA,595,LCA,155921,always_consecutive,572,1.7537448148121093,0.015734265734265736,203.41837877328777,241.7011453820761
595_LCA,595,LCA,155921,rescued,29,70.94581421889377,0.8275862068965517,854.4967712771391,854.5147232160283
595_LCA,595,LCA,155921,sacrificed,19,0.830114479867785,0.0,-1.6974227604324597,0.5802043892584661
595_LCA,595,LCA,155921,always_nonconsecutive,3,28.655266428000957,1.0,36.60172357012178,36.60172357012178
595_LCA,595,LCA,181081,always_consecutive,572,1.6194095310374177,0.01048951048951049,167.16437728565023,206.7834278680724
595_LCA,595,LCA,181081,rescued,29,78.44008256283932,0.8620689655172413,946.0509003483274,946.0509003483274
595_LCA,595,LCA,181081,sacrificed,19,0.8094544287608937,0.0,-1.9038490700628665,0.21437145993296436
595_LCA,595,LCA,181081,always_nonconsecutive,3,43.334800310221155,1.0,56.030075225821165,56.030075225821165
595_LCA,595,LCA,205019,always_consecutive,572,1.6660392794907626,0.01048951048951049,179.74867325238273,224.07277070926588
595_LCA,595,LCA,205019,rescued,29,79.12940648671182,0.8620689655172413,954.4720628423371,954.4720628423371
595_LCA,595,LCA,205019,sacrificed,19,0.8235960571420453,0.0,-1.7625520256469385,0.05991395750086853
595_LCA,595,LCA,205019,always_nonconsecutive,3,35.022433944161634,1.0,45.02866481684249,45.02866481684249
595_RCA,595,RCA,104729,always_consecutive,264,1.6440830810495506,0.015151515151515152,76.03548487853153,91.29962148329456
595_RCA,595,RCA,104729,rescued,5,90.97708017099939,0.8,181.2953110885125,181.2953110885125
595_RCA,595,RCA,104729,sacrificed,5,0.7174991912900069,0.0,-0.7121983871893209,0.17081599700475764
595_RCA,595,RCA,130363,always_consecutive,264,1.1056097578978035,0.007575757575757576,12.467474128614842,32.23799179234596
595_RCA,595,RCA,130363,rescued,5,60.32971033216383,0.6,119.54375793278763,119.54375793278763
595_RCA,595,RCA,130363,sacrificed,5,0.8463828779675023,0.0,-0.3872762950867258,0.03780599320657424
595_RCA,595,RCA,155921,always_consecutive,264,0.9757236937351066,0.007575757575757576,-2.8658736306239025,18.272347030552808
595_RCA,595,RCA,155921,rescued,5,47.27337772932529,0.8,93.23648194196672,93.23648194196672
595_RCA,595,RCA,155921,sacrificed,5,0.8098530630806791,0.0,-0.47936974913919805,0.07165916661869892
595_RCA,595,RCA,181081,always_consecutive,264,1.791264439295015,0.015151515151515152,93.41058176981875,102.02412221772049
595_RCA,595,RCA,181081,rescued,5,40.67858029089058,0.6,79.94858850405424,79.94858850405424
595_RCA,595,RCA,181081,sacrificed,5,1.1132165304588328,0.0,0.28542442325793993,0.849518973399633
595_RCA,595,RCA,205019,always_consecutive,264,1.5537825648782262,0.015151515151515152,65.37530184642968,84.97403938315449
595_RCA,595,RCA,205019,rescued,5,58.94416110599711,0.8,116.75200721683913,116.75200721683913
595_RCA,595,RCA,205019,sacrificed,5,1.2458637213069519,0.0,0.6198344938648731,0.9149416964038062
601_RCA,601,RCA,104729,always_consecutive,584,1.761081964580639,0.015410958904109588,185.83985190055836,207.22691886195906
601_RCA,601,RCA,104729,rescued,14,23.37526372804887,0.8571428571428571,125.59611097894377,125.59611097894377
601_RCA,601,RCA,104729,sacrificed,8,1.0334487949814883,0.0,0.11503967875132853,0.48782400946621807
601_RCA,601,RCA,104729,always_nonconsecutive,2,16.253948553492144,1.0,11.723965407054227,11.723965407054227
601_RCA,601,RCA,130363,always_consecutive,584,1.5980695428006872,0.017123287671232876,146.03572339485936,169.11601424369988
601_RCA,601,RCA,130363,rescued,14,27.455723748690552,0.7857142857142857,148.5004179773554,148.5004179773554
601_RCA,601,RCA,130363,sacrificed,8,1.2971144332429059,0.0,1.0218589031850982,1.271242297887495
601_RCA,601,RCA,130363,always_nonconsecutive,2,15.761997366442651,1.0,11.34585880215112,11.34585880215112
601_RCA,601,RCA,155921,always_consecutive,584,1.4642137400657071,0.008561643835616438,113.35101437011487,145.13592460220556
601_RCA,601,RCA,155921,rescued,14,30.11452632012175,0.9285714285714286,163.42472308907406,163.42472308907406
601_RCA,601,RCA,155921,sacrificed,8,7.956447688875107,0.125,23.92515209655556,24.18526717721585
601_RCA,601,RCA,155921,always_nonconsecutive,2,17.869075627325536,1.0,12.96532883995268,12.96532883995268
601_RCA,601,RCA,181081,always_consecutive,584,1.6386318963786584,0.017123287671232876,155.940178016671,189.21232371878085
601_RCA,601,RCA,181081,rescued,14,42.55499253704317,0.8571428571428571,233.25514808878472,233.25514808878472
601_RCA,601,RCA,181081,sacrificed,8,0.9299155715417721,0.0,-0.24103977855605974,0.33240336732223563
601_RCA,601,RCA,181081,always_nonconsecutive,2,13.692099482787778,1.0,9.754965067390959,9.754965067390959
601_RCA,601,RCA,205019,always_consecutive,584,2.0220920848845196,0.0136986301369863,249.57291135959736,267.5722615600438
601_RCA,601,RCA,205019,rescued,14,23.760998465879492,0.8571428571428571,127.76130480771087,127.76130480771087
601_RCA,601,RCA,205019,sacrificed,8,1.0739199865775155,0.0,0.2542313262371972,0.919919839824391
601_RCA,601,RCA,205019,always_nonconsecutive,2,17.39415569104669,1.0,12.600312209371552,12.600312209371552
626_LCA,626,LCA,104729,always_consecutive,1387,1.4352535202792052,0.014419610670511895,280.3013963875478,393.6530357410057
626_LCA,626,LCA,104729,rescued,254,112.00797869014283,0.8543307086614174,11039.420702225929,11039.696059251977
626_LCA,626,LCA,104729,sacrificed,71,1.1323703455297893,0.028169014084507043,4.529967385992226,10.614893865244174
626_LCA,626,LCA,104729,always_nonconsecutive,38,121.40610001039386,0.9473684210526315,1853.59425390403,1853.59425390403
626_LCA,626,LCA,130363,always_consecutive,1387,1.3594734402917867,0.01802451333813987,231.49935057018664,352.0394428430702
626_LCA,626,LCA,130363,rescued,254,107.10800551526198,0.8818897637795275,10552.132617662919,10552.132617662919
626_LCA,626,LCA,130363,sacrificed,71,0.9258772950043216,0.0,-2.536621286648998,3.372682327096254
626_LCA,626,LCA,130363,always_nonconsecutive,38,116.02270911071861,0.9473684210526315,1770.7195288087405,1770.7195288087405
626_LCA,626,LCA,155921,always_consecutive,1387,1.656204163264128,0.020187454938716654,422.5926608480212,545.4413926421885
626_LCA,626,LCA,155921,rescued,254,101.21422691927938,0.8858267716535433,9966.013473664812,9966.013473664812
626_LCA,626,LCA,155921,sacrificed,71,1.2347020669466224,0.028169014084507043,8.031955378207414,15.013977215895531
626_LCA,626,LCA,155921,always_nonconsecutive,38,115.01482939523909,0.9473684210526315,1755.2037032062335,1755.2680178623623
626_LCA,626,LCA,181081,always_consecutive,1387,1.5102643585822633,0.024513338139870222,328.60805386629784,419.13039595842525
626_LCA,626,LCA,181081,rescued,254,100.94063459223115,0.889763779527559,9938.805512265779,9938.915160179848
626_LCA,626,LCA,181081,sacrificed,71,1.0480457728427877,0.014084507042253521,1.6442185985201545,7.714786450866169
626_LCA,626,LCA,181081,always_nonconsecutive,38,105.6565913045508,0.9473684210526315,1611.1381089376027,1611.1381089376027
626_LCA,626,LCA,205019,always_consecutive,1387,1.5462430609128521,0.01658255227108868,351.77818353464994,451.1147153194085
626_LCA,626,LCA,205019,rescued,254,91.06537775810231,0.889763779527559,8956.73993445015,8956.93596724622
626_LCA,626,LCA,205019,sacrificed,71,1.5131245305547676,0.028169014084507043,17.560106676933678,24.91942354551268
626_LCA,626,LCA,205019,always_nonconsecutive,38,97.59173313337692,0.9210526315789473,1486.9834792024942,1486.9834792024942
626_RCA,626,RCA,104729,always_consecutive,629,1.4838388346649514,0.014308426073131956,143.36392739618702,194.9996376936515
626_RCA,626,RCA,104729,rescued,22,66.94473983552706,0.8636363636363636,677.2171550332506,677.2171550332506
626_RCA,626,RCA,104729,sacrificed,17,0.7645802025850779,0.0,-2.0624427820912,0.44455925400969265
626_RCA,626,RCA,104729,always_nonconsecutive,2,16.60973921639384,1.0,13.027866359501475,13.027866359501475
626_RCA,626,RCA,130363,always_consecutive,629,1.22569013867826,0.012718600953895072,66.87314522388678,131.8726092434736
626_RCA,626,RCA,130363,rescued,22,80.68076257342389,0.9090909090909091,818.2787508971717,818.2787508971717
626_RCA,626,RCA,130363,sacrificed,17,5.133578835808509,0.058823529411764705,36.21305399007124,38.34133925179859
626_RCA,626,RCA,130363,always_nonconsecutive,2,51.79431690772491,1.0,42.39286533377986,42.39286533377986
626_RCA,626,RCA,155921,always_consecutive,629,1.2593655559573336,0.011128775834658187,76.85134402055141,138.69982462333536
626_RCA,626,RCA,155921,rescued,22,38.18239791490242,0.7727272727272727,381.84330995993577,381.84330995993577
626_RCA,626,RCA,155921,sacrificed,17,0.7335674485465378,0.0,-2.3341362905467586,0.18245718274664258
626_RCA,626,RCA,155921,always_nonconsecutive,2,14.50123116390817,1.0,11.268108509295573,11.268108509295573
626_RCA,626,RCA,181081,always_consecutive,629,1.2493102416429953,0.012718600953895072,73.87190283471755,135.67777953099804
626_RCA,626,RCA,181081,rescued,22,63.142631033946856,0.8181818181818182,638.1715342277856,638.1715342277856
626_RCA,626,RCA,181081,sacrificed,17,0.7066010460841162,0.0,-2.570380917074768,0.2855723001289304
626_RCA,626,RCA,181081,always_nonconsecutive,2,16.858672189435282,1.0,13.23562546811306,13.23562546811306
626_RCA,626,RCA,205019,always_consecutive,629,1.3404591245917288,0.014308426073131956,100.87978418089902,165.60403152761563
626_RCA,626,RCA,205019,rescued,22,72.0160394171771,0.7727272727272727,729.2966853122692,729.2966853122692
626_RCA,626,RCA,205019,sacrificed,17,0.8218923887434607,0.0,-1.5603477757825606,0.35650988619868534
626_RCA,626,RCA,205019,always_nonconsecutive,2,8.429081643269125,1.0,6.200301073620054,6.200301073620054
632_LCA,632,LCA,104729,always_consecutive,986,1.565434232089588,0.008113590263691683,240.04072113429868,290.1634663774197
632_LCA,632,LCA,104729,rescued,16,80.75251043877451,0.9375,572.7913690753358,572.7913690753358
632_LCA,632,LCA,104729,sacrificed,13,0.9523663697252619,0.0,-0.30143592671493125,0.6622503595622284
632_LCA,632,LCA,104729,always_nonconsecutive,3,22.695939610782013,1.0,20.721317323578916,20.721317323578916
632_LCA,632,LCA,130363,always_consecutive,986,1.6688484256695701,0.015212981744421906,283.94258662752156,343.8466035640465
632_LCA,632,LCA,130363,rescued,16,73.60331758987634,0.875,521.4450736775541,521.4450736775541
632_LCA,632,LCA,130363,sacrificed,13,0.8662708806362461,0.0,-0.846266824335725,0.25108235258350403
632_LCA,632,LCA,130363,always_nonconsecutive,3,23.85962721514215,1.0,21.832729898836938,21.832729898836938
632_LCA,632,LCA,155921,always_consecutive,986,2.065937613806624,0.019269776876267748,452.51670129122215,485.9349808313813
632_LCA,632,LCA,155921,rescued,16,62.009880390391444,0.9375,438.17972279082755,438.17972279082755
632_LCA,632,LCA,155921,sacrificed,13,1.2339288440680078,0.0,1.480352378986927,1.7664336044800055
632_LCA,632,LCA,155921,always_nonconsecutive,3,23.978036613968285,1.0,21.94582012545018,21.94582012545018
632_LCA,632,LCA,181081,always_consecutive,986,1.7805794045565382,0.017241379310344827,331.3751317812779,377.25722152828024
632_LCA,632,LCA,181081,rescued,16,82.26346333171806,0.8125,583.6432002138913,583.6432002138913
632_LCA,632,LCA,181081,sacrificed,13,0.7536927549852412,0.0,-1.5586855805319653,0.055347761637763226
632_LCA,632,LCA,181081,always_nonconsecutive,3,21.51927324289142,1.0,19.597509015183405,19.597509015183405
632_LCA,632,LCA,205019,always_consecutive,986,1.7818457593700108,0.014198782961460446,331.91273050697674,375.8996158113848
632_LCA,632,LCA,205019,rescued,16,77.53650903221173,0.9375,549.6936905385896,549.6936905385896
632_LCA,632,LCA,205019,sacrificed,13,0.897627848585256,0.0,-0.6478331412810666,0.4456955448124812
632_LCA,632,LCA,205019,always_nonconsecutive,3,20.22571863937398,1.0,18.36206330987085,18.36206330987085
632_RCA,632,RCA,104729,always_consecutive,680,1.4001780911312356,0.014705882352941176,119.20455234786057,155.4947520288137
632_RCA,632,RCA,104729,rescued,19,54.000873826631825,0.9473684210526315,432.90418903049124,432.90418903049124
632_RCA,632,RCA,104729,sacrificed,15,0.9788130214304076,0.0,-0.1432782334981414,0.5847966994282597
632_RCA,632,RCA,104729,always_nonconsecutive,3,17.391835931983465,1.0,19.978626439340516,19.978626439340516
632_RCA,632,RCA,130363,always_consecutive,680,1.1597168194431156,0.007352941176470588,47.57624764094578,91.57318765651065
632_RCA,632,RCA,130363,rescued,19,43.99285177150691,0.9473684210526315,351.15997693042345,351.15997693042345
632_RCA,632,RCA,130363,sacrificed,15,0.8525621036136185,0.0,-0.9970577576946635,0.1887126038616982
632_RCA,632,RCA,130363,always_nonconsecutive,3,12.784295590283381,1.0,14.362884086075107,14.362884086075107
632_RCA,632,RCA,155921,always_consecutive,680,1.2728067312184856,0.016176470588235296,81.26332998504422,131.4453770508513
632_RCA,632,RCA,155921,rescued,19,42.05751744769919,0.9473684210526315,335.3524198948284,335.3524198948284
632_RCA,632,RCA,155921,sacrificed,15,0.8178496291025453,0.0,-1.2318029816046847,0.20316559368871295
632_RCA,632,RCA,155921,always_nonconsecutive,3,14.657944206503561,0.6666666666666666,16.646516373353666,16.646516373353666
632_RCA,632,RCA,181081,always_consecutive,680,1.3685616192991314,0.011764705882352941,109.78667701912651,149.57473878367392
632_RCA,632,RCA,181081,rescued,19,63.371224735840975,0.9473684210526315,509.4399868090559,509.4399868090559
632_RCA,632,RCA,181081,sacrificed,15,1.027713359306158,0.0,0.18741328088113196,0.9293738343044271
632_RCA,632,RCA,181081,always_nonconsecutive,3,75.41154789495413,1.0,90.69396035533009,90.69396035533009
632_RCA,632,RCA,205019,always_consecutive,680,1.169534993577917,0.013235294117647059,50.50087314781422,93.82482192914058
632_RCA,632,RCA,205019,rescued,19,50.480056150196596,0.8947368421052632,404.14661182663116,404.14661182663116
632_RCA,632,RCA,205019,sacrificed,15,0.8569385187010405,0.0,-0.9674619840112755,0.4085902258448477
632_RCA,632,RCA,205019,always_nonconsecutive,3,12.649555309019021,1.0,14.198660520338953,14.198660520338953
642_LCA,642,LCA,104729,always_consecutive,1251,1.2054375843568081,0.008792965627498001,121.05532903405634,225.9916787507682
642_LCA,642,LCA,104729,rescued,102,56.01957234127255,0.8431372549019608,2264.1437093414306,2264.1437093414306
642_LCA,642,LCA,104729,sacrificed,30,2.19296583988149,0.03333333333333333,17.79083612037201,20.963002893362816
642_LCA,642,LCA,104729,always_nonconsecutive,17,41.543466125120894,1.0,286.8879650460851,286.8879650460851
642_LCA,642,LCA,130363,always_consecutive,1251,1.4873980802467102,0.016786570743405275,287.20224276175685,388.7876776305723
642_LCA,642,LCA,130363,rescued,102,77.16040375162888,0.8235294117647058,3134.1228533287003,3134.1228533287003
642_LCA,642,LCA,130363,sacrificed,30,0.8488529388277453,0.0,-2.2540734239788067,1.2487397534585631
642_LCA,642,LCA,130363,always_nonconsecutive,17,82.93349374559781,1.0,579.7662493199232,579.7662493199232
642_LCA,642,LCA,155921,always_consecutive,1251,1.5334749024889218,0.011191047162270184,314.3532866899552,407.9890703168112
642_LCA,642,LCA,155921,rescued,102,66.78231883180655,0.8431372549019608,2707.048001847159,2707.048001847159
642_LCA,642,LCA,155921,sacrificed,30,0.9671667280904369,0.0,-0.48964634217579805,1.5202868141788872
642_LCA,642,LCA,155921,always_nonconsecutive,17,94.49441605652348,1.0,661.5720195913087,661.5720195913087
642_LCA,642,LCA,181081,always_consecutive,1251,1.4708763813248682,0.015187849720223821,277.4667325558372,382.12167329989643
642_LCA,642,LCA,181081,rescued,102,54.00282528366138,0.803921568627451,2181.1513310019527,2181.204150701194
642_LCA,642,LCA,181081,sacrificed,30,0.792278363809841,0.0,-3.097776536905509,0.31906587556412314
642_LCA,642,LCA,181081,always_nonconsecutive,17,69.06388739183662,1.0,481.6240941686795,481.6240941686795
642_LCA,642,LCA,205019,always_consecutive,1251,1.451222107104807,0.013589128697042365,265.8853335626388,370.3242445789132
642_LCA,642,LCA,205019,rescued,102,105.33344914796444,0.8137254901960784,4293.488889681072,4293.488889681072
642_LCA,642,LCA,205019,sacrificed,30,0.8932809968042213,0.0,-1.591512710015371,1.1083515833270878
642_LCA,642,LCA,205019,always_nonconsecutive,17,95.30032272242052,1.0,667.2746628404764,667.2746628404764
642_RCA,642,RCA,104729,always_consecutive,221,1.1718351655319807,0.004524886877828055,17.782965894856485,31.037739269555285
642_RCA,642,RCA,104729,rescued,3,26.89232889432124,0.6666666666666666,38.448162532410336,38.448162532410336
642_RCA,642,RCA,104729,sacrificed,3,0.7244901955158083,0.0,-0.40911116859282187,0.0
642_RCA,642,RCA,130363,always_consecutive,221,1.5450501366008575,0.00904977375565611,56.40642856863889,70.34639360512142
642_RCA,642,RCA,130363,rescued,3,39.60962746391503,1.0,57.33239517029294,57.33239517029294
642_RCA,642,RCA,130363,sacrificed,3,0.744449798471,0.0,-0.37947267168003523,0.0
642_RCA,642,RCA,155921,always_consecutive,221,1.2883917962695872,0.004524886877828055,29.845238380289455,42.47333265403865
642_RCA,642,RCA,155921,rescued,3,40.98223864296111,0.6666666666666666,59.370619615886994,59.370619615886994
642_RCA,642,RCA,155921,sacrificed,3,0.6672735148869788,0.0,-0.49407360076066076,0.08584949889655791
642_RCA,642,RCA,181081,always_consecutive,221,1.0694513725835655,0.004524886877828055,7.187419328173858,23.410944716647403
642_RCA,642,RCA,181081,rescued,3,38.50016366494853,0.6666666666666666,55.68492480790907,55.68492480790907
642_RCA,642,RCA,181081,sacrificed,3,0.6272307900992649,0.0,-0.5535340107530113,0.0
642_RCA,642,RCA,205019,always_consecutive,221,1.3126397199898627,0.004524886877828055,32.35461996818386,44.12770174621231
642_RCA,642,RCA,205019,rescued,3,42.222504860598235,0.6666666666666666,61.212321739855795,61.212321739855795
642_RCA,642,RCA,205019,sacrificed,3,0.716524888030141,0.0,-0.4209390462241222,0.0
652_RCA,652,RCA,104729,always_consecutive,886,1.6979228412550587,0.012415349887133182,287.36839257248494,351.06450708160423
652_RCA,652,RCA,104729,rescued,22,52.76253165810703,0.7727272727272727,547.4308530128525,547.6744458986782
652_RCA,652,RCA,104729,sacrificed,20,0.8214671883098804,0.0,-1.8287607927091467,0.39737697435232694
652_RCA,652,RCA,104729,always_nonconsecutive,1,5.281418689052896,1.0,1.4984981744001302,1.4984981744001302
652_RCA,652,RCA,130363,always_consecutive,886,1.4358459599452886,0.014672686230248307,179.45873886783534,258.15908988291505
652_RCA,652,RCA,130363,rescued,22,47.69534392518756,0.7727272727272727,493.8412233299324,493.8412233299324
652_RCA,652,RCA,130363,sacrificed,20,0.8752160857631415,0.0,-1.2781960232230878,0.9972992661283154
652_RCA,652,RCA,130363,always_nonconsecutive,1,5.780041677031619,1.0,1.673016410402258,1.673016410402258
652_RCA,652,RCA,155921,always_consecutive,886,1.5624190634456605,0.01580135440180587,231.5749717029775,305.3445220522058
652_RCA,652,RCA,155921,rescued,22,53.03890211307494,0.7727272727272727,550.353695251519,550.6642403827946
652_RCA,652,RCA,155921,sacrificed,20,0.7633278724598906,0.0,-2.4242978278057543,0.39450624790427086
652_RCA,652,RCA,155921,always_nonconsecutive,1,5.122741082617556,1.0,1.442960951617058,1.442960951617058
652_RCA,652,RCA,181081,always_consecutive,886,1.8210823913134997,0.019187358916478554,338.07910131874087,401.28666129255845
652_RCA,652,RCA,181081,rescued,22,62.88667638385046,0.7727272727272727,654.5019139850269,654.5019139850269
652_RCA,652,RCA,181081,sacrificed,20,0.7813028750089851,0.0,-2.240174922892974,0.12907337299357147
652_RCA,652,RCA,181081,always_nonconsecutive,1,5.266151313974809,1.0,1.4931545872987584,1.4931545872987584
652_RCA,652,RCA,205019,always_consecutive,886,1.5637407218969022,0.014672686230248307,232.1191620378005,297.8783643752931
652_RCA,652,RCA,205019,rescued,22,54.9641976538417,0.7727272727272727,570.7152607782065,570.892127330635
652_RCA,652,RCA,205019,sacrificed,20,0.9712108324781943,0.0,-0.29489537704697005,1.4188514203969498
652_RCA,652,RCA,205019,always_nonconsecutive,1,5.258413098831435,1.0,1.4904462090466826,1.4904462090466826
653_RCA,653,RCA,104729,always_consecutive,654,1.169746656618157,0.00764525993883792,50.91602232332704,99.85707287655941
653_RCA,653,RCA,104729,rescued,16,46.3101618608915,0.9375,312.7317657488701,312.7317657488701
653_RCA,653,RCA,104729,sacrificed,13,0.8343666319846693,0.0,-1.0475598452366164,0.32611403879607426
653_RCA,653,RCA,104729,always_nonconsecutive,3,33.02052741939771,1.0,38.00750216401279,38.00750216401279
653_RCA,653,RCA,130363,always_consecutive,654,1.5368666117079994,0.016819571865443424,161.0347616322333,218.12249820329703
653_RCA,653,RCA,130363,rescued,16,53.08832789466645,0.875,359.51482158498413,359.51482158498413
653_RCA,653,RCA,130363,sacrificed,13,0.8585431642998247,0.0,-0.8946536720790541,0.1746603821552266
653_RCA,653,RCA,130363,always_nonconsecutive,3,33.98895445487113,1.0,39.15699892789642,39.15699892789642
653_RCA,653,RCA,155921,always_consecutive,654,1.6019946830313088,0.012232415902140673,180.5701233261741,229.33369988437812
653_RCA,653,RCA,155921,rescued,16,48.535325015477426,0.9375,328.0898923552024,328.0898923552024
653_RCA,653,RCA,155921,sacrificed,13,0.7717445928062676,0.0,-1.4436173211919194,0.07705986315140945
653_RCA,653,RCA,155921,always_nonconsecutive,3,35.11315325483317,1.0,40.491392573656725,40.491392573656725
653_RCA,653,RCA,181081,always_consecutive,654,1.3833569435154915,0.010703363914373088,114.98907302630991,157.66424192715232
653_RCA,653,RCA,181081,rescued,16,52.39499907258373,0.9375,354.7294503157267,354.8669993743374
653_RCA,653,RCA,181081,sacrificed,13,1.0218175098327815,0.0,0.1379863701241728,0.9311510851944024
653_RCA,653,RCA,181081,always_nonconsecutive,3,38.64395946757663,1.0,44.682364290451794,44.682364290451794
653_RCA,653,RCA,205019,always_consecutive,654,1.560615995401745,0.01529051987767584,168.15846099932097,213.86937039746135
653_RCA,653,RCA,205019,rescued,16,55.56969943465624,0.9375,376.6413042835549,376.6413042835549
653_RCA,653,RCA,205019,sacrificed,13,0.8736017856453853,0.0,-0.7994143659220239,0.1872202349259059
653_RCA,653,RCA,205019,always_nonconsecutive,3,38.785552683383905,1.0,44.850431617567224,44.850431617567224
666_LCA,666,LCA,104729,always_consecutive,912,1.4341110620973863,0.01206140350877193,185.4826561499529,272.13771403256385
666_LCA,666,LCA,104729,rescued,38,99.8533471520408,0.7894736842105263,1483.38974835659,1483.442012937237
666_LCA,666,LCA,104729,sacrificed,10,0.948892161818737,0.0,-0.22160952442305804,0.34793238209248634
666_LCA,666,LCA,104729,always_nonconsecutive,9,71.1977972638913,0.7777777777777778,261.8303695221714,261.8303695221714
666_LCA,666,LCA,130363,always_consecutive,912,1.2767203540159455,0.013157894736842105,118.23432009691209,217.65926862675326
666_LCA,666,LCA,130363,rescued,38,87.50720153874789,0.8157894736842105,1298.1239342784038,1298.1239342784038
666_LCA,666,LCA,130363,sacrificed,10,0.8453744006726839,0.0,-0.6704745641759446,0.21585967154684427
666_LCA,666,LCA,130363,always_nonconsecutive,9,66.4341836366164,1.0,244.0625938240041,244.0625938240041
666_LCA,666,LCA,155921,always_consecutive,912,1.4065508808884957,0.01206140350877193,173.7070160870137,272.44051890877915
666_LCA,666,LCA,155921,rescued,38,84.38696138973812,0.868421052631579,1251.3017235713364,1251.3017235713364
666_LCA,666,LCA,155921,sacrificed,10,0.934155210052817,0.0,-0.2855106595230827,0.23523222999933419
666_LCA,666,LCA,155921,always_nonconsecutive,9,57.43076726921145,1.0,210.48080171195733,210.48080171195733
666_LCA,666,LCA,181081,always_consecutive,912,1.286015052598266,0.01644736842105263,122.20566644508521,221.90166963338345
666_LCA,666,LCA,181081,rescued,38,79.28426137676223,0.868421052631579,1174.7307919209836,1174.7307919209836
666_LCA,666,LCA,181081,sacrificed,10,1.0077824699875875,0.0,0.03374569408843103,0.42275081745399956
666_LCA,666,LCA,181081,always_nonconsecutive,9,64.30759455919718,0.8888888888888888,236.13064117498703,236.13064117498703
666_LCA,666,LCA,205019,always_consecutive,912,1.3212750330082292,0.01425438596491228,137.27120011436568,222.61534783119603
666_LCA,666,LCA,205019,rescued,38,85.68415100857186,0.7894736842105263,1270.7673040265229,1270.7673040265229
666_LCA,666,LCA,205019,sacrificed,10,0.863580009952497,0.0,-0.5915329270825845,0.27950079010435763
666_LCA,666,LCA,205019,always_nonconsecutive,9,75.87139388899485,0.8888888888888888,279.2623913098106,279.2623913098106
666_RCA,666,RCA,104729,always_consecutive,92,1.2852225742614534,0.0,12.665147122691705,15.318046726086603
666_RCA,666,RCA,104729,rescued,1,8.217803655178512,1.0,3.5726319970925218,3.5726319970925218
666_RCA,666,RCA,104729,sacrificed,1,1.1014629926750563,0.0,0.06150862574767424,0.06150862574767424
666_RCA,666,RCA,130363,always_consecutive,92,1.1222798808857388,0.0,5.429768964021298,7.846756846568142
666_RCA,666,RCA,130363,rescued,1,8.439110569040942,1.0,3.682173375524928,3.682173375524928
666_RCA,666,RCA,130363,sacrificed,1,0.7825797102870689,0.0,-0.13180395016272034,0.0
666_RCA,666,RCA,155921,always_consecutive,92,1.1170942906632744,0.010869565217391304,5.1995057625353445,11.867908277406645
666_RCA,666,RCA,155921,rescued,1,8.171288388171963,1.0,3.5496081051719273,3.5496081051719273
666_RCA,666,RCA,155921,sacrificed,1,0.8052728175695083,0.0,-0.11804699498047355,0.0
666_RCA,666,RCA,181081,always_consecutive,92,1.0959097797127806,0.0,4.258819533175643,7.025501770171038
666_RCA,666,RCA,181081,rescued,1,8.582797891396973,1.0,3.7532950005995316,3.7532950005995316
666_RCA,666,RCA,181081,sacrificed,1,0.7630827200109838,0.0,-0.14362336378812374,0.0
666_RCA,666,RCA,205019,always_consecutive,92,1.2877223909183255,0.0,12.776150067746194,15.291773497942739
666_RCA,666,RCA,205019,rescued,1,8.505994063616125,1.0,3.715279029850289,3.715279029850289
666_RCA,666,RCA,205019,sacrificed,1,0.9534893714415837,0.0,-0.028195549627150096,0.0
675_RCA,675,RCA,104729,always_consecutive,675,1.4449094466896828,0.011851851851851851,143.17610526744616,214.2608634330159
675_RCA,675,RCA,104729,rescued,11,39.56426213150901,0.8181818181818182,217.2508508068194,217.2508508068194
675_RCA,675,RCA,104729,sacrificed,7,0.8546649584322721,0.0,-0.5358954783332719,0.15586485773281766
675_RCA,675,RCA,104729,always_nonconsecutive,4,26.497643375492867,0.5,49.62262467691042,49.62262467691042
675_RCA,675,RCA,130363,always_consecutive,675,1.458650604717179,0.01037037037037037,147.59814103872452,212.04993094298715
675_RCA,675,RCA,130363,rescued,11,56.66179233358363,0.8181818181818182,313.56937935610796,313.56937935610796
675_RCA,675,RCA,130363,sacrificed,7,0.7608201633520534,0.0,-0.8819304111761235,0.09745806628751158
675_RCA,675,RCA,130363,always_nonconsecutive,4,59.16186741748776,0.5,113.19259881641636,113.19259881641636
675_RCA,675,RCA,155921,always_consecutive,675,1.4966120844360922,0.008888888888888889,159.81450744043434,213.4953171563264
675_RCA,675,RCA,155921,rescued,11,44.62907956010678,0.8181818181818182,245.78337897478454,245.78337897478454
675_RCA,675,RCA,155921,sacrificed,7,0.7219045950729128,0.0,-1.0254242090420882,0.07707278652225275
675_RCA,675,RCA,155921,always_nonconsecutive,4,18.327749570509578,0.5,33.72266216019548,33.72266216019548
675_RCA,675,RCA,181081,always_consecutive,675,1.5631421239159018,0.022222222222222223,181.2245089741902,227.6687291045754
675_RCA,675,RCA,181081,rescued,11,100.89338097047954,0.8181818181818182,562.7469788427462,562.7469788427462
675_RCA,675,RCA,181081,sacrificed,7,0.8641296891385459,0.0,-0.5009960739334698,0.14574224177677436
675_RCA,675,RCA,181081,always_nonconsecutive,4,59.503011842692686,0.5,113.85652220428659,113.91051597257996
675_RCA,675,RCA,205019,always_consecutive,675,1.5035041041757138,0.014814814814814815,162.0324251562468,211.96799009314637
675_RCA,675,RCA,205019,rescued,11,88.9044090329188,0.8181818181818182,495.20739141716325,495.31621511594074
675_RCA,675,RCA,205019,sacrificed,7,0.8000144142597336,0.0,-0.7374090238251076,0.050810651357512504
675_RCA,675,RCA,205019,always_nonconsecutive,4,48.46361482702733,0.5,92.37203257124504,92.37203257124504
684_LCA,684,LCA,104729,always_consecutive,921,1.7762177565471158,0.014115092290988056,343.4108922736343,406.4719519685728
684_LCA,684,LCA,104729,rescued,24,50.531887223991006,0.7916666666666666,607.6051449136319,607.6051449136319
684_LCA,684,LCA,104729,sacrificed,17,0.8806898862603993,0.0,-1.1020730526424043,0.5958372259438038
684_LCA,684,LCA,104729,always_nonconsecutive,1,3.727772974549949,0.0,0.9547206061276579,0.9547206061276579
684_LCA,684,LCA,130363,always_consecutive,921,1.441167082879312,0.00760043431053203,195.17922682839944,268.77086200908815
684_LCA,684,LCA,130363,rescued,24,55.372024652190916,0.75,666.9788649207884,666.9788649207884
684_LCA,684,LCA,130363,sacrificed,17,0.7696976831322316,0.0,-2.127313179291996,0.11995860067356928
684_LCA,684,LCA,130363,always_nonconsecutive,1,5.376237930703367,1.0,1.5316833800838214,1.5316833800838214
684_LCA,684,LCA,155921,always_consecutive,921,1.4378955119290284,0.010857763300760043,193.73183260210516,294.0308048129359
684_LCA,684,LCA,155921,rescued,24,71.04331914128697,0.75,859.2178384929362,859.2781094729287
684_LCA,684,LCA,155921,sacrificed,17,0.6566347813505461,0.0,-3.17168044541583,0.008437977698406207
684_LCA,684,LCA,155921,always_nonconsecutive,1,3.2404761310540855,0.0,0.7841666992860434,0.7841666992860434
684_LCA,684,LCA,181081,always_consecutive,921,1.6106542868117733,0.013029315960912053,270.1630202813094,349.01710378316403
684_LCA,684,LCA,181081,rescued,24,32.87291403308921,0.75,390.9834176581669,390.9834176581669
684_LCA,684,LCA,181081,sacrificed,17,0.7347363426773018,0.0,-2.4502527021201113,0.06513549303208244
684_LCA,684,LCA,181081,always_nonconsecutive,1,5.160883524650298,1.0,1.4563093328307983,1.4563093328307983
684_LCA,684,LCA,205019,always_consecutive,921,1.49320832585401,0.006514657980456026,218.20308776720202,293.36304115097386
684_LCA,684,LCA,205019,rescued,24,46.88475950232259,0.75,562.866014385015,562.866014385015
684_LCA,684,LCA,205019,sacrificed,17,0.7787135053486299,0.0,-2.044033611444184,0.15222745373675595
684_LCA,684,LCA,205019,always_nonconsecutive,1,4.927499358295821,0.0,1.374624869042419,1.374624869042419
684_RCA,684,RCA,104729,always_consecutive,778,1.3901131734809038,0.010282776349614395,138.81532110896543,203.34000983714918
684_RCA,684,RCA,104729,rescued,17,53.23070039366323,0.8823529411764706,457.45437699108624,457.45437699108624
684_RCA,684,RCA,104729,sacrificed,11,0.8456039906248488,0.0,-0.9384884528297293,0.3317432086175274
684_RCA,684,RCA,104729,always_nonconsecutive,2,36.27650997778679,1.0,34.92190609789383,34.92190609789383
684_RCA,684,RCA,130363,always_consecutive,778,1.441709374812914,0.007712082262210797,157.1749760572915,221.51271921297197
684_RCA,684,RCA,130363,rescued,17,42.64382292115713,0.8823529411764706,364.730875258113,364.730875258113
684_RCA,684,RCA,130363,sacrificed,11,0.7052560834020221,0.0,-1.7915862164344918,0.19162374647506308
684_RCA,684,RCA,130363,always_nonconsecutive,2,33.623173554932194,0.5,32.295241343829545,32.295241343829545
684_RCA,684,RCA,155921,always_consecutive,778,1.4652174693343303,0.011568123393316195,165.53994271692176,219.94786839070593
684_RCA,684,RCA,155921,rescued,17,64.10975711058836,0.9411764705882353,552.7368846959889,552.7368846959889
684_RCA,684,RCA,155921,sacrificed,11,0.7851407678293542,0.0,-1.3060111410396726,0.30018730563943646
684_RCA,684,RCA,155921,always_nonconsecutive,2,43.99921312443184,1.0,42.56697966891515,42.56697966891515
684_RCA,684,RCA,181081,always_consecutive,778,1.2453814805077659,0.014138817480719794,87.3149417307392,144.51799550677396
684_RCA,684,RCA,181081,rescued,17,56.79965469619561,0.9411764705882353,488.71250209125594,488.71250209125594
684_RCA,684,RCA,181081,sacrificed,11,0.8159048049233149,0.0,-1.11901347385933,0.17670871600996063
684_RCA,684,RCA,181081,always_nonconsecutive,2,30.841667231559516,1.0,29.541695069079474,29.541695069079474
684_RCA,684,RCA,205019,always_consecutive,778,1.3353519230344773,0.008997429305912597,119.3294357767151,188.46826590489903
684_RCA,684,RCA,205019,rescued,17,61.42291645418175,0.8823529411764706,529.2046132677481,529.2046132677481
684_RCA,684,RCA,205019,sacrificed,11,0.7772338600589747,0.0,-1.354072886094627,0.06415281634733971
684_RCA,684,RCA,205019,always_nonconsecutive,2,34.645204397774,0.5,33.30699860511609,33.30699860511609
687_RCA,687,RCA,104729,always_consecutive,463,1.3557657740562286,0.0064794816414686825,75.97230677858397,98.68916343453446
687_RCA,687,RCA,104729,rescued,3,24.785387658300596,0.6666666666666666,31.835615514015853,31.835615514015853
687_RCA,687,RCA,104729,sacrificed,3,0.9794091990245843,0.0,-0.0321358483860093,0.28657170180322145
687_RCA,687,RCA,130363,always_consecutive,463,1.2291793971273404,0.004319654427645789,48.94031055145119,79.76442879163241
687_RCA,687,RCA,130363,rescued,3,53.476199403802475,0.6666666666666666,70.23690897353421,70.23690897353421
687_RCA,687,RCA,130363,sacrificed,3,0.7401554424956751,0.0,-0.40553669154777017,0.06054625217894127
687_RCA,687,RCA,155921,always_consecutive,463,1.291930584627368,0.0021598272138228943,62.340566605084575,86.69447633843737
687_RCA,687,RCA,155921,rescued,3,71.95542444208729,0.6666666666666666,94.97047698458606,94.97047698458606
687_RCA,687,RCA,155921,sacrificed,3,1.2826478632456293,0.0,0.4411255730525405,0.4411255730525405
687_RCA,687,RCA,181081,always_consecutive,463,1.376970272240221,0.004319654427645789,80.50043949566093,101.79565797122231
687_RCA,687,RCA,181081,rescued,3,59.89210768403584,0.6666666666666666,78.82429851357479,78.82429851357479
687_RCA,687,RCA,181081,sacrificed,3,1.2146108649131984,0.0,0.3349409391638125,0.34323671898813923
687_RCA,687,RCA,205019,always_consecutive,463,1.4449822898058573,0.0064794816414686825,95.02412400925411,115.31909120672978
687_RCA,687,RCA,205019,rescued,3,64.75430294063005,0.6666666666666666,85.3321167155197,85.3321167155197
687_RCA,687,RCA,205019,sacrificed,3,1.253271681009878,0.0,0.39527847173700625,0.39527847173700625
695_LCA,695,LCA,104729,always_consecutive,701,1.4901389256251196,0.005706134094151213,149.3284122972606,190.66737871240184
695_LCA,695,LCA,104729,rescued,46,36.994650242626115,0.8478260869565217,646.1180928737994,646.1180928737994
695_LCA,695,LCA,104729,sacrificed,26,0.7740256666984966,0.0,-2.777565441202674,0.11867418803756441
695_LCA,695,LCA,104729,always_nonconsecutive,6,26.463598466734364,0.8333333333333334,58.71301205115057,58.71301205115057
695_LCA,695,LCA,130363,always_consecutive,701,1.7457210371744418,0.008559201141226819,227.19545964626562,267.32299478337865
695_LCA,695,LCA,130363,rescued,46,37.76048014018127,0.8260869565217391,659.8650399767357,659.8650399767357
695_LCA,695,LCA,130363,sacrificed,26,0.8273824836641243,0.0,-2.121729671312086,0.45398354095205457
695_LCA,695,LCA,130363,always_nonconsecutive,6,26.93885678178661,0.8333333333333334,59.80884488151526,59.80884488151526
695_LCA,695,LCA,155921,always_consecutive,701,1.4306647764693068,0.011412268188302425,131.20869194482995,182.03345530112682
695_LCA,695,LCA,155921,rescued,46,36.51806157999119,0.8478260869565217,637.5631394095681,637.5631394095681
695_LCA,695,LCA,155921,sacrificed,26,0.8313682222269693,0.0,-2.0727389318414375,0.5033439271779687
695_LCA,695,LCA,155921,always_nonconsecutive,6,17.942354922523307,0.8333333333333334,39.06504770095651,39.06504770095651
695_LCA,695,LCA,181081,always_consecutive,701,1.616626740352498,0.005706134094151213,187.8648834092001,221.42560773382618
695_LCA,695,LCA,181081,rescued,46,46.64243453118929,0.8260869565217391,819.2996057643508,819.2996057643508
695_LCA,695,LCA,181081,sacrificed,26,0.891741834132355,0.0,-1.3306561672239146,0.7742677371390156
695_LCA,695,LCA,181081,always_nonconsecutive,6,26.73041507622885,0.8333333333333334,59.328227800376354,59.328227800376354
695_LCA,695,LCA,205019,always_consecutive,701,1.4176311769706447,0.0042796005706134095,127.2378040640697,174.72989653142938
695_LCA,695,LCA,205019,rescued,46,49.76801565206035,0.8043478260869565,875.4050130770188,875.4050130770188
695_LCA,695,LCA,205019,sacrificed,26,0.8734644093164835,0.0,-1.555313289920278,0.5343869566629742
695_LCA,695,LCA,205019,always_nonconsecutive,6,25.482375995228903,0.8333333333333334,56.450546010868706,56.450546010868706
695_RCA,695,RCA,104729,always_consecutive,569,1.170431440349473,0.008787346221441126,42.72306513562956,85.72443583636147
695_RCA,695,RCA,104729,rescued,11,42.16480554013483,1.0,185.05784578335783,185.05784578335783
695_RCA,695,RCA,104729,sacrificed,8,0.9193348026784592,0.0,-0.3019158723823159,0.3144756288291654
695_RCA,695,RCA,104729,always_nonconsecutive,3,39.216809767486524,1.0,55.485826808851215,55.485826808851215
695_RCA,695,RCA,130363,always_consecutive,569,1.0482226887504504,0.008787346221441126,12.08826885624018,65.26248186199342
695_RCA,695,RCA,130363,rescued,11,35.06247236817081,1.0,153.1290546815054,153.1290546815054
695_RCA,695,RCA,130363,sacrificed,8,0.9423201169242669,0.0,-0.21588581936152523,0.20160176781121653
695_RCA,695,RCA,130363,always_nonconsecutive,3,30.05465256997638,1.0,42.183568704381685,42.183568704381685
695_RCA,695,RCA,155921,always_consecutive,569,1.0643517612500484,0.01054481546572935,16.13143960903453,70.31601788510521
695_RCA,695,RCA,155921,rescued,11,29.28111974621837,0.9090909090909091,127.13877857320769,127.13877857320769
695_RCA,695,RCA,155921,sacrificed,8,0.7634378760781563,0.0,-0.8854110866645648,0.02843771136754486
695_RCA,695,RCA,155921,always_nonconsecutive,3,29.40098627705449,0.6666666666666666,41.23453044240975,41.23453044240975
695_RCA,695,RCA,181081,always_consecutive,569,1.2658851185334505,0.007029876977152899,66.65100766857614,116.51632683190104
695_RCA,695,RCA,181081,rescued,11,31.037460143868284,1.0,135.03446922901526,135.03446922901526
695_RCA,695,RCA,181081,sacrificed,8,0.8131515724062809,0.0,-0.6993413255453271,0.0770253984488079
695_RCA,695,RCA,181081,always_nonconsecutive,3,13.058650905739956,1.0,17.507589455400243,17.507589455400243
695_RCA,695,RCA,205019,always_consecutive,569,1.0452494323042392,0.0035149384885764497,11.342944938564155,64.1926788417013
695_RCA,695,RCA,205019,rescued,11,38.542711509444764,1.0,168.7745933848803,168.7745933848803
695_RCA,695,RCA,205019,sacrificed,8,0.847308871225208,0.0,-0.5714964678673312,0.23306738912793357
695_RCA,695,RCA,205019,always_nonconsecutive,3,40.27288293405576,1.0,57.019107403810445,57.019107403810445
708_LCA,708,LCA,104729,always_consecutive,1177,1.4151678040447302,0.0118946474086661,211.26906437873384,307.3568796285108
708_LCA,708,LCA,104729,rescued,53,88.55897999569093,0.8113207547169812,1876.9341054713996,1877.000207581664
708_LCA,708,LCA,104729,sacrificed,28,0.8219184260940653,0.0,-2.3383185072322967,0.24902777816291605
708_LCA,708,LCA,104729,always_nonconsecutive,7,79.98829490307514,0.7142857142857143,215.26746393539452,215.328627708002
708_LCA,708,LCA,130363,always_consecutive,1177,1.346274854921454,0.012744265080713678,176.21107394265914,281.04132002692427
708_LCA,708,LCA,130363,rescued,53,90.85438693583755,0.8301886792452831,1926.1389679778952,1926.1389679778952
708_LCA,708,LCA,130363,sacrificed,28,0.9372790660491225,0.0,-0.823563704157851,1.7138318461039526
708_LCA,708,LCA,130363,always_nonconsecutive,7,81.32764346803997,0.7142857142857143,218.9176018356908,218.9176018356908
708_LCA,708,LCA,155921,always_consecutive,1177,1.432068637878092,0.011045029736618521,219.86949850779774,313.7178348471069
708_LCA,708,LCA,155921,rescued,53,79.73460840768425,0.7735849056603774,1687.7728795903117,1687.7728795903117
708_LCA,708,LCA,155921,sacrificed,28,1.1003997534994643,0.03571428571428571,1.3183093375700106,3.808130509367126
708_LCA,708,LCA,155921,always_nonconsecutive,7,67.67335607845668,0.5714285714285714,181.7054576590452,181.7054576590452
708_LCA,708,LCA,181081,always_consecutive,1177,1.52918799562575,0.018691588785046728,269.2912398964932,366.29040140330267
708_LCA,708,LCA,181081,rescued,53,87.60075610463625,0.8301886792452831,1856.3934013438895,1856.3934013438895
708_LCA,708,LCA,181081,sacrificed,28,0.8312858904531331,0.0,-2.2153180485311794,0.6700319865199711
708_LCA,708,LCA,181081,always_nonconsecutive,7,81.46818923591623,0.8571428571428571,219.30063239806336,219.30063239806336
708_LCA,708,LCA,205019,always_consecutive,1177,1.490121244744642,0.016992353440951572,249.4110954667976,357.1273775822536
708_LCA,708,LCA,205019,rescued,53,85.415006535344,0.7735849056603774,1809.53917904909,1809.53917904909
708_LCA,708,LCA,205019,sacrificed,28,1.0098590160204648,0.0,0.12945482858282387,3.245980865456538
708_LCA,708,LCA,205019,always_nonconsecutive,7,77.41204271061905,0.7142857142857143,208.24638218387,208.24638218387
708_RCA,708,RCA,104729,always_consecutive,777,1.4305676131032687,0.019305019305019305,141.54677262375463,209.33037573466692
708_RCA,708,RCA,104729,rescued,13,72.55173138534214,0.9230769230769231,388.28870917400667,388.28870917400667
708_RCA,708,RCA,104729,sacrificed,12,0.7816569190077792,0.0,-1.2613232596260193,0.38017827743159494
708_RCA,708,RCA,104729,always_nonconsecutive,2,129.2660343855117,1.0,98.58367337552056,98.58367337552056
708_RCA,708,RCA,130363,always_consecutive,777,1.1980408014838468,0.023166023166023165,65.10484171306426,150.1329833356777
708_RCA,708,RCA,130363,rescued,13,77.60272350523502,0.9230769230769231,415.69885246905847,415.69885246905847
708_RCA,708,RCA,130363,sacrificed,12,1.2278271520325483,0.08333333333333333,1.3161107955751752,2.9281677243905078
708_RCA,708,RCA,130363,always_nonconsecutive,2,154.29317630677835,1.0,117.81922233833811,117.81922233833811
708_RCA,708,RCA,155921,always_consecutive,777,1.0965982433408714,0.010296010296010296,31.75614971938226,106.63502078854681
708_RCA,708,RCA,155921,rescued,13,64.73772611265535,0.9230769230769231,345.8845637806503,345.8845637806503
708_RCA,708,RCA,155921,sacrificed,12,0.7059412806740404,0.0,-1.6987169948146283,0.08880446848922896
708_RCA,708,RCA,155921,always_nonconsecutive,2,120.85192089845047,1.0,92.11669075048744,92.11669075048744
708_RCA,708,RCA,181081,always_consecutive,777,1.5053975112405074,0.014157014157014158,166.1466966653012,217.7846280302048
708_RCA,708,RCA,181081,rescued,13,84.45839238405355,0.9230769230769231,452.9024081055359,452.9024081055359
708_RCA,708,RCA,181081,sacrificed,12,0.9536440703776122,0.0,-0.2677887111815001,0.6027872261071359
708_RCA,708,RCA,181081,always_nonconsecutive,2,138.2965292895767,1.0,105.52439906573655,105.52439906573655
708_RCA,708,RCA,205019,always_consecutive,777,1.3163641495095095,0.019305019305019305,104.00300202372587,171.99823681802104
708_RCA,708,RCA,205019,rescued,13,71.13087463661333,0.9230769230769231,380.5781671339562,380.5781671339562
708_RCA,708,RCA,205019,sacrificed,12,0.8074400652506468,0.0,-1.1123793044767065,0.18795058007512605
708_RCA,708,RCA,205019,always_nonconsecutive,2,120.22037422977766,1.0,91.63129186212147,91.63129186212147
70_RCA,70,RCA,104729,always_consecutive,792,1.453179241011618,0.013888888888888888,155.22163423319122,215.9833463818746
70_RCA,70,RCA,104729,rescued,29,43.31709960165037,0.7931034482758621,533.5672475057776,533.5672475057776
70_RCA,70,RCA,104729,sacrificed,18,0.9862328879024229,0.0,-0.11308902884481381,1.6839864284250639
70_RCA,70,RCA,104729,always_nonconsecutive,3,71.29363726930472,1.0,83.5182156157648,83.5182156157648
70_RCA,70,RCA,130363,always_consecutive,792,1.2880714689133592,0.011363636363636364,98.66940083325935,166.84826273728385
70_RCA,70,RCA,130363,rescued,29,38.769223506442614,0.6896551724137931,476.2240516591819,476.42028469080645
70_RCA,70,RCA,130363,sacrificed,18,0.7986947055288763,0.0,-1.653608984346483,0.3761939079067778
70_RCA,70,RCA,130363,always_nonconsecutive,3,71.27105935076096,1.0,83.49139003748564,83.49139003748564
70_RCA,70,RCA,155921,always_consecutive,792,1.6301451289814723,0.021464646464646464,215.83547495742772,264.216110886244
70_RCA,70,RCA,155921,rescued,29,41.210309136079715,0.7586206896551724,507.0031776529821,507.0031776529821
70_RCA,70,RCA,155921,sacrificed,18,0.93664258070534,0.0,-0.5204453168800569,0.6095403638703587
70_RCA,70,RCA,155921,always_nonconsecutive,3,71.22615373074906,1.0,83.4380361721828,83.4380361721828
70_RCA,70,RCA,181081,always_consecutive,792,1.1599443031082217,0.012626262626262626,54.783657034525476,127.52407510524114
70_RCA,70,RCA,181081,rescued,29,41.77297140417166,0.7241379310344828,514.0976657083369,514.311934610661
70_RCA,70,RCA,181081,sacrificed,18,1.4228608376731773,0.05555555555555555,3.4735622932408714,5.376456807582197
70_RCA,70,RCA,181081,always_nonconsecutive,3,95.11704366000363,1.0,111.82359955851919,111.82359955851919
70_RCA,70,RCA,205019,always_consecutive,792,1.4070117164884246,0.015151515151515152,139.4084681468671,207.28627151195732
70_RCA,70,RCA,205019,rescued,29,40.45723044297665,0.7931034482758621,497.5077696685798,497.5077696685798
70_RCA,70,RCA,205019,sacrificed,18,1.07449696625081,0.05555555555555555,0.6119503862158342,2.557403573069598
70_RCA,70,RCA,205019,always_nonconsecutive,3,62.93244620149831,1.0,73.58400555731622,73.58400555731622
712_LCA,712,LCA,104729,always_consecutive,680,1.5548453723828246,0.014705882352941176,161.58425785077566,200.59857386737517
712_LCA,712,LCA,104729,rescued,69,58.9290288292213,0.9565217391304348,1502.2154309458333,1502.2154309458333
712_LCA,712,LCA,104729,sacrificed,30,1.314949947706672,0.03333333333333333,4.301268614197935,6.34225107586067
712_LCA,712,LCA,104729,always_nonconsecutive,5,73.79829966348495,1.0,125.47992820505034,125.47992820505034
712_LCA,712,LCA,130363,always_consecutive,680,1.7788603227594495,0.020588235294117647,226.82277529327203,268.431968433479
712_LCA,712,LCA,130363,rescued,69,50.746865929746455,0.9420289855072463,1290.0356030681828,1290.0356030681828
712_LCA,712,LCA,130363,sacrificed,30,0.9647277487227699,0.0,-0.48171281968953594,2.677145638536982
712_LCA,712,LCA,130363,always_nonconsecutive,5,70.00448427247372,1.0,118.94065894892944,118.94065894892944
712_LCA,712,LCA,155921,always_consecutive,680,1.8481130190267052,0.014705882352941176,246.99081865723264,276.52687976030325
712_LCA,712,LCA,155921,rescued,69,52.88160049726025,0.9565217391304348,1345.3935345423436,1345.3935345423436
712_LCA,712,LCA,155921,sacrificed,30,1.261074701837088,0.0,3.5654948640245827,4.968574546051083
712_LCA,712,LCA,155921,always_nonconsecutive,5,70.37451003103565,1.0,119.57845963703618,119.57845963703618
712_LCA,712,LCA,181081,always_consecutive,680,1.9829749155027672,0.025,286.26583209178125,311.3176590995322
712_LCA,712,LCA,181081,rescued,69,56.24101963825924,0.9420289855072463,1432.509983317984,1432.509983317984
712_LCA,712,LCA,181081,sacrificed,30,1.3115903778575766,0.0,4.255386998867177,5.505180179007729
712_LCA,712,LCA,181081,always_nonconsecutive,5,68.37860417276106,1.0,116.13818527681019,116.13818527681019
712_LCA,712,LCA,205019,always_consecutive,680,1.7092679163658706,0.014705882352941176,206.5558002063872,239.51808034612537
712_LCA,712,LCA,205019,rescued,69,45.4523977288347,0.9565217391304348,1152.7394669028606,1152.7394669028606
712_LCA,712,LCA,205019,sacrificed,30,1.0456933048777117,0.0,0.6240330553492452,2.61963315202214
712_LCA,712,LCA,205019,always_nonconsecutive,5,54.42952360392105,1.0,92.09463430933532,92.09463430933532
712_RCA,712,RCA,104729,always_consecutive,999,1.3931384152743465,0.025025025025025027,167.8790231081878,244.23518999014098
712_RCA,712,RCA,104729,rescued,120,43.96884416217112,0.7916666666666666,2081.127730148219,2081.2127050201725
712_RCA,712,RCA,104729,sacrificed,55,2.1464869091505734,0.03636363636363636,29.732644356865737,34.90587507631446
712_RCA,712,RCA,104729,always_nonconsecutive,18,74.18111974139171,0.9444444444444444,515.8652037362717,515.8652037362717
712_RCA,712,RCA,130363,always_consecutive,999,1.5515311669014773,0.023023023023023025,235.51632177314903,288.66925159427643
712_RCA,712,RCA,130363,rescued,120,35.40902934952263,0.7333333333333333,1666.5466931460792,1666.713008053292
712_RCA,712,RCA,130363,sacrificed,55,1.0211942123816553,0.01818181818181818,0.5496442865052101,4.614679867388912
712_RCA,712,RCA,130363,always_nonconsecutive,18,39.85402760835156,0.8888888888888888,273.8881413537637,273.8881413537637
712_RCA,712,RCA,155921,always_consecutive,999,1.5547604261329662,0.01901901901901902,236.89528873257763,301.58996999142346
712_RCA,712,RCA,155921,rescued,120,46.42201998862361,0.8,2199.9434055266647,2199.9434055266647
712_RCA,712,RCA,155921,sacrificed,55,1.242630477525791,0.01818181818181818,6.292305338013578,9.906321190559792
712_RCA,712,RCA,155921,always_nonconsecutive,18,74.7940667862888,0.9444444444444444,520.1859636988517,520.1859636988517
712_RCA,712,RCA,181081,always_consecutive,999,1.5769187190568414,0.021021021021021023,246.35738255317108,302.63547161074536
712_RCA,712,RCA,181081,rescued,120,30.130756219157227,0.775,1410.901916259796,1410.9772214840982
712_RCA,712,RCA,181081,sacrificed,55,2.7962381980612516,0.01818181818181818,46.583097545127195,51.28319113930224
712_RCA,712,RCA,181081,always_nonconsecutive,18,58.03276091887903,0.8888888888888888,402.03288682967195,402.03288682967195
712_RCA,712,RCA,205019,always_consecutive,999,1.39923597169937,0.022022022022022022,170.48281804709163,248.69438664362696
712_RCA,712,RCA,205019,rescued,120,47.75203566739975,0.8083333333333333,2264.360602791416,2264.360602791416
712_RCA,712,RCA,205019,sacrificed,55,1.689109115741788,0.01818181818181818,17.87114715213367,22.73907719043961
712_RCA,712,RCA,205019,always_nonconsecutive,18,92.10970960534972,0.9444444444444444,642.2466487805406,642.2466487805406
735_RCA,735,RCA,104729,always_consecutive,1032,1.592386052486864,0.014534883720930232,282.6806176328122,349.42551438157386
735_RCA,735,RCA,104729,rescued,118,65.5579344006359,0.8559322033898306,3036.9068542766354,3036.9315044960786
735_RCA,735,RCA,104729,sacrificed,30,0.9908672611420077,0.0,-0.13946173713853666,2.4175651354912855
735_RCA,735,RCA,104729,always_nonconsecutive,22,55.52925068665428,0.7727272727272727,511.060381444342,511.060381444342
735_RCA,735,RCA,130363,always_consecutive,1032,1.4371191207830427,0.012596899224806201,208.58881218308613,265.53390245708
735_RCA,735,RCA,130363,rescued,118,51.69129717602268,0.8389830508474576,2384.5984118804267,2384.5984118804267
735_RCA,735,RCA,130363,sacrificed,30,2.021575410125083,0.03333333333333333,15.59999508683834,17.52049402018598
735_RCA,735,RCA,130363,always_nonconsecutive,22,48.8659139299508,0.7727272727272727,448.610093173529,448.610093173529
735_RCA,735,RCA,155921,always_consecutive,1032,1.6008889812562168,0.014534883720930232,286.7381290244425,354.0605822284982
735_RCA,735,RCA,155921,rescued,118,72.86650390689366,0.847457627118644,3380.713468205298,3380.713468205298
735_RCA,735,RCA,155921,sacrificed,30,2.748039506181839,0.03333333333333333,26.693484825263287,29.195471987405124
735_RCA,735,RCA,155921,always_nonconsecutive,22,67.23997823523254,0.7272727272727273,620.8159495587583,620.8159495587583
735_RCA,735,RCA,181081,always_consecutive,1032,1.9196601105628233,0.013565891472868217,438.8524796875157,480.84325177909125
735_RCA,735,RCA,181081,rescued,118,66.45625190797449,0.8305084745762712,3079.165123855446,3079.165123855446
735_RCA,735,RCA,181081,sacrificed,30,1.169546132472197,0.0,2.589058827517066,4.476878790687176
735_RCA,735,RCA,181081,always_nonconsecutive,22,55.03789081913263,0.7272727272727273,506.4552464358846,506.4552464358846
735_RCA,735,RCA,205019,always_consecutive,1032,1.6688262799752598,0.015503875968992248,319.1571191096788,377.8767784236234
735_RCA,735,RCA,205019,rescued,118,72.392484802736,0.8389830508474576,3358.4148633964633,3358.4148633964633
735_RCA,735,RCA,205019,sacrificed,30,1.2764589133068085,0.03333333333333333,4.221673355245326,6.338989436996398
735_RCA,735,RCA,205019,always_nonconsecutive,22,66.91291404973592,0.7727272727272727,617.7506305732253,617.7506305732253
763_LCA,763,LCA,104729,always_consecutive,585,1.4024990799669834,0.008547008547008548,112.3128334710399,158.07554754819833
763_LCA,763,LCA,104729,rescued,39,75.3906134429054,0.7692307692307693,1121.4847221530185,1121.4847221530185
763_LCA,763,LCA,104729,sacrificed,11,0.8768777640830752,0.0,-0.6984408992385193,0.1863322350676328
763_LCA,763,LCA,104729,always_nonconsecutive,4,98.3404911169983,1.0,149.38153409784118,149.38153409784118
763_LCA,763,LCA,130363,always_consecutive,585,1.688465765852449,0.006837606837606838,192.10861529681222,228.94733773640803
763_LCA,763,LCA,130363,rescued,39,68.4477725247897,0.7948717948717948,1016.817081201495,1016.817081201495
763_LCA,763,LCA,130363,sacrificed,11,0.8558719849595973,0.0,-0.8176013023204358,0.2314338594436301
763_LCA,763,LCA,130363,always_nonconsecutive,4,129.04143641616503,1.0,196.49609304876228,196.49609304876228
763_LCA,763,LCA,155921,always_consecutive,585,1.5356462591147415,0.006837606837606838,149.46605369700302,193.09225914953748
763_LCA,763,LCA,155921,rescued,39,75.79207008749782,0.7692307692307693,1127.536930525554,1127.536930525554
763_LCA,763,LCA,155921,sacrificed,11,0.8378003302683804,0.0,-0.9201171692494451,0.07012417054217296
763_LCA,763,LCA,155921,always_nonconsecutive,4,114.33191386669235,1.0,173.9224341420496,173.9224341420496
763_LCA,763,LCA,181081,always_consecutive,585,1.0658049442747242,0.003418803418803419,18.362128302266928,66.59327237428217
763_LCA,763,LCA,181081,rescued,39,69.81950792786715,0.7692307692307693,1037.4968447655967,1037.4968447655967
763_LCA,763,LCA,181081,sacrificed,11,22.677265214552786,0.18181818181818182,122.96957163529628,124.15628019828577
763_LCA,763,LCA,181081,always_nonconsecutive,4,107.88179858044015,1.0,164.0239005974615,164.0239005974615
763_LCA,763,LCA,205019,always_consecutive,585,1.5611345673502985,0.006837606837606838,156.57827894371283,202.40745706974172
763_LCA,763,LCA,205019,rescued,39,77.61399320496638,0.7948717948717948,1155.0035536196972,1155.0035536196972
763_LCA,763,LCA,205019,sacrificed,11,0.8423318866080404,0.0,-0.8944108111635042,0.122913185557185
763_LCA,763,LCA,205019,always_nonconsecutive,4,121.83787433337503,1.0,185.44129825013303,185.44129825013303
763_RCA,763,RCA,104729,always_consecutive,771,1.4482526543593623,0.014267185473411154,160.43377515780173,210.541726871131
763_RCA,763,RCA,104729,rescued,13,73.48528705720224,1.0,437.5622589712004,437.5622589712004
763_RCA,763,RCA,104729,sacrificed,9,0.9781518566796364,0.0,-0.10391930405943023,0.563199295881918
763_RCA,763,RCA,104729,always_nonconsecutive,2,34.89563127601219,1.0,23.568056121602226,23.568056121602226
763_RCA,763,RCA,130363,always_consecutive,771,1.449617241558727,0.01556420233463035,160.9221735505317,235.6135496128819
763_RCA,763,RCA,130363,rescued,13,80.91722712296182,0.9230769230769231,482.4256597486029,482.4256597486029
763_RCA,763,RCA,130363,sacrificed,9,0.6495873185270202,0.0,-1.6667156315443346,0.0
763_RCA,763,RCA,130363,always_nonconsecutive,2,31.502140225512765,0.5,21.208519375551845,21.208519375551845
763_RCA,763,RCA,155921,always_consecutive,771,1.8967062402717108,0.014267185473411154,320.93946557874875,366.82064482535077
763_RCA,763,RCA,155921,rescued,13,72.39230698930334,1.0,430.9644120572062,430.9644120572062
763_RCA,763,RCA,155921,sacrificed,9,0.7922408311901296,0.0,-0.9881932719914146,0.19713821821469635
763_RCA,763,RCA,155921,always_nonconsecutive,2,35.15076035527451,1.0,23.745450559526805,23.745450559526805
763_RCA,763,RCA,181081,always_consecutive,771,1.1552769718533225,0.010376134889753566,55.57506586347757,119.18788609108937
763_RCA,763,RCA,181081,rescued,13,59.956268143435395,0.9230769230769231,355.8934359878509,355.8934359878509
763_RCA,763,RCA,181081,sacrificed,9,12.940092138051199,0.1111111111111111,56.79228880905698,58.58016755551151
763_RCA,763,RCA,181081,always_nonconsecutive,2,34.91429499151849,1.0,23.5810332362902,23.5810332362902
763_RCA,763,RCA,205019,always_consecutive,771,1.535007116565819,0.011673151750972763,191.48400040065854,235.53810310745473
763_RCA,763,RCA,205019,rescued,13,76.43165664117559,0.9230769230769231,455.34821503577405,455.34821503577405
763_RCA,763,RCA,205019,sacrificed,9,1.0276654819576403,0.0,0.13158910527775147,0.8344645566602436
763_RCA,763,RCA,205019,always_nonconsecutive,2,33.03288663599886,1.0,22.272866489092955,22.272866489092955
769_LCA,769,LCA,104729,always_consecutive,1374,1.199992360310866,0.00727802037845706,117.38576972407834,261.2639158743864
769_LCA,769,LCA,104729,rescued,63,67.77092520238617,0.7777777777777778,1796.8420450377282,1796.858181893732
769_LCA,769,LCA,104729,sacrificed,43,0.8344729241551634,0.0,-3.1086157878036755,0.970110382679789
769_LCA,769,LCA,104729,always_nonconsecutive,3,90.38767610410522,1.0,97.15954685226323,97.15954685226323
769_LCA,769,LCA,130363,always_consecutive,1374,1.4012873979563312,0.012372634643377001,235.5361475631186,349.41632889154374
769_LCA,769,LCA,130363,rescued,63,49.11282360733939,0.7936507936507936,1294.742346329832,1294.742346329832
769_LCA,769,LCA,130363,sacrificed,43,1.6844183174918388,0.023255813953488372,12.85344754843339,16.695464996209974
769_LCA,769,LCA,130363,always_nonconsecutive,3,72.23752228030007,1.0,77.43131587368885,77.43131587368885
769_LCA,769,LCA,155921,always_consecutive,1374,1.5910335373133297,0.017467248908296942,346.9078848933439,448.5082143851726
769_LCA,769,LCA,155921,rescued,63,43.1915253977623,0.8412698412698413,1135.396979286835,1135.6032231403376
769_LCA,769,LCA,155921,sacrificed,43,0.9018835299180564,0.0,-1.8426375647824904,1.414407378489031
769_LCA,769,LCA,155921,always_nonconsecutive,3,81.76456337816067,1.0,87.78669187465991,87.78669187465991
769_LCA,769,LCA,181081,always_consecutive,1374,1.5673992652852895,0.013100436681222707,333.0357189287672,430.25628504671545
769_LCA,769,LCA,181081,rescued,63,44.20616943889136,0.7777777777777778,1162.7016042912305,1162.7016042912305
769_LCA,769,LCA,181081,sacrificed,43,1.0335753315506928,0.0,0.6305482363324384,3.090459316191819
769_LCA,769,LCA,181081,always_nonconsecutive,3,73.78766242277503,1.0,79.11623397833854,79.11623397833854
769_LCA,769,LCA,205019,always_consecutive,1374,1.4978873385225067,0.010917030567685589,292.23560528757776,403.56449772203376
769_LCA,769,LCA,205019,rescued,63,47.26838267262766,0.7936507936507936,1245.10743396291,1245.10743396291
769_LCA,769,LCA,205019,sacrificed,43,0.8342946690501643,0.0,-3.111963437309529,0.8415296715994447
769_LCA,769,LCA,205019,always_nonconsecutive,3,80.25038802872874,1.0,86.14086554582309,86.14086554582309
769_RCA,769,RCA,104729,always_consecutive,814,1.2971666981995504,0.012285012285012284,102.33964348438487,176.09604651695372
769_RCA,769,RCA,104729,rescued,38,39.68475453813317,0.8947368421052632,615.0994782350092,615.0994782350092
769_RCA,769,RCA,104729,sacrificed,32,1.7805119660886182,0.03125,11.781088399965727,16.16615858529609
769_RCA,769,RCA,104729,always_nonconsecutive,2,36.589870003345276,1.0,32.047122364131575,32.047122364131575
769_RCA,769,RCA,130363,always_consecutive,814,1.3640930181166904,0.014742014742014743,125.38803942356459,212.78926309335338
769_RCA,769,RCA,130363,rescued,38,58.99007345443278,0.8421052631578947,922.0599781619499,922.2589299994147
769_RCA,769,RCA,130363,sacrificed,32,0.724327680145042,0.0,-4.161012400501939,0.6441196948194206
769_RCA,769,RCA,130363,always_nonconsecutive,2,45.993179127591624,1.0,40.51439122755121,40.51439122755121
769_RCA,769,RCA,155921,always_consecutive,814,1.2898665638666722,0.0171990171990172,99.82558942132425,194.08148461039823
769_RCA,769,RCA,155921,rescued,38,39.93452192365217,0.868421052631579,619.0708563747212,619.0708563747212
769_RCA,769,RCA,155921,sacrificed,32,0.7336105967077176,0.0,-4.020895572847856,1.0257028707801417
769_RCA,769,RCA,155921,always_nonconsecutive,2,14.567958603610883,1.0,12.217353689702136,12.217353689702136
769_RCA,769,RCA,181081,always_consecutive,814,1.3681560519366758,0.014742014742014743,126.7872858233853,185.08156551530575
769_RCA,769,RCA,181081,rescued,38,34.62776310203364,0.8947368421052632,534.6917612694659,534.6917612694659
769_RCA,769,RCA,181081,sacrificed,32,0.9910280174244303,0.0,-0.13542357380557965,2.10639620077458
769_RCA,769,RCA,181081,always_nonconsecutive,2,33.13103203744421,1.0,28.932589955878427,28.932589955878427
769_RCA,769,RCA,205019,always_consecutive,814,1.734658351873112,0.01597051597051597,253.00504487563012,286.9250534294821
769_RCA,769,RCA,205019,rescued,38,66.31144397788303,0.9210526315789473,1038.4720180651702,1038.4720180651702
769_RCA,769,RCA,205019,sacrificed,32,1.2558515466501996,0.0,3.861836614061247,5.69397153307836
769_RCA,769,RCA,205019,always_nonconsecutive,2,51.72604192423011,1.0,45.676583602049405,45.676583602049405
815_LCA,815,LCA,104729,always_consecutive,890,1.5886507468656264,0.014606741573033709,244.68973290881422,311.95564165032135
815_LCA,815,LCA,104729,rescued,18,59.94445052307908,0.7222222222222222,526.7783292925113,526.7783292925113
815_LCA,815,LCA,104729,sacrificed,15,0.7755733592739515,0.0,-1.6400861121096553,0.11555350672368159
815_LCA,815,LCA,104729,always_nonconsecutive,1,261.244245548994,1.0,90.47566258576893,90.47566258576893
815_LCA,815,LCA,130363,always_consecutive,890,1.66924719066974,0.014606741573033709,278.1919792116302,341.30221610571243
815_LCA,815,LCA,130363,rescued,18,58.061203546089125,0.8333333333333334,509.94801384499493,509.94801384499493
815_LCA,815,LCA,130363,sacrificed,15,0.9244964149376106,0.0,-0.5517721999255596,0.5861256144913918
815_LCA,815,LCA,130363,always_nonconsecutive,1,204.01527962237992,1.0,70.57962761144702,70.57962761144702
815_LCA,815,LCA,155921,always_consecutive,890,1.4879874554600003,0.015730337078651686,202.8461201742372,286.1800128569521
815_LCA,815,LCA,155921,rescued,18,58.79661241814219,0.7777777777777778,516.520260316532,516.7947782493438
815_LCA,815,LCA,155921,sacrificed,15,0.8019363965215871,0.0,-1.4474278291045828,0.23867372660722158
815_LCA,815,LCA,155921,always_nonconsecutive,1,200.5745224600456,1.0,69.38342523854837,69.38342523854837
815_LCA,815,LCA,181081,always_consecutive,890,1.5307137637700823,0.011235955056179775,220.60654776944776,296.0887517906964
815_LCA,815,LCA,181081,rescued,18,55.09233216572494,0.7222222222222222,483.4156245911457,483.4156245911457
815_LCA,815,LCA,181081,sacrificed,15,1.7885420356248651,0.06666666666666667,5.762581649215551,7.707509590293844
815_LCA,815,LCA,181081,always_nonconsecutive,1,197.41438700818725,1.0,68.28478289099323,68.28478289099323
815_LCA,815,LCA,205019,always_consecutive,890,1.4840024243672891,0.007865168539325843,201.1896265761218,285.2776937661439
815_LCA,815,LCA,205019,rescued,18,59.207294515050634,0.7222222222222222,520.1904689105552,520.1904689105552
815_LCA,815,LCA,205019,sacrificed,15,0.8677804369809982,0.0,-0.9662465576953349,0.204155998175799
815_LCA,815,LCA,205019,always_nonconsecutive,1,266.4210401784664,1.0,92.2754100621595,92.2754100621595
815_RCA,815,RCA,104729,always_consecutive,684,1.16261289512122,0.014619883040935672,51.73894632592913,119.04558968984423
815_RCA,815,RCA,104729,rescued,18,53.77544815687849,0.9444444444444444,431.35222826409915,431.35222826409915
815_RCA,815,RCA,104729,sacrificed,15,0.7370899692655152,0.0,-1.9415593831147044,0.009803044198095912
815_RCA,815,RCA,130363,always_consecutive,684,1.4513588717054595,0.011695906432748537,143.6099665988499,192.41413494777515
815_RCA,815,RCA,130363,rescued,18,41.90841064831688,0.8888888888888888,334.35877295519293,334.35877295519293
815_RCA,815,RCA,130363,sacrificed,15,0.9714935287885211,0.0,-0.21051690764903208,1.0472313027077325
815_RCA,815,RCA,155921,always_consecutive,684,1.2731983612328903,0.011695906432748537,86.92419711009596,158.9555363201344
815_RCA,815,RCA,155921,rescued,18,45.1145417506577,0.8888888888888888,360.56360575908633,360.56360575908633
815_RCA,815,RCA,155921,sacrificed,15,0.7032696868209427,0.0,-2.191318156244831,0.13634540442579707
815_RCA,815,RCA,181081,always_consecutive,684,1.2360362888882435,0.014619883040935672,75.10024880042063,136.29053017637526
815_RCA,815,RCA,181081,rescued,18,49.75240868256251,0.9444444444444444,398.47051712292244,398.47051712292244
815_RCA,815,RCA,181081,sacrificed,15,0.8058566789095356,0.0,-1.4337253914549861,0.22848615021957253
815_RCA,815,RCA,205019,always_consecutive,684,1.2050298538788589,0.019005847953216373,65.23485481974596,134.36450570075993
815_RCA,815,RCA,205019,rescued,18,49.745107278103035,0.8888888888888888,398.4108401861452,398.4108401861452
815_RCA,815,RCA,205019,sacrificed,15,0.7649387987097319,0.0,-1.7358990818887452,0.14151430423118722
82_LCA,82,LCA,104729,always_consecutive,510,1.2413170182495306,0.011764705882352941,58.175046323434046,105.15782976343206
82_LCA,82,LCA,104729,rescued,6,31.955414268185304,0.6666666666666666,90.88868910981525,90.88868910981525
82_LCA,82,LCA,104729,sacrificed,4,1.009666163746179,0.0,0.017410604032633226,0.22893432693221932
82_LCA,82,LCA,104729,always_nonconsecutive,2,47.36963200365375,1.0,39.18120540204927,39.18120540204927
82_LCA,82,LCA,130363,always_consecutive,510,1.2169174204133408,0.00784313725490196,52.292959164020616,97.73765485801735
82_LCA,82,LCA,130363,rescued,6,38.344331042364914,0.8333333333333334,109.6472902839463,109.6472902839463
82_LCA,82,LCA,130363,sacrificed,4,0.8133588303453164,0.0,-0.3361763349322226,0.11735053757628156
82_LCA,82,LCA,130363,always_nonconsecutive,2,44.120096831603355,1.0,36.43542762604152,36.43542762604152
82_LCA,82,LCA,155921,always_consecutive,510,1.3588725714018186,0.013725490196078431,86.51453020989452,129.37278472330098
82_LCA,82,LCA,155921,rescued,6,32.61909498775829,0.8333333333333334,92.83733273211828,92.83733273211828
82_LCA,82,LCA,155921,sacrificed,4,1.0763313785614743,0.0,0.13748736751166463,0.3720963489562383
82_LCA,82,LCA,155921,always_nonconsecutive,2,60.51654053955623,1.0,50.29002170032314,50.29002170032314
82_LCA,82,LCA,181081,always_consecutive,510,1.320833534204094,0.013725490196078431,77.34434085844062,134.06946802067222
82_LCA,82,LCA,181081,rescued,6,73.78802478521406,0.6666666666666666,213.7140888603806,213.7140888603806
82_LCA,82,LCA,181081,sacrificed,4,0.758239535096495,0.0,-0.4354566957179968,0.15724462123401317
82_LCA,82,LCA,181081,always_nonconsecutive,2,124.45551382022776,1.0,104.3168909476083,104.3168909476083
82_LCA,82,LCA,205019,always_consecutive,510,1.300411787192533,0.013725490196078431,72.42120660532902,112.73472200446366
82_LCA,82,LCA,205019,rescued,6,39.644286785714485,0.8333333333333334,113.4641112248713,113.4641112248713
82_LCA,82,LCA,205019,sacrificed,4,1.1138999642961869,0.0,0.20515555392653578,0.5325640570423964
82_LCA,82,LCA,205019,always_nonconsecutive,2,57.11739871578457,1.0,47.417829961182306,47.417829961182306
82_RCA,82,RCA,104729,always_consecutive,282,1.1512267352409074,0.0070921985815602835,19.91901286167023,34.6792013585518
82_RCA,82,RCA,104729,rescued,6,50.351675700899,0.8333333333333334,155.88233804103007,155.88233804103007
82_RCA,82,RCA,104729,sacrificed,6,1.0609582126982673,0.0,0.20138021914915238,0.3963515071585404
82_RCA,82,RCA,130363,always_consecutive,282,1.6209290708191375,0.01773049645390071,81.78642571452988,98.49236768664228
82_RCA,82,RCA,130363,rescued,6,49.48023919875263,0.8333333333333334,153.1298163185225,153.1298163185225
82_RCA,82,RCA,130363,sacrificed,6,0.8403011634345217,0.0,-0.5275775860524012,0.27209348264515787
82_RCA,82,RCA,155921,always_consecutive,282,0.9785623340323888,0.010638297872340425,-2.823688175591344,21.12634943130072
82_RCA,82,RCA,155921,rescued,6,44.95895676818488,0.8333333333333334,138.84888124972824,138.84888124972824
82_RCA,82,RCA,155921,sacrificed,6,0.7150255271171979,0.0,-0.9414354401287113,0.0036218571434464275
82_RCA,82,RCA,181081,always_consecutive,282,1.192035544417527,0.010638297872340425,25.294194661129286,41.8225201822304
82_RCA,82,RCA,181081,rescued,6,48.9248384241564,0.8333333333333334,151.37552591066344,151.37552591066344
82_RCA,82,RCA,181081,sacrificed,6,1.0180490077895932,0.0,0.059626307649211896,0.31355623790869713
82_RCA,82,RCA,205019,always_consecutive,282,1.0649463813147075,0.0070921985815602835,8.554491391127135,25.14789932179695
82_RCA,82,RCA,205019,rescued,6,52.429849962879686,0.8333333333333334,162.44646495695446,162.44646495695446
82_RCA,82,RCA,205019,sacrificed,6,0.7046238943678176,0.0,-0.9757980467383819,0.0
844_RCA,844,RCA,104729,always_consecutive,470,1.5736981583596417,0.014893617021276596,129.1284314280628,156.16313196336205
844_RCA,844,RCA,104729,rescued,7,54.182967799002135,0.7142857142857143,182.47526304924398,182.47526304924398
844_RCA,844,RCA,104729,sacrificed,7,0.9634411202118432,0.0,-0.12827036860951196,0.23761022529569253
844_RCA,844,RCA,130363,always_consecutive,470,1.4717063929996523,0.00851063829787234,106.17204488993768,133.37902799088582
844_RCA,844,RCA,130363,rescued,7,34.9442767312596,0.7142857142857143,116.46568594972513,116.46568594972513
844_RCA,844,RCA,130363,sacrificed,7,0.9275872455908922,0.0,-0.2540671583458978,0.20522712705256052
844_RCA,844,RCA,155921,always_consecutive,470,1.1777684987483141,0.006382978723404255,40.01227311993784,72.14243134638707
844_RCA,844,RCA,155921,rescued,7,38.03373302129978,0.5714285714285714,127.06587192157309,127.06587192157309
844_RCA,844,RCA,155921,sacrificed,7,0.9251912555179801,0.0,-0.2624737214467928,0.2231982665394152
844_RCA,844,RCA,181081,always_consecutive,470,1.7363707451241406,0.01276595744680851,165.74290483914376,190.20695503989003
844_RCA,844,RCA,181081,rescued,7,47.07069435975224,0.8571428571428571,158.07245101343983,158.07245101343983
844_RCA,844,RCA,181081,sacrificed,7,3.784924271344201,0.14285714285714285,9.771176384639055,10.3993686153906
844_RCA,844,RCA,205019,always_consecutive,470,1.7141414262798398,0.006382978723404255,160.7395123194846,183.44183446283
844_RCA,844,RCA,205019,rescued,7,62.966654876137746,0.5714285714285714,212.61283671756865,212.61283671756865
844_RCA,844,RCA,205019,sacrificed,7,1.1572949816107916,0.0,0.5518846690203738,0.8729012547512318
854_LCA,854,LCA,104729,always_consecutive,1203,1.60179196782801,0.013300083125519535,315.48576862479774,407.39534804740356
854_LCA,854,LCA,104729,rescued,38,42.39943667720381,0.7368421052631579,705.235253285612,705.235253285612
854_LCA,854,LCA,104729,sacrificed,30,0.9188794030035381,0.0,-1.1867162677370797,0.9504291557238755
854_LCA,854,LCA,104729,always_nonconsecutive,3,92.10342070693882,0.6666666666666666,99.02458033723168,99.02458033723168
854_LCA,854,LCA,130363,always_consecutive,1203,1.6852857950495586,0.017456359102244388,359.25689829189326,437.47750922010005
854_LCA,854,LCA,130363,rescued,38,51.26960334843329,0.7894736842105263,856.3376532492972,856.3376532492972
854_LCA,854,LCA,130363,sacrificed,30,0.9611203241655648,0.0,-0.5687722416426615,1.6542036163107152
854_LCA,854,LCA,130363,always_nonconsecutive,3,90.66094867968457,0.6666666666666666,97.45668984488084,97.45668984488084
854_LCA,854,LCA,155921,always_consecutive,1203,1.7301429682546599,0.014131338320864505,382.7729977473642,462.06835717046147
854_LCA,854,LCA,155921,rescued,38,40.383821582197875,0.7105263157894737,670.8994522181654,670.8994522181654
854_LCA,854,LCA,155921,sacrificed,30,0.8382665012115247,0.0,-2.3660054432130195,1.0320051418207452
854_LCA,854,LCA,155921,always_nonconsecutive,3,51.094908121522344,0.6666666666666666,54.45050487975922,54.45050487975922
854_LCA,854,LCA,181081,always_consecutive,1203,1.5722000814417503,0.014962593516209476,299.9724026765588,394.6776777433161
854_LCA,854,LCA,181081,rescued,38,45.50212372651307,0.7631578947368421,758.0892161099531,758.0892161099531
854_LCA,854,LCA,181081,sacrificed,30,0.7791404207243526,0.0,-3.230963100819005,0.23277980058698
854_LCA,854,LCA,181081,always_nonconsecutive,3,95.87126248174995,0.6666666666666666,103.12002425835489,103.12002425835489
854_LCA,854,LCA,205019,always_consecutive,1203,1.6274029766348082,0.015793848711554447,328.9121837825659,414.3510188641012
854_LCA,854,LCA,205019,rescued,38,41.34792085260888,0.7105263157894737,687.3227866336109,687.3227866336109
854_LCA,854,LCA,205019,sacrificed,30,1.0328279423684257,0.03333333333333333,0.48024120491427114,3.6331234972398176
854_LCA,854,LCA,205019,always_nonconsecutive,3,92.64443009360595,0.6666666666666666,99.61262881068637,99.61262881068637
854_RCA,854,RCA,104729,always_consecutive,404,2.4390559347060234,0.027227722772277228,248.67039259473606,257.30734205013084
854_RCA,854,RCA,104729,rescued,26,49.50386168037363,0.8076923076923077,558.8536953969244,558.8536953969244
854_RCA,854,RCA,104729,sacrificed,14,1.5984165230490848,0.0,3.740683764334377,3.9950087466229416
854_RCA,854,RCA,104729,always_nonconsecutive,6,9.891956902791819,0.6666666666666666,22.575058462234182,22.575058462234182
854_RCA,854,RCA,130363,always_consecutive,404,1.0289834031062288,0.0049504950495049506,5.0083628129644,40.2513886785994
854_RCA,854,RCA,130363,rescued,26,66.58054408489976,0.8846153846153846,755.6084843202701,755.6084843202701
854_RCA,854,RCA,130363,sacrificed,14,0.8239277790112788,0.0,-1.1006221804286336,0.3361101551224221
854_RCA,854,RCA,130363,always_nonconsecutive,6,14.384571754336259,0.5,33.98098901617939,33.98098901617939
854_RCA,854,RCA,155921,always_consecutive,404,2.2811528593029387,0.022277227722772276,221.38457360367474,226.2296141323498
854_RCA,854,RCA,155921,rescued,26,53.2811626498362,0.8076923076923077,602.3751498188658,602.3751498188658
854_RCA,854,RCA,155921,sacrificed,14,1.665920918401201,0.07142857142857142,4.16265171807378,4.578558432734073
854_RCA,854,RCA,155921,always_nonconsecutive,6,12.721591722414223,0.6666666666666666,29.75898570998018,29.75898570998018
854_RCA,854,RCA,181081,always_consecutive,404,1.2476840456491047,0.007425742574257425,42.80006592210576,75.19870050260505
854_RCA,854,RCA,181081,rescued,26,76.79891358273956,0.8846153846153846,873.3428946736146,873.3428946736146
854_RCA,854,RCA,181081,sacrificed,14,0.7829075127143869,0.0,-1.3570386365846576,0.24047404501438563
854_RCA,854,RCA,181081,always_nonconsecutive,6,32.87326086545333,0.6666666666666666,80.92040203138353,80.92040203138353
854_RCA,854,RCA,205019,always_consecutive,404,1.4328556171196085,0.009900990099009901,74.79790997002397,111.33494685644462
854_RCA,854,RCA,205019,rescued,26,38.86242427587127,0.8076923076923077,436.2447646476523,436.2447646476523
854_RCA,854,RCA,205019,sacrificed,14,0.9604298608153223,0.0,-0.24735175500565987,0.8849550534133114
854_RCA,854,RCA,205019,always_nonconsecutive,6,19.62214299448886,0.5,47.27822810979645,47.27822810979645
85_LCA,85,LCA,104729,always_consecutive,806,1.7466887897442376,0.009925558312655087,265.4838620756708,317.5308753654374
85_LCA,85,LCA,104729,rescued,38,40.638581260712094,0.8947368421052632,659.5579953237607,659.5579953237607
85_LCA,85,LCA,104729,sacrificed,26,0.9446100898320252,0.0,-0.6679162658318305,1.1838326106426704
85_LCA,85,LCA,104729,always_nonconsecutive,9,99.49625712375237,1.0,334.16926097163395,334.16926097163395
85_LCA,85,LCA,130363,always_consecutive,806,1.5538110451794531,0.004962779156327543,196.90652538759306,249.3656855004158
85_LCA,85,LCA,130363,rescued,38,55.904457091363604,0.9473684210526315,913.5713868097374,913.5713868097374
85_LCA,85,LCA,130363,sacrificed,26,4.3633683386308775,0.038461538461538464,40.55699701521076,42.510953144396616
85_LCA,85,LCA,130363,always_nonconsecutive,9,98.7832648412448,1.0,331.7502847477489,331.7502847477489
85_LCA,85,LCA,155921,always_consecutive,806,1.624320280609343,0.009925558312655087,221.97595778169904,272.3948707368919
85_LCA,85,LCA,155921,rescued,38,40.386377421357736,0.9210526315789473,655.3615015692683,655.3615015692683
85_LCA,85,LCA,155921,sacrificed,26,0.8890213963023598,0.0,-1.33822955018648,1.422300249810931
85_LCA,85,LCA,155921,always_nonconsecutive,9,63.458492443892865,0.8888888888888888,211.9035674132723,211.9035674132723
85_LCA,85,LCA,181081,always_consecutive,806,1.6618052879947807,0.008684863523573201,235.30368503207038,283.8234873875705
85_LCA,85,LCA,181081,rescued,38,36.03562917058096,0.9210526315789473,582.9681236235024,582.9681236235024
85_LCA,85,LCA,181081,sacrificed,26,0.938455126318227,0.0,-0.742135563787007,1.4181185421192053
85_LCA,85,LCA,181081,always_nonconsecutive,9,35.30684867303116,1.0,116.39319708289598,116.39319708289598
85_LCA,85,LCA,205019,always_consecutive,806,1.5664127345832517,0.009925558312655087,201.38703348889257,243.48774446589042
85_LCA,85,LCA,205019,rescued,38,36.064542565929884,0.8421052631578947,583.4492221004864,583.4492221004864
85_LCA,85,LCA,205019,sacrificed,26,1.0373464357625346,0.0,0.4503399958764091,2.272171535536856
85_LCA,85,LCA,205019,always_nonconsecutive,9,22.81662230400423,0.7777777777777778,74.01747807600975,74.01747807600975
85_RCA,85,RCA,104729,always_consecutive,791,1.7420857528032625,0.012642225031605562,244.84726889313453,283.09691599929295
85_RCA,85,RCA,104729,rescued,28,47.53648795853101,0.9642857142857143,592.2162974984193,592.2162974984193
85_RCA,85,RCA,104729,sacrificed,23,1.5504211379366437,0.043478260869565216,5.9275564086919506,7.9704834638101545
85_RCA,85,RCA,104729,always_nonconsecutive,1,13.791256702447622,1.0,4.07224088664177,4.07224088664177
85_RCA,85,RCA,130363,always_consecutive,791,1.4376785635584317,0.015170670037926675,144.40972695612845,194.0091455977239
85_RCA,85,RCA,130363,rescued,28,61.536088362533725,1.0,770.3730919067954,770.3730919067954
85_RCA,85,RCA,130363,sacrificed,23,1.143056474049549,0.043478260869565216,1.5405936674889897,3.823673209758922
85_RCA,85,RCA,130363,always_nonconsecutive,1,14.278321233653516,1.0,4.227303375383014,4.227303375383014
85_RCA,85,RCA,155921,always_consecutive,791,1.8162350176361386,0.012642225031605562,269.312426614033,304.89245262511156
85_RCA,85,RCA,155921,rescued,28,57.15115205143404,1.0,714.5710565396249,714.5710565396249
85_RCA,85,RCA,155921,sacrificed,23,4.079810591184999,0.043478260869565216,33.166878502833455,34.299584373987244
85_RCA,85,RCA,155921,always_nonconsecutive,1,18.22331885611075,1.0,5.483237877330806,5.483237877330806
85_RCA,85,RCA,181081,always_consecutive,791,1.2337159034321221,0.0037926675094816687,77.113326102917,132.35754286159457
85_RCA,85,RCA,181081,rescued,28,70.35778859117431,1.0,882.6367129110693,882.6367129110693
85_RCA,85,RCA,181081,sacrificed,23,1.1297251392959435,0.043478260869565216,1.3970267996695944,3.0290655387595353
85_RCA,85,RCA,181081,always_nonconsecutive,1,15.788419895997574,1.0,4.708060321999823,4.708060321999823
85_RCA,85,RCA,205019,always_consecutive,791,1.6357054737216723,0.01643489254108723,209.74765850602844,256.97331972223697
85_RCA,85,RCA,205019,rescued,28,62.62040540831625,0.9642857142857143,784.1719464043666,784.1719464043666
85_RCA,85,RCA,205019,sacrificed,23,1.0263107947810228,0.0,0.2833443512119988,2.711192561094448
85_RCA,85,RCA,205019,always_nonconsecutive,1,10.094378315942317,1.0,2.895297942826996,2.895297942826996
891_LCA,891,LCA,104729,always_consecutive,802,1.5021908830444088,0.012468827930174564,173.59854645857888,230.163178431719
891_LCA,891,LCA,104729,rescued,35,61.65150846767709,0.6857142857142857,771.790498629959,771.790498629959
891_LCA,891,LCA,104729,sacrificed,13,0.9121107204202367,0.0,-0.4974294415971091,0.324842127146508
891_LCA,891,LCA,104729,always_nonconsecutive,4,178.30191699959022,1.0,225.7824026643122,225.7824026643122
891_LCA,891,LCA,130363,always_consecutive,802,1.4523323499785896,0.012468827930174564,156.36332941060664,216.10991627783028
891_LCA,891,LCA,130363,rescued,35,46.88712153447662,0.6571428571428571,583.913661910998,583.913661910998
891_LCA,891,LCA,130363,sacrificed,13,0.9194962460954057,0.0,-0.4556293730328151,0.41145693484995727
891_LCA,891,LCA,130363,always_nonconsecutive,4,133.86246090592434,1.0,169.19165993733827,169.19165993733827
891_LCA,891,LCA,155921,always_consecutive,802,1.4562371010617465,0.011221945137157107,157.7131331111622,219.31296943509537
891_LCA,891,LCA,155921,rescued,35,38.92471316878857,0.6857142857142857,482.5920084499841,482.5920084499841
891_LCA,891,LCA,155921,sacrificed,13,0.9447594802541498,0.0,-0.3126463320907592,0.5458645910239854
891_LCA,891,LCA,155921,always_nonconsecutive,4,115.91313686507512,1.0,146.33436895749736,146.33436895749736
891_LCA,891,LCA,181081,always_consecutive,802,1.2574143417926826,0.00997506234413965,88.98360579925108,155.08161553818704
891_LCA,891,LCA,181081,rescued,35,58.35996577022776,0.7142857142857143,729.9056149080634,729.9056149080634
891_LCA,891,LCA,181081,sacrificed,13,0.8587156022320332,0.0,-0.7996313022946341,0.32421318507897795
891_LCA,891,LCA,181081,always_nonconsecutive,4,126.44920372795393,1.0,159.7513614592655,159.7513614592655
891_LCA,891,LCA,205019,always_consecutive,802,1.3405109894160572,0.012468827930174564,117.7086538438268,168.96725469326856
891_LCA,891,LCA,205019,rescued,35,53.818334598914106,0.6857142857142857,672.1133542560544,672.1133542560544
891_LCA,891,LCA,205019,sacrificed,13,0.9518816127239385,0.0,-0.27233699750106827,0.4198057892783244
891_LCA,891,LCA,205019,always_nonconsecutive,4,128.88285859803113,1.0,162.85046187013702,162.85046187013702
891_RCA,891,RCA,104729,always_consecutive,417,1.1072827230599267,0.009592326139088728,19.39284553023844,60.07682048520267
891_RCA,891,RCA,104729,rescued,14,24.426046781129106,0.8571428571428571,136.9538868825138,136.9538868825138
891_RCA,891,RCA,104729,sacrificed,7,0.7906387783704858,0.0,-0.6322138542269717,0.0759615063932022
891_RCA,891,RCA,104729,always_nonconsecutive,6,27.675900101352948,0.8333333333333334,65.02602483449022,65.02602483449022
891_RCA,891,RCA,130363,always_consecutive,417,0.9949669025475248,0.004796163069544364,-0.9098024234523692,38.40873760693268
891_RCA,891,RCA,130363,rescued,14,25.177820988659082,0.9285714285714286,141.3489263333097,141.3489263333097
891_RCA,891,RCA,130363,sacrificed,7,1.1503321917500435,0.0,0.45396226493591085,0.9122258181753569
891_RCA,891,RCA,130363,always_nonconsecutive,6,22.048170115743837,1.0,51.307690742083594,51.307690742083594
891_RCA,891,RCA,155921,always_consecutive,417,1.3370830841150438,0.011990407673860911,60.93245952983453,102.91085055690378
891_RCA,891,RCA,155921,rescued,14,34.57337152006404,0.9285714285714286,196.27740729722234,196.27740729722234
891_RCA,891,RCA,155921,sacrificed,7,0.8373635374931511,0.0,-0.4911178106385319,0.0517434990503986
891_RCA,891,RCA,155921,always_nonconsecutive,6,55.82537964120639,1.0,133.64409390364406,133.64409390364406
891_RCA,891,RCA,181081,always_consecutive,417,1.1447821181683655,0.014388489208633094,26.171383174264513,59.99484735000291
891_RCA,891,RCA,181081,rescued,14,41.07219041911802,0.9285714285714286,234.2709499844142,234.2709499844142
891_RCA,891,RCA,181081,sacrificed,7,0.778313053553532,0.0,-0.6694341853466341,0.07563330883153835
891_RCA,891,RCA,181081,always_nonconsecutive,6,44.532521657240515,0.6666666666666666,106.11626313026024,106.11626313026024
891_RCA,891,RCA,205019,always_consecutive,417,1.0804582744201883,0.011990407673860911,14.54395305186906,54.93285706991322
891_RCA,891,RCA,205019,rescued,14,40.202570395860384,0.8571428571428571,229.1869576485014,229.1869576485014
891_RCA,891,RCA,205019,sacrificed,7,0.7711390512255983,0.0,-0.6910977180040915,0.018932619358880576
891_RCA,891,RCA,205019,always_nonconsecutive,6,43.555104914477724,0.6666666666666666,103.73368090634055,103.73368090634055
899_LCA,899,LCA,104729,always_consecutive,491,1.3547184471054163,0.014256619144602852,82.11857290623803,126.6048258656169
899_LCA,899,LCA,104729,rescued,8,93.49523713304824,0.875,299.21467084659395,299.21467084659395
899_LCA,899,LCA,104729,sacrificed,6,0.7930445762984024,0.0,-0.6606716775291146,0.01042299000258895
899_LCA,899,LCA,104729,always_nonconsecutive,1,81.94151579086162,1.0,28.32956140353946,28.32956140353946
899_LCA,899,LCA,130363,always_consecutive,491,2.673988720593915,0.04073319755600815,387.5342991548986,395.9522902242562
899_LCA,899,LCA,130363,rescued,8,43.366765380779455,1.0,137.05308674445718,137.05308674445718
899_LCA,899,LCA,130363,sacrificed,6,2.1202788530761025,0.0,3.576308829815257,3.7200017360242126
899_LCA,899,LCA,130363,always_nonconsecutive,1,26.90687784396411,1.0,9.067417128077047,9.067417128077047
899_LCA,899,LCA,155921,always_consecutive,491,1.8383315605171011,0.018329938900203666,194.0767161496537,221.63472500502598
899_LCA,899,LCA,155921,rescued,8,86.61204697941638,1.0,276.94810296666145,276.94810296666145
899_LCA,899,LCA,155921,sacrificed,6,1.2331297189051502,0.0,0.7442288765190141,0.8381789016052819
899_LCA,899,LCA,155921,always_nonconsecutive,1,86.75426074010988,1.0,30.014023971692858,30.014023971692858
899_LCA,899,LCA,181081,always_consecutive,491,1.6715949010372029,0.020366598778004074,155.4765907843848,187.6359854013033
899_LCA,899,LCA,181081,rescued,8,50.3912378386714,0.875,159.7766915430023,159.7766915430023
899_LCA,899,LCA,181081,sacrificed,6,0.8652090119687149,0.0,-0.43029840235952505,0.15065300919130653
899_LCA,899,LCA,181081,always_nonconsecutive,1,106.12525217071598,1.0,36.793878361851796,36.793878361851796
899_LCA,899,LCA,205019,always_consecutive,491,1.5268804490038828,0.014256619144602852,121.97468419661479,166.37877135348708
899_LCA,899,LCA,205019,rescued,8,84.22183981416026,0.875,269.21597456335206,269.21597456335206
899_LCA,899,LCA,205019,sacrificed,6,0.7540788451429002,0.0,-0.7850634644569745,0.0
899_LCA,899,LCA,205019,always_nonconsecutive,1,98.01080445249109,1.0,33.95381856505693,33.95381856505693
899_RCA,899,RCA,104729,always_consecutive,598,1.2767717607881428,0.011705685618729096,79.97021580596684,136.26081634165243
899_RCA,899,RCA,104729,rescued,8,32.09672212778502,0.75,116.53076300805304,116.53076300805304
899_RCA,899,RCA,104729,sacrificed,5,0.8813415185821522,0.0,-0.2856591585116585,0.09063978919496635
899_RCA,899,RCA,104729,always_nonconsecutive,2,16.795537033961374,1.0,11.056827719619417,11.056827719619417
899_RCA,899,RCA,130363,always_consecutive,598,1.4274220553980197,0.010033444816053512,123.49899394748486,178.26842349964485
899_RCA,899,RCA,130363,rescued,8,33.03151186937699,0.75,120.03376121449365,120.03376121449365
899_RCA,899,RCA,130363,sacrificed,5,0.8727528658183578,0.0,-0.3063355340386193,0.15941172294105144
899_RCA,899,RCA,130363,always_nonconsecutive,2,14.839876248748473,1.0,9.687871138173465,9.687871138173465
899_RCA,899,RCA,155921,always_consecutive,598,1.294013327266308,0.015050167224080268,84.95198052128839,137.0524168724269
899_RCA,899,RCA,155921,rescued,8,56.01904416031726,0.75,206.17643138171525,206.17643138171525
899_RCA,899,RCA,155921,sacrificed,5,0.7727838600603911,0.0,-0.5470015338124257,0.0
899_RCA,899,RCA,155921,always_nonconsecutive,2,16.89535523694246,1.0,11.126700157085196,11.126700157085196
899_RCA,899,RCA,181081,always_consecutive,598,1.3955716120914639,0.013377926421404682,114.29615180243421,168.74889380597736
899_RCA,899,RCA,181081,rescued,8,32.879032702756625,0.625,119.46236614731944,119.46236614731944
899_RCA,899,RCA,181081,sacrificed,5,0.9258876874603174,0.0,-0.1784184373714257,0.16282653167298855
899_RCA,899,RCA,181081,always_nonconsecutive,2,33.21639549128089,1.0,22.551378527259992,22.551378527259992
899_RCA,899,RCA,205019,always_consecutive,598,1.3492707125825636,0.013377926421404682,100.91800615927588,154.00526957901792
899_RCA,899,RCA,205019,rescued,8,58.69383453894044,0.75,216.19984678951022,216.19984678951022
899_RCA,899,RCA,205019,sacrificed,5,0.9800777184819264,0.0,-0.04796102314882006,0.31794084114829646
899_RCA,899,RCA,205019,always_nonconsecutive,2,17.18450499745645,1.0,11.329104107029949,11.329104107029949
908_RCA,908,RCA,104729,always_consecutive,537,1.4859918001272008,0.01675977653631285,123.68338571554602,173.04427677127512
908_RCA,908,RCA,104729,rescued,5,63.49136719223051,0.8,159.3240162747749,159.3240162747749
908_RCA,908,RCA,104729,sacrificed,5,0.7308044765108687,0.0,-0.7253068770802187,0.0
908_RCA,908,RCA,130363,always_consecutive,537,1.528324931923131,0.0186219739292365,134.4570347094028,184.89870298692162
908_RCA,908,RCA,130363,rescued,5,66.80339628372161,0.8,167.76815505080828,167.76815505080828
908_RCA,908,RCA,130363,sacrificed,5,0.8057788769173426,0.0,-0.5232996240807941,0.0
908_RCA,908,RCA,155921,always_consecutive,537,1.4872168891706907,0.01303538175046555,123.99516702679907,177.06544467603484
908_RCA,908,RCA,155921,rescued,5,62.91435484605167,0.8,157.85290228633306,157.85290228633306
908_RCA,908,RCA,155921,sacrificed,5,0.8000336481791581,0.0,-0.5387792793892986,0.01243625058595399
908_RCA,908,RCA,181081,always_consecutive,537,1.548209641411817,0.01675977653631285,139.51763077889836,191.12825037190999
908_RCA,908,RCA,181081,rescued,5,63.28270365984677,0.6,158.79202100049653,158.79202100049653
908_RCA,908,RCA,181081,sacrificed,5,0.5956637428220747,0.0,-1.089423271913605,0.0
908_RCA,908,RCA,205019,always_consecutive,537,1.4727393269594815,0.0111731843575419,120.31067294537392,171.53660533172257
908_RCA,908,RCA,205019,rescued,5,62.591582682360546,0.8,157.02998290127977,157.02998290127977
908_RCA,908,RCA,205019,sacrificed,5,0.7964039978800235,0.0,-0.5485588265720913,0.044045269707899515
921_LCA,921,LCA,104729,always_consecutive,1180,1.2056364431149078,0.00847457627118644,114.61006562839611,215.07863594243298
921_LCA,921,LCA,104729,rescued,59,72.67513262714905,0.7966101694915254,1756.5347217000985,1756.5347217000985
921_LCA,921,LCA,104729,sacrificed,18,0.9157757071110305,0.0,-0.7850364712088658,0.4821547686973728
921_LCA,921,LCA,104729,always_nonconsecutive,9,62.473438958705025,0.8888888888888888,229.28930643525044,229.28930643525044
921_LCA,921,LCA,130363,always_consecutive,1180,1.6512186570333414,0.013559322033898305,362.95226609867586,449.8144162502836
921_LCA,921,LCA,130363,rescued,59,65.71559956562162,0.7966101694915254,1585.9781978219373,1585.9781978219373
921_LCA,921,LCA,130363,sacrificed,18,0.8810045434658657,0.0,-1.10913098920987,0.6411626202876248
921_LCA,921,LCA,130363,always_nonconsecutive,9,47.37997093665,0.8888888888888888,172.99229632647132,172.99229632647132
921_LCA,921,LCA,155921,always_consecutive,1180,1.5874634873124203,0.00847457627118644,327.41875815047024,420.90730341637135
921_LCA,921,LCA,155921,rescued,59,76.53566933996345,0.8135593220338984,1851.144477300159,1851.144477300159
921_LCA,921,LCA,155921,sacrificed,18,0.8433755509589668,0.0,-1.4598627137457187,0.12322112068508079
921_LCA,921,LCA,155921,always_nonconsecutive,9,57.439379000830435,0.8888888888888888,210.51280497630475,210.51280497630475
921_LCA,921,LCA,181081,always_consecutive,1180,1.3243005390213758,0.009322033898305085,180.74668817236312,292.55312107593113
921_LCA,921,LCA,181081,rescued,59,65.68937791569783,0.7796610169491526,1585.3355866838317,1585.4125170534878
921_LCA,921,LCA,181081,sacrificed,18,0.8015235136280853,0.0,-1.8499565283942925,0.10601908209860544
921_LCA,921,LCA,181081,always_nonconsecutive,9,57.43260621366566,0.8888888888888888,210.48754320963042,210.48754320963042
921_LCA,921,LCA,205019,always_consecutive,1180,1.487553418713931,0.00847457627118644,271.73456450483377,378.93921117216973
921_LCA,921,LCA,205019,rescued,59,55.40059030846713,0.8135593220338984,1333.1893818025464,1333.1893818025464
921_LCA,921,LCA,205019,sacrificed,18,0.8184288585098798,0.0,-1.6923854543566876,0.16016145858390501
921_LCA,921,LCA,205019,always_nonconsecutive,9,53.58850118471122,0.8888888888888888,196.14944547370723,196.14944547370723
921_RCA,921,RCA,104729,always_consecutive,341,1.491575379465311,0.005865102639296188,76.05631388283524,99.34003504528218
921_RCA,921,RCA,104729,rescued,7,21.993181405698568,0.7142857142857143,65.9425099255321,66.00084685923756
921_RCA,921,RCA,104729,sacrificed,7,0.7191454333839178,0.0,-0.9854080343574251,0.0
921_RCA,921,RCA,130363,always_consecutive,341,1.3258570265275955,0.005865102639296188,50.41644745810356,75.43440905000406
921_RCA,921,RCA,130363,rescued,7,19.51738300091084,0.8571428571428571,58.1656819295136,58.1656819295136
921_RCA,921,RCA,130363,sacrificed,7,0.8961294970778851,0.0,-0.36444067598912677,0.25379886776902894
921_RCA,921,RCA,155921,always_consecutive,341,1.6035823473518835,0.01466275659824047,93.38597981507084,116.39251273095475
921_RCA,921,RCA,155921,rescued,7,56.36714276793121,0.8571428571428571,173.91591540916158,173.91591540916158
921_RCA,921,RCA,155921,sacrificed,7,0.898908646572397,0.0,-0.3546897352315361,0.28208611132241823
921_RCA,921,RCA,181081,always_consecutive,341,1.7300968169833784,0.008797653958944282,112.9602396640477,134.40543946372293
921_RCA,921,RCA,181081,rescued,7,58.25477649735101,0.8571428571428571,179.84523615062128,179.84523615062128
921_RCA,921,RCA,181081,sacrificed,7,0.7933308018771197,0.0,-0.7251208009121659,0.16373074419492328
921_RCA,921,RCA,205019,always_consecutive,341,1.7214095058100372,0.008797653958944282,111.61614292324636,135.27830872126657
921_RCA,921,RCA,205019,rescued,7,29.990979190944984,0.8571428571428571,91.06470792134658,91.06470792134658
921_RCA,921,RCA,205019,sacrificed,7,0.8332727046531485,0.0,-0.5849803987914328,0.12087732520844968
927_LCA,927,LCA,104729,always_consecutive,1072,1.3411943361870424,0.016791044776119403,173.37829864193452,285.3635389626826
927_LCA,927,LCA,104729,rescued,40,56.12284434897458,0.775,1040.8171130060562,1040.8171130060562
927_LCA,927,LCA,104729,sacrificed,16,0.8326739790388599,0.0,-1.3697057128481989,0.6450599938957502
927_LCA,927,LCA,104729,always_nonconsecutive,10,66.8629306480186,1.0,287.8106676219535,287.8106676219535
927_LCA,927,LCA,130363,always_consecutive,1072,1.4733599441047804,0.013992537313432836,240.53840597499604,334.32197938726847
927_LCA,927,LCA,130363,rescued,40,55.3212636879362,0.825,1025.68184777588,1025.7723311341663
927_LCA,927,LCA,130363,sacrificed,16,1.845738599395578,0.0625,6.923089334906184,8.607154039545026
927_LCA,927,LCA,130363,always_nonconsecutive,10,79.83990750203951,1.0,344.518019319228,344.518019319228
927_LCA,927,LCA,155921,always_consecutive,1072,1.626949428777973,0.020522388059701493,318.5850811909985,422.5244767818426
927_LCA,927,LCA,155921,rescued,40,63.01720776906563,0.85,1170.9949279512534,1170.9949279512534
927_LCA,927,LCA,155921,sacrificed,16,0.964353496935412,0.0,-0.291796927998223,0.5497700130620425
927_LCA,927,LCA,155921,always_nonconsecutive,10,109.01376031419177,1.0,472.0031763317902,472.0031763317902
927_LCA,927,LCA,181081,always_consecutive,1072,1.5008383196379285,0.017723880597014924,254.50157445142014,369.0813164244254
927_LCA,927,LCA,181081,rescued,40,79.28614067580435,0.775,1478.1812493333796,1478.3804162619542
927_LCA,927,LCA,181081,sacrificed,16,1.078823106475108,0.0,0.6452341281005596,2.3818031722973627
927_LCA,927,LCA,181081,always_nonconsecutive,10,133.14185746737675,1.0,577.439173208653,577.439173208653
927_LCA,927,LCA,205019,always_consecutive,1072,1.4754095559602822,0.017723880597014924,241.57991862246413,354.0932082982636
927_LCA,927,LCA,205019,rescued,40,61.095277468614526,0.75,1134.7054735455577,1134.7054735455577
927_LCA,927,LCA,205019,sacrificed,16,0.7071358309307825,0.0,-2.3973421656623772,0.0749104484137198
927_LCA,927,LCA,205019,always_nonconsecutive,10,65.23943760781233,1.0,280.7162578958138,280.7162578958138
927_RCA,927,RCA,104729,always_consecutive,372,1.0917564159034379,0.002688172043010753,15.950299869540078,60.365808603196484
927_RCA,927,RCA,104729,rescued,2,52.69645521911507,0.5,56.92775540573528,56.92775540573528
927_RCA,927,RCA,104729,sacrificed,2,0.7491364941788736,0.0,-0.21197347376801023,0.0
927_RCA,927,RCA,130363,always_consecutive,372,1.217785520985249,0.008064516129032258,37.8583266658369,83.1122938674259
927_RCA,927,RCA,130363,rescued,2,44.939557638763844,0.5,48.38591697039326,48.38591697039326
927_RCA,927,RCA,130363,sacrificed,2,1.0601103390803395,0.0,0.05079175363720628,0.14829111481240198
927_RCA,927,RCA,155921,always_consecutive,372,1.0417561392073176,0.002688172043010753,7.258598052171969,54.156366260743596
927_RCA,927,RCA,155921,rescued,2,56.20276509864206,0.5,60.78887799823016,60.78887799823016
927_RCA,927,RCA,155921,sacrificed,2,0.46790663210800226,0.0,-0.449605769447427,0.0
927_RCA,927,RCA,181081,always_consecutive,372,1.2589988830346197,0.010752688172043012,45.022572095945904,82.82456246756884
927_RCA,927,RCA,181081,rescued,2,42.95350386280958,1.0,46.198889192551434,46.198889192551434
927_RCA,927,RCA,181081,sacrificed,2,0.7311365880776083,0.0,-0.22718295037679123,0.0
927_RCA,927,RCA,205019,always_consecutive,372,1.323065738202384,0.008064516129032258,56.15951049488736,98.97922086355037
927_RCA,927,RCA,205019,rescued,2,43.973073088881875,1.0,47.32163130852531,47.32163130852531
927_RCA,927,RCA,205019,sacrificed,2,0.8096222643136911,0.0,-0.16086449015142684,0.0
946_LCA,946,LCA,104729,always_consecutive,720,1.746889685888138,0.018055555555555554,249.7450221436345,290.5481875856311
946_LCA,946,LCA,104729,rescued,17,72.40551661139244,0.8823529411764706,609.5079531143853,609.5079531143853
946_LCA,946,LCA,104729,sacrificed,13,0.916329131741338,0.0,-0.5634953696828373,0.5441414929372015
946_LCA,946,LCA,104729,always_nonconsecutive,3,62.24195254765669,0.6666666666666666,97.7521915747299,97.7521915747299
946_LCA,946,LCA,130363,always_consecutive,720,1.5904086461054765,0.020833333333333332,197.4208818000593,255.68672814075163
946_LCA,946,LCA,130363,rescued,17,48.262550373399186,0.8235294117647058,403.42681776018463,403.42681776018463
946_LCA,946,LCA,130363,sacrificed,13,0.8371135684373101,0.0,-1.0969857476079685,0.7338694691251963
946_LCA,946,LCA,130363,always_nonconsecutive,3,35.56716254159168,0.6666666666666666,55.1748557058341,55.1748557058341
946_LCA,946,LCA,155921,always_consecutive,720,1.475000414626709,0.02361111111111111,158.8306697904384,226.26320149325454
946_LCA,946,LCA,155921,rescued,17,59.011808203250375,0.9411764705882353,495.18104696109873,495.18104696109873
946_LCA,946,LCA,155921,sacrificed,13,0.6334189755416969,0.0,-2.468800840661287,0.0
946_LCA,946,LCA,155921,always_nonconsecutive,3,43.828180927858725,0.6666666666666666,68.36079472808105,68.36079472808105
946_LCA,946,LCA,181081,always_consecutive,720,1.491944468962961,0.013888888888888888,164.49642379047947,225.91266070418652
946_LCA,946,LCA,181081,rescued,17,53.94072716963051,0.8823529411764706,451.8949765346341,451.8949765346341
946_LCA,946,LCA,181081,sacrificed,13,1.1530253572525337,0.07692307692307693,1.0305747036028614,2.6729289003839876
946_LCA,946,LCA,181081,always_nonconsecutive,3,80.18276924853564,0.6666666666666666,126.38867487082847,126.38867487082847
946_LCA,946,LCA,205019,always_consecutive,720,1.4741418240470723,0.013888888888888888,158.54357421611832,216.26328056672375
946_LCA,946,LCA,205019,rescued,17,72.20180976562713,0.8823529411764706,607.7691386853331,607.7691386853331
946_LCA,946,LCA,205019,sacrificed,13,0.7457380616632824,0.0,-1.7123692860028472,0.03352838473478692
946_LCA,946,LCA,205019,always_nonconsecutive,3,65.21624540224322,0.6666666666666666,102.49965034810336,102.49965034810336
946_RCA,946,RCA,104729,always_consecutive,414,1.1308219883505766,0.012077294685990338,24.88125761910744,72.17813203703776
946_RCA,946,RCA,104729,rescued,61,46.49592317434621,0.9508196721311475,1068.7383447632874,1068.8765331473508
946_RCA,946,RCA,104729,sacrificed,14,0.6680418535315252,0.0,-2.3887416945965114,0.059748885536065555
946_RCA,946,RCA,104729,always_nonconsecutive,10,48.029248228981544,1.0,178.23869605016688,178.23869605016688
946_RCA,946,RCA,130363,always_consecutive,414,0.9318298256456159,0.012077294685990338,-12.96540200494073,37.91474175182975
946_RCA,946,RCA,130363,rescued,61,37.25210873302954,0.9180327868852459,851.593197329894,851.593197329894
946_RCA,946,RCA,130363,sacrificed,14,0.9552594683655974,0.0,-0.3219489399205356,1.6442096008982403
946_RCA,946,RCA,130363,always_nonconsecutive,10,68.98689709214725,1.0,257.66722502558764,257.66722502558764
946_RCA,946,RCA,155921,always_consecutive,414,1.1693030258502057,0.014492753623188406,32.20003192876722,74.38110511704926
946_RCA,946,RCA,155921,rescued,61,54.144164452817044,0.9836065573770492,1248.402107008082,1248.402107008082
946_RCA,946,RCA,155921,sacrificed,14,0.8041108142931308,0.0,-1.4096013922134465,0.1266939527382948
946_RCA,946,RCA,155921,always_nonconsecutive,10,56.932591418391546,1.0,211.98195881381957,211.98195881381957
946_RCA,946,RCA,181081,always_consecutive,414,0.9513504612753388,0.00966183574879227,-9.252738941830199,38.30903470225212
946_RCA,946,RCA,181081,rescued,61,54.48707121873716,0.9344262295081968,1256.4572817105102,1256.4572817105102
946_RCA,946,RCA,181081,sacrificed,14,0.7685484683393583,0.0,-1.6655049133084154,0.6770327918359051
946_RCA,946,RCA,181081,always_nonconsecutive,10,99.9038886642005,1.0,374.84120656078244,374.84120656078244
946_RCA,946,RCA,205019,always_consecutive,414,1.277324522225921,0.00966183574879227,52.744824999203765,98.9052654589347
946_RCA,946,RCA,205019,rescued,61,42.64321749472276,0.9344262295081968,978.2349764697824,978.2349764697824
946_RCA,946,RCA,205019,sacrificed,14,0.7576363717723532,0.0,-1.744027402731775,0.14845715585475372
946_RCA,946,RCA,205019,always_nonconsecutive,10,77.18935132090863,1.0,288.75415074099084,288.75415074099084
948_LCA,948,LCA,104729,always_consecutive,936,1.473620618057812,0.01282051282051282,206.82806522739074,284.40728002137683
948_LCA,948,LCA,104729,rescued,10,70.71163706477859,0.9,292.17122391618756,292.17122391618756
948_LCA,948,LCA,104729,sacrificed,9,0.7290472337605456,0.0,-1.3184590728421692,0.21076713640532652
948_LCA,948,LCA,104729,always_nonconsecutive,1,4.04371792066825,0.0,1.0653024333201304,1.0653024333201304
948_LCA,948,LCA,130363,always_consecutive,936,1.4784719178354049,0.018162393162393164,208.94660675320577,288.07107748494025
948_LCA,948,LCA,130363,rescued,10,65.37878306604088,0.9,269.8204867167486,269.8204867167486
948_LCA,948,LCA,130363,sacrificed,9,0.7682876212707933,0.0,-1.1275149254441459,0.27780542524585716
948_LCA,948,LCA,130363,always_nonconsecutive,1,3.969227177204903,0.0,1.0392306446919954,1.0392306446919954
948_LCA,948,LCA,155921,always_consecutive,936,1.260130465369242,0.009615384615384616,113.5978435222045,187.99345233995078
948_LCA,948,LCA,155921,rescued,10,117.80289845202495,0.9,489.5372886735504,489.5372886735504
948_LCA,948,LCA,155921,sacrificed,9,16.685255636603475,0.1111111111111111,76.32462251982454,77.83362531843886
948_LCA,948,LCA,155921,always_nonconsecutive,1,3.2060942194248034,0.0,0.7721338183568398,0.7721338183568398
948_LCA,948,LCA,181081,always_consecutive,936,1.5768522232971676,0.010683760683760684,251.9088585204048,316.1920980913954
948_LCA,948,LCA,181081,rescued,10,81.56504541930262,0.9,337.6593767715967,337.6593767715967
948_LCA,948,LCA,181081,sacrificed,9,0.7258329582301428,0.0,-1.3340997721215737,0.24912373202260935
948_LCA,948,LCA,181081,always_nonconsecutive,1,5.831756807806656,1.0,1.6911167259012778,1.6911167259012778
948_LCA,948,LCA,205019,always_consecutive,936,1.460838963278599,0.008547008547008548,201.24637214310388,281.85966931546784
948_LCA,948,LCA,205019,rescued,10,72.09656118232641,0.9,297.9756346500653,297.9756346500653
948_LCA,948,LCA,205019,sacrificed,9,0.7755317069153643,0.0,-1.092265126835005,0.16805111875403272
948_LCA,948,LCA,205019,always_nonconsecutive,1,3.3432660260740805,0.0,0.8201440030109783,0.8201440030109783
948_RCA,948,RCA,104729,always_consecutive,1027,1.2259224880820678,0.010710808179162609,105.00877380810086,199.40975174905458
948_RCA,948,RCA,104729,rescued,17,47.06983186308776,0.9411764705882353,349.6008159345156,349.6008159345156
948_RCA,948,RCA,104729,sacrificed,14,0.6528415708340317,0.0,-2.575362593198673,0.13568121655712834
948_RCA,948,RCA,104729,always_nonconsecutive,2,15.591269405779922,0.5,16.067753625798467,16.067753625798467
948_RCA,948,RCA,130363,always_consecutive,1027,1.3213669196819189,0.016553067185978577,149.37134618500727,241.56525909825368
948_RCA,948,RCA,130363,rescued,17,40.828605897400934,0.9411764705882353,302.2392866691132,302.2392866691132
948_RCA,948,RCA,130363,sacrificed,14,0.7507637352186255,0.0,-1.8489361031174814,0.062046579883857256
948_RCA,948,RCA,130363,always_nonconsecutive,2,18.798379726545463,0.5,19.59939004835699,19.59939004835699
948_RCA,948,RCA,155921,always_consecutive,1027,1.4031698523323028,0.018500486854917234,187.39334976883413,276.5110116890267
948_RCA,948,RCA,155921,rescued,17,64.63241232226373,0.9411764705882353,482.87441842323943,482.87441842323943
948_RCA,948,RCA,155921,sacrificed,14,0.7337602743555673,0.0,-1.9750746997427782,0.031665101865668066
948_RCA,948,RCA,155921,always_nonconsecutive,2,17.337875037424194,0.5,17.99109752345658,17.99109752345658
948_RCA,948,RCA,181081,always_consecutive,1027,1.2098624809471863,0.01557935735150925,97.54408239601504,194.67291351425874
948_RCA,948,RCA,181081,rescued,17,52.341688983549496,0.9411764705882353,389.6062918885163,389.6062918885163
948_RCA,948,RCA,181081,sacrificed,14,0.767940057438333,0.0,-1.7215151505580553,0.2572821229986543
948_RCA,948,RCA,181081,always_nonconsecutive,2,15.784654668087628,0.5,16.280707458889218,16.280707458889218
948_RCA,948,RCA,205019,always_consecutive,1027,1.2496940975668638,0.016553067185978577,116.057818038424,207.29805034630456
948_RCA,948,RCA,205019,rescued,17,54.6714855650455,0.9411764705882353,407.28594803037083,407.28594803037083
948_RCA,948,RCA,205019,sacrificed,14,0.8017276622032375,0.0,-1.470864939833323,0.42310982751282844
948_RCA,948,RCA,205019,always_nonconsecutive,2,15.607644497290776,0.5,16.08578570571415,16.08578570571415
955_LCA,955,LCA,104729,always_consecutive,816,1.5878159509968057,0.014705882352941176,203.55158627101522,259.72820091991
955_LCA,955,LCA,104729,rescued,8,52.08075144727356,0.875,174.11342379997924,174.11342379997924
955_LCA,955,LCA,104729,sacrificed,6,0.7882815188993182,0.0,-0.509595592555996,0.11604207104047604
955_LCA,955,LCA,130363,always_consecutive,816,1.73903298527131,0.014705882352941176,255.91571001685253,302.28036769027324
955_LCA,955,LCA,130363,rescued,8,75.86431271036565,0.875,255.18187256679064,255.18187256679064
955_LCA,955,LCA,130363,sacrificed,6,0.9626070179155742,0.0,-0.09000300192824029,0.35952146974528776
955_LCA,955,LCA,155921,always_consecutive,816,1.7315041818496455,0.01838235294117647,253.30860165818405,300.96521019082115
955_LCA,955,LCA,155921,rescued,8,78.77945863639714,1.0,265.11841468249975,265.11841468249975
955_LCA,955,LCA,155921,sacrificed,6,1.0329247180465766,0.0,0.07924811813998167,0.32572533457347747
955_LCA,955,LCA,181081,always_consecutive,816,1.7046300657087106,0.01838235294117647,244.00251025177954,291.90919773917784
955_LCA,955,LCA,181081,rescued,8,58.692122531039935,1.0,196.64888819296021,196.64888819296021
955_LCA,955,LCA,181081,sacrificed,6,0.9673509495128744,0.0,-0.07858460037537007,0.46385456920778556
955_LCA,955,LCA,205019,always_consecutive,816,1.5998416773729918,0.014705882352941176,207.71590960348482,245.93010041928358
955_LCA,955,LCA,205019,rescued,8,79.45663877249827,1.0,267.42664525243583,267.42664525243583
955_LCA,955,LCA,205019,sacrificed,6,0.9814050070655427,0.0,-0.044757200192188706,0.09772694978948793
955_RCA,955,RCA,104729,always_consecutive,950,1.3094863699801154,0.011578947368421053,127.13811460294383,206.6711621074552
955_RCA,955,RCA,104729,rescued,41,36.78730549562007,0.7804878048780488,605.7317488359126,605.8285544959465
955_RCA,955,RCA,104729,sacrificed,26,0.7092726275538853,0.0,-3.523559515664229,0.004631322270899907
955_RCA,955,RCA,104729,always_nonconsecutive,6,12.696560511788693,0.6666666666666666,25.427134140186133,25.427134140186133
955_RCA,955,RCA,130363,always_consecutive,950,1.3119990164615032,0.008421052631578947,128.1703188202989,181.13125528738772
955_RCA,955,RCA,130363,rescued,41,53.62643197937336,0.8292682926829268,890.7488349957347,890.7488349957347
955_RCA,955,RCA,130363,sacrificed,26,5.431358579737563,0.07692307692307693,53.70720878319998,55.320616829813495
955_RCA,955,RCA,130363,always_nonconsecutive,6,37.70401957330172,0.8333333333333334,79.79080929250364,79.79080929250364
955_RCA,955,RCA,155921,always_consecutive,950,1.3840083716400142,0.009473684210526316,157.7520210831735,226.87744928606537
955_RCA,955,RCA,155921,rescued,41,41.19229520012577,0.8048780487804879,680.2900895760667,680.2900895760667
955_RCA,955,RCA,155921,sacrificed,26,0.8014350399809038,0.0,-2.4065689049711065,0.21298511778751672
955_RCA,955,RCA,155921,always_nonconsecutive,6,14.715201544933967,0.6666666666666666,29.815454645084664,29.815454645084664
955_RCA,955,RCA,181081,always_consecutive,950,1.4418625661491824,0.008421052631578947,181.5187323998632,248.7832513230078
955_RCA,955,RCA,181081,rescued,41,46.81714179700339,0.8048780487804879,775.4955854600025,775.4955854600025
955_RCA,955,RCA,181081,sacrificed,26,0.8521348122418204,0.0,-1.7920974725466536,0.8803158221450429
955_RCA,955,RCA,181081,always_nonconsecutive,6,11.878136197443089,0.8333333333333334,23.647962835640545,23.647962835640545
955_RCA,955,RCA,205019,always_consecutive,950,1.5806914858306067,0.015789473684210527,238.5501522384618,301.06533651439327
955_RCA,955,RCA,205019,rescued,41,37.72994697561055,0.7804878048780488,621.6867883196701,621.6867883196701
955_RCA,955,RCA,205019,sacrificed,26,0.9080008437500716,0.0,-1.1150119774071097,0.7945301590698312
955_RCA,955,RCA,205019,always_nonconsecutive,6,17.47679056948117,0.8333333333333334,35.81886859711399,35.81886859711399
959_LCA,959,LCA,104729,always_consecutive,612,1.692750581819959,0.011437908496732025,202.6603787954125,245.92671751356514
959_LCA,959,LCA,104729,rescued,6,66.03644386139334,1.0,172.09692493647628,172.09692493647628
959_LCA,959,LCA,104729,sacrificed,5,0.7966899517213749,0.0,-0.5415420426737274,0.05132048397003497
959_LCA,959,LCA,104729,always_nonconsecutive,1,162.44547514363947,1.0,56.5059009036335,56.5059009036335
959_LCA,959,LCA,130363,always_consecutive,612,1.297928959413297,0.006535947712418301,87.15748113873653,152.68197923619118
959_LCA,959,LCA,130363,rescued,6,41.04389765697822,1.0,105.96261480600081,105.96261480600081
959_LCA,959,LCA,130363,sacrificed,5,0.7102843129458343,0.0,-0.7716943962696909,0.0
959_LCA,959,LCA,130363,always_nonconsecutive,1,35.22929738999803,1.0,11.980250822139132,11.980250822139132
959_LCA,959,LCA,155921,always_consecutive,612,1.3505196931273105,0.004901960784313725,102.5426115093388,157.54916306064084
959_LCA,959,LCA,155921,rescued,6,34.39199732889819,1.0,88.36061316694651,88.36061316694651
959_LCA,959,LCA,155921,sacrificed,5,0.8290325897142774,0.0,-0.45539333338745486,0.0005471265011248172
959_LCA,959,LCA,155921,always_nonconsecutive,1,54.33411095502949,1.0,18.66693374792314,18.66693374792314
959_LCA,959,LCA,181081,always_consecutive,612,1.310119409805655,0.004901960784313725,90.72373046286053,153.62535862407634
959_LCA,959,LCA,181081,rescued,6,55.92909448940891,0.8333333333333334,145.35124754543887,145.35124754543887
959_LCA,959,LCA,181081,sacrificed,5,0.6954648331438587,0.0,-0.811167956141781,0.1469685430076737
959_LCA,959,LCA,181081,always_nonconsecutive,1,83.17952766174837,1.0,28.76282684436144,28.76282684436144
959_LCA,959,LCA,205019,always_consecutive,612,1.4932066419155583,0.008169934640522876,144.2848948786558,202.0795121029808
959_LCA,959,LCA,205019,rescued,6,40.84222821996272,1.0,105.4289649336615,105.4289649336615
959_LCA,959,LCA,205019,sacrificed,5,0.8546538061251587,0.0,-0.3871479810873098,0.12048360008073267
959_LCA,959,LCA,205019,always_nonconsecutive,1,70.05123248076784,1.0,24.16792478303005,24.16792478303005
971_LCA,971,LCA,104729,always_consecutive,884,1.4699106879793256,0.013574660633484163,195.18818726204813,277.06879106272834
971_LCA,971,LCA,104729,rescued,29,51.88276253428937,0.7586206896551724,709.2770540753231,709.2770540753231
971_LCA,971,LCA,104729,sacrificed,16,0.7806603866770347,0.0,-1.8516814019878334,0.0618542990641095
971_LCA,971,LCA,104729,always_nonconsecutive,8,75.47126035318665,1.0,249.19326556104485,249.19326556104485
971_LCA,971,LCA,130363,always_consecutive,884,1.5703550140083318,0.01809954751131222,236.91004296757828,307.9749135902275
971_LCA,971,LCA,130363,rescued,29,44.02342829669991,0.6551724137931034,599.7223609457154,599.7223609457154
971_LCA,971,LCA,130363,sacrificed,16,0.884304000483345,0.0,-0.9767142712791173,0.37515983744437753
971_LCA,971,LCA,130363,always_nonconsecutive,8,78.92693879338434,1.0,260.7565423359747,260.7565423359747
971_LCA,971,LCA,155921,always_consecutive,884,1.4599409219596697,0.01583710407239819,191.04701617021482,282.85434747864076
971_LCA,971,LCA,155921,rescued,29,28.592054899251643,0.6551724137931034,384.61770627405485,384.61770627405485
971_LCA,971,LCA,155921,sacrificed,16,0.7000424407564126,0.0,-2.5322641242153603,0.011502031662302348
971_LCA,971,LCA,155921,always_nonconsecutive,8,47.504144446682275,1.0,155.61062833946534,155.61062833946534
971_LCA,971,LCA,181081,always_consecutive,884,1.7957005915260364,0.016968325791855202,330.51249957979155,387.7826868846046
971_LCA,971,LCA,181081,rescued,29,55.38619111447954,0.7586206896551724,758.1128754567983,758.1128754567983
971_LCA,971,LCA,181081,sacrificed,16,0.9706362230352734,0.0,-0.24789119883074973,1.0166325045200675
971_LCA,971,LCA,181081,always_nonconsecutive,8,91.10494950916319,1.0,301.5061985645667,301.5061985645667
971_LCA,971,LCA,205019,always_consecutive,884,1.5594416133864064,0.016968325791855202,232.3769115901709,307.6145133364448
971_LCA,971,LCA,205019,rescued,29,35.887785218894734,0.7931034482758621,486.31607819238957,486.31607819238957
971_LCA,971,LCA,205019,sacrificed,16,0.7842492122739462,0.0,-1.8213842681864993,0.22296049515147925
971_LCA,971,LCA,205019,always_nonconsecutive,8,55.250621554947735,1.0,181.53163354399112,181.53163354399112
971_RCA,971,RCA,104729,always_consecutive,381,1.1204680563231895,0.0026246719160104987,20.86672579609656,47.95064584583154
971_RCA,971,RCA,104729,rescued,6,64.14184611490315,0.8333333333333334,199.44006376768954,199.44006376768954
971_RCA,971,RCA,104729,sacrificed,5,0.9619756237939531,0.0,-0.09154023967389846,0.27569777036076754
971_RCA,971,RCA,130363,always_consecutive,381,1.672694660506774,0.013123359580052493,116.51997594810605,139.70761193033138
971_RCA,971,RCA,130363,rescued,6,48.722468104417615,0.8333333333333334,150.73636055202593,150.73636055202593
971_RCA,971,RCA,130363,sacrificed,5,0.8949663498672469,0.0,-0.2528589937906097,0.3511224845415774
971_RCA,971,RCA,155921,always_consecutive,381,1.591914479282807,0.010498687664041995,102.52773648806729,128.99116928047647
971_RCA,971,RCA,155921,rescued,6,64.57455981480045,0.8333333333333334,200.80683482699024,200.80683482699024
971_RCA,971,RCA,155921,sacrificed,5,0.9973587568687095,0.0,-0.006358553470153239,0.40090807306360127
971_RCA,971,RCA,181081,always_consecutive,381,1.3427561855389796,0.013123359580052493,59.37008993795082,93.38483332605031
971_RCA,971,RCA,181081,rescued,6,61.57306260986245,0.8333333333333334,191.32629488740673,191.32629488740673
971_RCA,971,RCA,181081,sacrificed,5,0.8070053168033481,0.0,-0.46461720923117045,0.16524157595182287
971_RCA,971,RCA,205019,always_consecutive,381,1.7224954483358486,0.015748031496062992,125.14615798984984,148.67755010052286
971_RCA,971,RCA,205019,rescued,6,46.17810532996068,0.8333333333333334,142.6997270797896,142.6997270797896
971_RCA,971,RCA,205019,sacrificed,5,1.0602705968213464,0.0,0.1450959996928909,0.5054843775916622
974_LCA,974,LCA,104729,always_consecutive,1387,1.653178684112515,0.023071377072819033,427.3042515875827,562.7671825727498
974_LCA,974,LCA,104729,rescued,86,46.2267909709996,0.7790697674418605,1642.6496168108627,1642.6496168108627
974_LCA,974,LCA,104729,sacrificed,32,2.246265969596264,0.03125,20.042175581796382,23.768884605445002
974_LCA,974,LCA,104729,always_nonconsecutive,20,51.862865365572304,0.85,433.72081583421453,433.72081583421453
974_LCA,974,LCA,130363,always_consecutive,1387,1.4662241143932455,0.015861571737563085,305.0000729028267,431.16720767224626
974_LCA,974,LCA,130363,rescued,86,66.98536493191077,0.8023255813953488,2396.606791979353,2396.7416510630524
974_LCA,974,LCA,130363,sacrificed,32,0.9291383392246305,0.0,-1.139581663886511,1.1961989527984216
974_LCA,974,LCA,130363,always_nonconsecutive,20,68.08587512992607,0.9,572.0586184670285,572.0586184670285
974_LCA,974,LCA,155921,always_consecutive,1387,1.6444190975779107,0.02090843547224225,421.57380039646455,563.3872398805393
974_LCA,974,LCA,155921,rescued,86,39.873962717179396,0.7558139534883721,1411.9131291503866,1411.9131291503866
974_LCA,974,LCA,155921,sacrificed,32,0.9427343950875577,0.0,-0.9209328798609179,2.500412242752372
974_LCA,974,LCA,155921,always_nonconsecutive,20,47.03539533362139,0.85,392.555729565005,392.555729565005
974_LCA,974,LCA,181081,always_consecutive,1387,1.6371150330582946,0.024513338139870222,416.7955400229764,550.3913505514007
974_LCA,974,LCA,181081,rescued,86,64.92788733270577,0.813953488372093,2321.878633793242,2321.878633793242
974_LCA,974,LCA,181081,sacrificed,32,1.3885153089598397,0.03125,6.248017861637935,9.736081351572757
974_LCA,974,LCA,181081,always_nonconsecutive,20,68.1843747242153,0.9,572.8985499983611,572.8985499983611
974_LCA,974,LCA,205019,always_consecutive,1387,1.4984788208822497,0.018745493871665464,326.1008429550331,480.8332195712127
974_LCA,974,LCA,205019,rescued,86,55.12073121073655,0.8604651162790697,1965.6799979871575,1965.6799979871575
974_LCA,974,LCA,205019,sacrificed,32,1.6029694310396214,0.03125,9.696821948261103,14.828505025973886
974_LCA,974,LCA,205019,always_nonconsecutive,20,63.110066893709295,0.9,529.628613941422,529.628613941422
974_RCA,974,RCA,104729,always_consecutive,851,1.4628158572868188,0.011750881316098707,177.52938515313542,252.9209720252535
974_RCA,974,RCA,104729,rescued,16,53.35349592793544,0.8125,399.96486754799264,399.96486754799264
974_RCA,974,RCA,104729,sacrificed,13,0.5632279736416991,0.0,-3.1506003581811095,0.0
974_RCA,974,RCA,104729,always_nonconsecutive,2,5.287581013450689,0.5,4.721440656178123,4.721440656178123
974_RCA,974,RCA,130363,always_consecutive,851,1.4215440299503026,0.0199764982373678,161.69811659170122,223.02138320079376
974_RCA,974,RCA,130363,rescued,16,47.62546028237607,0.875,356.20440842908465,356.20440842908465
974_RCA,974,RCA,130363,sacrificed,13,0.6873865003419385,0.0,-2.2549983619760727,0.05647132789560977
974_RCA,974,RCA,130363,always_nonconsecutive,2,24.38212669936734,0.5,25.74816039159853,25.74816039159853
974_RCA,974,RCA,155921,always_consecutive,851,1.3671753935060165,0.011750881316098707,140.8431038526133,211.2630308530612
974_RCA,974,RCA,155921,rescued,16,40.553219686789596,0.8125,302.17463022716834,302.17463022716834
974_RCA,974,RCA,155921,sacrificed,13,0.7548013608431007,0.0,-1.768709701475976,0.0007555920091646406
974_RCA,974,RCA,155921,always_nonconsecutive,2,23.382225873604973,0.5,24.647079759864642,24.647079759864642
974_RCA,974,RCA,181081,always_consecutive,851,1.253080015800763,0.011750881316098707,97.0777878334698,165.57108552721823
974_RCA,974,RCA,181081,rescued,16,45.28395902547235,0.875,338.3160473276585,338.3160473276585
974_RCA,974,RCA,181081,sacrificed,13,0.6830004698314872,0.0,-2.286636444232479,0.03820440547887516
974_RCA,974,RCA,181081,always_nonconsecutive,2,28.913965820011207,0.5,30.73857559409661,30.73857559409661
974_RCA,974,RCA,205019,always_consecutive,851,1.1407840346544156,0.012925969447708578,54.00269398307834,135.85568760450317
974_RCA,974,RCA,205019,rescued,16,54.436229055321874,0.8125,408.23662102327233,408.23662102327233
974_RCA,974,RCA,205019,sacrificed,13,1.6830276659065655,0.07692307692307693,4.926934599716115,7.258241158159557
974_RCA,974,RCA,205019,always_nonconsecutive,2,39.48776251814577,0.5,42.38233310307847,42.38233310307847
979_LCA,979,LCA,104729,always_consecutive,1200,1.5284579654015376,0.011666666666666667,298.93988679930044,396.4893787888085
979_LCA,979,LCA,104729,rescued,47,83.1880485809552,0.8723404255319149,1672.6615503808753,1672.6615503808753
979_LCA,979,LCA,104729,sacrificed,21,0.9200971052240681,0.0,-0.8570599705593501,0.9088730069418985
979_LCA,979,LCA,104729,always_nonconsecutive,7,68.67434986317606,0.8571428571428571,202.53737376398504,202.53737376398504
979_LCA,979,LCA,130363,always_consecutive,1200,1.5261281892632708,0.0125,297.6219711643037,402.8796446835403
979_LCA,979,LCA,130363,rescued,47,76.33538177483481,0.851063829787234,1533.1985447240536,1533.1985447240536
979_LCA,979,LCA,130363,sacrificed,21,0.8328278959196964,0.0,-1.7931330148074553,0.3084875173762783
979_LCA,979,LCA,130363,always_nonconsecutive,7,61.56239982855926,0.8571428571428571,181.2525637101871,181.2525637101871
979_LCA,979,LCA,155921,always_consecutive,1200,1.3889778503425227,0.009166666666666667,220.03830420168856,332.21465096388135
979_LCA,979,LCA,155921,rescued,47,40.27250808560158,0.851063829787234,799.2599337250787,799.2599337250787
979_LCA,979,LCA,155921,sacrificed,21,3.899299852055638,0.047619047619047616,31.09867111590579,33.28576146109698
979_LCA,979,LCA,155921,always_nonconsecutive,7,35.890912248787956,0.8571428571428571,104.42233651873487,104.42233651873487
979_LCA,979,LCA,181081,always_consecutive,1200,1.5682695224718881,0.0125,321.46062287122527,428.4859352713419
979_LCA,979,LCA,181081,rescued,47,38.75117229052736,0.8297872340425532,768.298255797755,768.298255797755
979_LCA,979,LCA,181081,sacrificed,21,0.818178609264401,0.0,-1.9502652091379757,0.32760235642497815
979_LCA,979,LCA,181081,always_nonconsecutive,7,31.882025881951986,0.8571428571428571,92.42444783419191,92.42444783419191
979_LCA,979,LCA,205019,always_consecutive,1200,1.491221877447978,0.014166666666666666,277.8760507963216,383.3118189038472
979_LCA,979,LCA,205019,rescued,47,28.15234880444741,0.851063829787234,552.594819221117,552.594819221117
979_LCA,979,LCA,205019,sacrificed,21,0.6776345532651245,0.0,-3.4577786081808677,0.03126295140388724
979_LCA,979,LCA,205019,always_nonconsecutive,7,36.54989516271332,0.8571428571428571,106.39455596394016,106.39455596394016
979_RCA,979,RCA,104729,always_consecutive,434,1.9033264262027996,0.013824884792626729,183.91663806838082,200.1208076807991
979_RCA,979,RCA,104729,rescued,6,19.288496462802467,0.3333333333333333,50.37259416513396,50.37259416513396
979_RCA,979,RCA,104729,sacrificed,4,1.4609013779801332,0.0,0.9115203353557668,0.9115203353557668
979_RCA,979,RCA,104729,always_nonconsecutive,2,2.9317568348562593,0.0,1.9102073906088104,1.9102073906088104
979_RCA,979,RCA,130363,always_consecutive,434,1.2289807237388228,0.01152073732718894,46.62031760715304,86.28011676933741
979_RCA,979,RCA,130363,rescued,6,15.913790871924654,0.5,41.07753398881766,41.07753398881766
979_RCA,979,RCA,130363,sacrificed,4,0.8759241052407564,0.0,-0.24538373414320236,0.00946440740534843
979_RCA,979,RCA,130363,always_nonconsecutive,2,3.883867629244995,0.5,2.8516970456745936,2.8516970456745936
979_RCA,979,RCA,155921,always_consecutive,434,1.5538705664931731,0.016129032258064516,112.76766577355149,146.1772440194844
979_RCA,979,RCA,155921,rescued,6,12.377992727195679,0.3333333333333333,31.338771408934495,31.338771408934495
979_RCA,979,RCA,155921,sacrificed,4,1.3246987653973592,0.0,0.6421537050326676,0.6421537050326676
979_RCA,979,RCA,155921,always_nonconsecutive,2,3.368038023626903,0.0,2.3416217053588824,2.3416217053588824
979_RCA,979,RCA,181081,always_consecutive,434,1.9546793250065695,0.020737327188940093,194.37205288753586,211.60034330980557
979_RCA,979,RCA,181081,rescued,6,17.177647773744635,0.3333333333333333,44.558615712931456,44.558615712931456
979_RCA,979,RCA,181081,sacrificed,4,0.9698484309921384,0.0,-0.0596304754262057,0.25372630292718684
979_RCA,979,RCA,181081,always_nonconsecutive,2,2.933786838316134,0.0,1.9122147486478993,1.9122147486478993
979_RCA,979,RCA,205019,always_consecutive,434,1.4758551790989443,0.009216589861751152,96.88378664531297,127.3134515393773
979_RCA,979,RCA,205019,rescued,6,10.233103174110406,0.3333333333333333,25.431033109815523,25.431033109815523
979_RCA,979,RCA,205019,sacrificed,4,1.2388755694031826,0.0,0.47242197470729685,0.5696655047051578
979_RCA,979,RCA,205019,always_nonconsecutive,2,2.6923038768661405,0.0,1.6734256167320267,1.6734256167320267
9_LCA,9,LCA,104729,always_consecutive,946,1.130110708713696,0.006342494714587738,59.47915133456483,185.60247027874215
9_LCA,9,LCA,104729,rescued,18,55.86436460509275,0.7222222222222222,451.44870902044056,451.44870902044056
9_LCA,9,LCA,104729,sacrificed,14,0.7524345021091928,0.0,-1.7814581197993549,0.44237612643276036
9_LCA,9,LCA,104729,always_nonconsecutive,5,49.056079537518514,1.0,117.31173699973803,117.31173699973803
9_LCA,9,LCA,130363,always_consecutive,946,1.5172385943575772,0.011627906976744186,236.45181041607486,328.4021163254851
9_LCA,9,LCA,130363,rescued,18,83.70333556733861,0.7777777777777778,680.5203038858044,680.5203038858044
9_LCA,9,LCA,130363,sacrificed,14,0.6867611121926961,0.0,-2.2540376784141594,0.0003652184747756082
9_LCA,9,LCA,130363,always_nonconsecutive,5,107.91748607095973,1.0,261.00081669869087,261.00081669869087
9_LCA,9,LCA,155921,always_consecutive,946,1.605772958888949,0.008456659619450317,276.9246425013919,345.2331615918016
9_LCA,9,LCA,155921,rescued,18,85.71648466140158,0.7777777777777778,697.0854015793998,697.0854015793998
9_LCA,9,LCA,155921,sacrificed,14,0.9747506994370296,0.0,-0.1816916003658854,1.1411166642995245
9_LCA,9,LCA,155921,always_nonconsecutive,5,89.64651289272362,1.0,216.39876799138636,216.39876799138636
9_LCA,9,LCA,181081,always_consecutive,946,1.494181108988148,0.006342494714587738,225.91125095528068,288.06473587233563
9_LCA,9,LCA,181081,rescued,18,95.97968821384795,0.7777777777777778,781.5356641043728,781.7453635895387
9_LCA,9,LCA,181081,sacrificed,14,8.97206087912585,0.07142857142857142,57.36620290650316,58.12793637463501
9_LCA,9,LCA,181081,always_nonconsecutive,5,101.2077411803686,1.0,244.62137344165552,244.62137344165552
9_LCA,9,LCA,205019,always_consecutive,946,1.9881414295939919,0.009513742071881607,451.72157012920525,488.5618507645074
9_LCA,9,LCA,205019,rescued,18,103.16243822342209,0.8333333333333334,840.6385670975808,840.6385670975808
9_LCA,9,LCA,205019,sacrificed,14,1.7239477336579836,0.0,5.209460039557657,5.3476121765646205
9_LCA,9,LCA,205019,always_nonconsecutive,5,102.51801401464338,1.0,247.81993611284346,247.81993611284346
9_RCA,9,RCA,104729,always_consecutive,938,1.4025785264445467,0.015991471215351813,178.90488374970295,249.00956319528206
9_RCA,9,RCA,104729,rescued,40,59.7891764393026,0.825,1123.123694368142,1123.123694368142
9_RCA,9,RCA,104729,sacrificed,22,1.0161662198913224,0.0,0.18394248397347568,2.193537182053188
9_RCA,9,RCA,104729,always_nonconsecutive,8,71.37701132944912,1.0,266.1021775475504,266.1021775475504
9_RCA,9,RCA,130363,always_consecutive,938,1.493913696630617,0.015991471215351813,219.49400346433578,296.50979618122693
9_RCA,9,RCA,130363,rescued,40,64.14670101358777,0.825,1206.3709754935037,1206.3709754935037
9_RCA,9,RCA,130363,sacrificed,22,0.8965603930478765,0.0,-1.1769565409800586,1.0917879065555498
9_RCA,9,RCA,130363,always_nonconsecutive,8,78.08028909567888,0.875,291.4479087260129,291.4479087260129
9_RCA,9,RCA,155921,always_consecutive,938,1.5353039721728585,0.013859275053304905,237.88773772445893,283.0814393952793
9_RCA,9,RCA,155921,rescued,40,66.6668404397128,0.825,1254.51637357566,1254.51637357566
9_RCA,9,RCA,155921,sacrificed,22,1.0101783843374494,0.0,0.1158116931758536,1.961701860752179
9_RCA,9,RCA,155921,always_nonconsecutive,8,73.26862187500808,1.0,273.2545370430228,273.2545370430228
9_RCA,9,RCA,181081,always_consecutive,938,1.3236103263625483,0.01279317697228145,143.81161441821206,247.64246514816134
9_RCA,9,RCA,181081,rescued,40,66.61769873709113,0.775,1253.577557726573,1253.577557726573
9_RCA,9,RCA,181081,sacrificed,22,0.7128807365223712,0.0,-3.2669004180166645,0.02860857210880252
9_RCA,9,RCA,181081,always_nonconsecutive,8,76.28049468487683,0.875,284.6427147741076,284.6427147741076
9_RCA,9,RCA,205019,always_consecutive,938,1.3513576215357668,0.017057569296375266,156.14244254552187,264.1623268200234
9_RCA,9,RCA,205019,rescued,40,40.18766982829583,0.725,748.6514215193299,748.6514215193299
9_RCA,9,RCA,205019,sacrificed,22,0.7284099508735751,0.0,-3.0902059105115227,0.2680038627393896
9_RCA,9,RCA,205019,always_nonconsecutive,8,43.42476625628002,0.875,160.412078738245,160.412078738245
